PRAGMA foreign_keys=OFF;
BEGIN TRANSACTION;
CREATE TABLE IF NOT EXISTS "migrations" ("id" integer primary key autoincrement not null, "migration" varchar not null, "batch" integer not null);
INSERT INTO migrations VALUES(1,'0001_01_01_000000_create_users_table',1);
INSERT INTO migrations VALUES(2,'0001_01_01_000001_create_cache_table',1);
INSERT INTO migrations VALUES(3,'0001_01_01_000002_create_jobs_table',1);
INSERT INTO migrations VALUES(4,'2024_11_14_create_password_reset_requests_table',1);
INSERT INTO migrations VALUES(5,'2025_08_19_034942_create_teams_table',1);
INSERT INTO migrations VALUES(6,'2025_08_19_034945_create_profiles_table',1);
INSERT INTO migrations VALUES(7,'2025_08_19_034946_create_units_table',1);
INSERT INTO migrations VALUES(8,'2025_08_25_045942_create_permission_tables',1);
INSERT INTO migrations VALUES(9,'2025_08_25_110746_create_activity_log_table',1);
INSERT INTO migrations VALUES(10,'2025_08_25_110747_add_event_column_to_activity_log_table',1);
INSERT INTO migrations VALUES(11,'2025_08_25_110748_add_batch_uuid_column_to_activity_log_table',1);
INSERT INTO migrations VALUES(12,'2025_08_29_061614_create_team_functions_table',1);
INSERT INTO migrations VALUES(13,'2025_08_29_152930_create_media_table',1);
INSERT INTO migrations VALUES(14,'2025_08_29_160419_create_settings_table',1);
INSERT INTO migrations VALUES(15,'2025_08_29_160850_create_global_chapter_settings',1);
INSERT INTO migrations VALUES(16,'2025_08_29_161314_create_service_table',1);
INSERT INTO migrations VALUES(17,'2025_09_05_162229_create_team_report_table',1);
INSERT INTO migrations VALUES(18,'2025_09_05_164928_create_team_finance_table',1);
INSERT INTO migrations VALUES(19,'2025_09_05_164946_create_team_attendance_table',1);
INSERT INTO migrations VALUES(20,'2025_09_05_165542_create_minutes_table',1);
INSERT INTO migrations VALUES(21,'2025_09_05_170929_create_appointment_report_table',1);
INSERT INTO migrations VALUES(22,'2025_09_05_171405_create_finance_report_table',1);
INSERT INTO migrations VALUES(23,'2025_09_05_171717_create_attendance_report_table',1);
INSERT INTO migrations VALUES(24,'2025_09_06_193040_add_display_name_to_teams_table',1);
INSERT INTO migrations VALUES(25,'2025_09_10_011342_create_reports_table',1);
INSERT INTO migrations VALUES(26,'2025_09_13_070458_create_landing_page_settings_table',1);
INSERT INTO migrations VALUES(27,'2025_09_14_231459_create_appointment_teams_table',1);
INSERT INTO migrations VALUES(28,'2025_09_19_055653_create_appointment_table',1);
INSERT INTO migrations VALUES(29,'2025_09_20_094367_create_prayer_requests_table',1);
INSERT INTO migrations VALUES(30,'2025_09_20_111849_create_prayer_request_teams_table',1);
INSERT INTO migrations VALUES(31,'2025_09_22_150854_create_belivers_academies_table',1);
INSERT INTO migrations VALUES(32,'2025_09_22_150855_create_academy_clases_table',1);
INSERT INTO migrations VALUES(33,'2025_09_22_150856_create_student_classes_table',1);
INSERT INTO migrations VALUES(34,'2025_09_22_160939_create_believers_academy_teams_table',1);
INSERT INTO migrations VALUES(35,'2025_09_23_225224_add_to_student_class_table',1);
INSERT INTO migrations VALUES(36,'2025_09_23_230411_add_phone_to_student_classes_table',1);
INSERT INTO migrations VALUES(37,'2025_09_24_073123_add_academy_id_to_student_classes_table',1);
INSERT INTO migrations VALUES(38,'2025_09_24_124615_create_partnerships_table',1);
INSERT INTO migrations VALUES(39,'2025_09_24_203433_create_partnerships_settings_table',1);
INSERT INTO migrations VALUES(40,'2025_09_24_204047_create_events_table',1);
INSERT INTO migrations VALUES(41,'2025_09_24_204454_create_event_forms_table',1);
INSERT INTO migrations VALUES(42,'2025_09_24_204510_create_event_galleries_table',1);
INSERT INTO migrations VALUES(43,'2025_09_24_213206_create_event_teams_table',1);
INSERT INTO migrations VALUES(44,'2025_09_26_040157_create_accounts_table',1);
INSERT INTO migrations VALUES(45,'2025_09_26_041410_create_account_events_table',1);
INSERT INTO migrations VALUES(46,'2025_09_26_072900_create_notifications_table',1);
INSERT INTO migrations VALUES(47,'2025_10_13_080501_create_testimonies_table',1);
INSERT INTO migrations VALUES(48,'2025_10_30_231042_create_sermons_table',1);
INSERT INTO migrations VALUES(49,'2025_10_30_231102_create_sermon_series_table',1);
INSERT INTO migrations VALUES(50,'2025_10_30_231116_create_sermon_media_table',1);
INSERT INTO migrations VALUES(51,'2025_11_06_013654_add-chapter_id_to_accounts_table',1);
INSERT INTO migrations VALUES(52,'2025_11_06_222756_add_form_schema_to_events_table',1);
INSERT INTO migrations VALUES(53,'2025_11_14_065831_create_transports_table',1);
INSERT INTO migrations VALUES(54,'2025_11_15_000001_add_registration_columns_to_account_events',1);
INSERT INTO migrations VALUES(55,'2025_11_15_120000_add_event_id_to_event_teams_table',1);
INSERT INTO migrations VALUES(56,'2025_11_15_130000_create_about_us_table',1);
INSERT INTO migrations VALUES(57,'2025_11_15_140000_create_cell_groups_tables',1);
INSERT INTO migrations VALUES(58,'2025_12_06_create_mission_teams_table',2);
INSERT INTO migrations VALUES(59,'2025_12_06_create_transport_teams_table',2);
INSERT INTO migrations VALUES(60,'2025_12_06_000001_create_announcements_table',3);
INSERT INTO migrations VALUES(61,'2025_12_06_000002_add_announcements_and_services_to_landing_page_settings',3);
INSERT INTO migrations VALUES(62,'2025_12_06_225701_add_conclave_id_to_cell_groups_table',3);
INSERT INTO migrations VALUES(63,'2026_01_05_005827_add_chapter_id_to_sermons_table',4);
INSERT INTO migrations VALUES(64,'2026_01_05_104754_add_certificate_fields_to_student_classes_table',5);
INSERT INTO migrations VALUES(65,'2026_01_05_122110_create_service_times_table',6);
INSERT INTO migrations VALUES(66,'2026_01_05_122149_add_service_times_to_landing_page_settings',6);
INSERT INTO migrations VALUES(67,'2026_01_05_124313_add_location_fields_to_chapters_table',7);
INSERT INTO migrations VALUES(68,'2026_01_05_135657_create_about_pages_table',8);
INSERT INTO migrations VALUES(69,'2026_01_05_155722_create_event_registrations_table',9);
INSERT INTO migrations VALUES(70,'2026_01_05_222650_add_contact_fields_to_global_settings',10);
INSERT INTO migrations VALUES(71,'2026_01_06_080709_add_theme_preference_to_users_table',11);
INSERT INTO migrations VALUES(72,'2026_01_06_121906_add_student_performance_fields_to_student_classes_table',11);
INSERT INTO migrations VALUES(73,'2026_01_06_200249_update_landing_page_settings_replace_carousel_with_hero_media',12);
INSERT INTO migrations VALUES(74,'2026_01_06_200655_add_selected_chapter_id_to_landing_page_settings',13);
INSERT INTO migrations VALUES(75,'2026_01_06_201908_add_auth_images_to_landing_page_settings',14);
INSERT INTO migrations VALUES(76,'2026_01_06_202019_create_auth_page_settings_table',14);
INSERT INTO migrations VALUES(77,'2026_01_07_103218_create_pickup_locations_table',15);
INSERT INTO migrations VALUES(78,'2026_01_11_024215_rename_belivers_academies_table_to_believers_academies',16);
INSERT INTO migrations VALUES(79,'2026_01_11_034206_add_certificate_template_to_believers_academies_table',17);
INSERT INTO migrations VALUES(80,'2026_01_11_045320_make_interest_nullable_in_student_classes_table',18);
INSERT INTO migrations VALUES(81,'2026_01_11_050857_create_academy_batches_table',19);
INSERT INTO migrations VALUES(82,'2026_01_11_050952_add_batch_id_to_student_classes_table',19);
INSERT INTO migrations VALUES(83,'2026_01_11_051150_create_batch_classes_table',20);
INSERT INTO migrations VALUES(84,'2026_01_11_060328_add_status_to_academy_batches_table',21);
INSERT INTO migrations VALUES(85,'2026_02_10_075124_add_carousel_to_landing_page_settings_table',22);
INSERT INTO migrations VALUES(86,'2026_02_10_080741_update_landing_page_settings_table_add_services_and_testimonies',23);
INSERT INTO migrations VALUES(87,'2026_02_10_090604_add_hero_section_to_landing_page_settings_table',24);
INSERT INTO migrations VALUES(88,'2026_02_14_105540_ensure_transport_chapter_pickup_schema',25);
INSERT INTO migrations VALUES(89,'2026_02_14_120000_add_chapter_id_to_landing_page_settings_table',25);
INSERT INTO migrations VALUES(90,'2026_02_14_141500_create_partnership_categories_table',26);
INSERT INTO migrations VALUES(91,'2026_02_14_141600_create_partnership_intents_table',26);
INSERT INTO migrations VALUES(92,'2026_02_14_150000_add_account_id_to_partnership_categories_table',27);
INSERT INTO migrations VALUES(93,'2026_02_19_120000_create_attendance_events_table',28);
INSERT INTO migrations VALUES(94,'2026_02_19_120010_create_attendance_sessions_table',28);
INSERT INTO migrations VALUES(95,'2026_02_19_120020_create_attendance_checkins_table',28);
INSERT INTO migrations VALUES(96,'2026_02_19_120000_add_status_and_report_data_to_reports_table',29);
CREATE TABLE IF NOT EXISTS "chapters" ("id" integer primary key autoincrement not null, "name" varchar not null, "data" text, "created_at" datetime, "updated_at" datetime, "latitude" numeric, "longitude" numeric, "address" varchar, "phone" varchar, "email" varchar, "description" text);
INSERT INTO chapters VALUES(1,'Calabar Branch','"{\"location\":\"Calabar\",\"contact_email\":\"vallie30@example.org\",\"contact_phone\":\"(785) 803-4282\"}"','2026-01-04 23:33:33','2026-01-04 23:33:33',NULL,NULL,NULL,NULL,NULL,NULL);
INSERT INTO chapters VALUES(2,'Lagos','"{\"location\":\"Lagos\",\"contact_email\":\"reichert.kenny@example.org\",\"contact_phone\":\"1-641-757-5521\"}"','2026-01-04 23:33:35','2026-01-04 23:33:35',NULL,NULL,NULL,NULL,NULL,NULL);
INSERT INTO chapters VALUES(3,'DOXA CITY HEADQUARTERS','"{\"location\":\"HQ\",\"contact_email\":\"runolfsson.marquise@example.com\",\"contact_phone\":\"564.940.2665\"}"','2026-01-04 23:33:36','2026-01-04 23:33:36',NULL,NULL,NULL,NULL,NULL,NULL);
CREATE TABLE IF NOT EXISTS "users" ("id" integer primary key autoincrement not null, "name" varchar not null, "email" varchar not null, "email_verified_at" datetime, "chapter_id" integer, "password" varchar not null, "remember_token" varchar, "created_at" datetime, "updated_at" datetime, "theme_preference" varchar not null default 'dark');
INSERT INTO users VALUES(1,'Ilem','ilem@gmail.com',NULL,NULL,'$2y$12$Zwh3PDas9YEB50VnNrk2xedZBLGQWKu/yn2fNJ/ZgnfLl/iWt1o82','elKHLNBlzNMCq1kNuRBYwEvbuYqTvvwmsQjdsiLYnQFAFmiaa9YF9uoa5oYx','2025-11-24 03:02:51','2025-11-24 03:02:51','dark');
INSERT INTO users VALUES(425,'Prof. Arvilla Fritsch V','yazmin72@example.com',NULL,1,'$2y$12$jfOVUKoNDL.Nbcbd1QzCKumJq6/8BUeNWpnoQJCnPSiKKrroWuZI2',NULL,'2026-01-04 23:33:35','2026-01-04 23:33:35','dark');
INSERT INTO users VALUES(426,'Daren Thiel','fritsch.everett@example.net',NULL,2,'$2y$12$K.UepRlCRcdsuvLewOLSgePE4ztLLFU7Q12hzi6AT16m8.bFeZOjq',NULL,'2026-01-04 23:33:36','2026-01-04 23:33:36','dark');
INSERT INTO users VALUES(427,'Elmo Corwin','witting.vern@example.com',NULL,3,'$2y$12$Hi8eNIMkwRmH3.s/1.Orce3xQBX/Q5KsJir1EvqA5OKeHgjU70WxK',NULL,'2026-01-04 23:33:37','2026-01-04 23:33:37','dark');
INSERT INTO users VALUES(428,'Luisa Dooley','green12@example.com',NULL,1,'$2y$12$WRA4rnltTqf8JJqgyBZj4uwseVgw05TU10vw3k2bnje0n8W.Y1GvG',NULL,'2026-01-04 23:33:39','2026-01-04 23:33:39','dark');
INSERT INTO users VALUES(429,'Mr. Tomas Hammes','bailey91@example.com',NULL,1,'$2y$12$zD1mehwMLlMUPlRNmFVkX.JG2ex4cPi3KNDRX//9EGv1K7acUJPj6',NULL,'2026-01-04 23:33:40','2026-01-04 23:33:40','dark');
INSERT INTO users VALUES(430,'Wendy Kuvalis','kwilkinson@example.com',NULL,1,'$2y$12$zWvum0JpM97pIEX75b6pqeSO86VwFMPDdNzx16UqbaOW4oY3Nq552',NULL,'2026-01-04 23:33:42','2026-01-04 23:33:42','dark');
INSERT INTO users VALUES(431,'Raymond Erdman','hhills@example.org',NULL,1,'$2y$12$gKYfc65J9h/kU6V3hQ2o4e4F7PS38gT3uXCD/qq5oipR4U9ODarYm',NULL,'2026-01-04 23:33:43','2026-01-04 23:33:43','dark');
INSERT INTO users VALUES(432,'Lafayette Bergstrom','ydubuque@example.org',NULL,1,'$2y$12$dSqD4/ljyTJjYsoRxrbmeuFXwXh8y7627uEaNPflkb3.4X8qnAKMG',NULL,'2026-01-04 23:33:45','2026-01-04 23:33:45','dark');
INSERT INTO users VALUES(433,'Destiney McLaughlin','rosella.schroeder@example.net',NULL,1,'$2y$12$NoWISYimmswI9TsVtUbF4ub23/EOED70Hb/HKppk15OIay13J66N.',NULL,'2026-01-04 23:33:45','2026-01-04 23:33:45','dark');
INSERT INTO users VALUES(434,'Mrs. Carole Schmitt','gryan@example.org',NULL,1,'$2y$12$UQPxUHwGPRVdpcFk1yS9lOu3ormkfMFULO4TCqsZz2CncJ1A5KA7y',NULL,'2026-01-04 23:33:47','2026-01-04 23:33:47','dark');
INSERT INTO users VALUES(435,'Jane McGlynn','upton.mariah@example.net',NULL,1,'$2y$12$qZZNMExl5jKNGQKD7SV1uu5UvC.p1/E0ZUtLM0ZG2rqNQkCSQuNQq',NULL,'2026-01-04 23:33:49','2026-01-04 23:33:49','dark');
INSERT INTO users VALUES(436,'Kristopher Vandervort Sr.','tremblay.curt@example.com',NULL,1,'$2y$12$gNrFB79bpoyNMNLIxOVvYekixHF/OyivDpyAf4Yx2e9pOxMXufmsm',NULL,'2026-01-04 23:33:50','2026-01-04 23:33:50','dark');
INSERT INTO users VALUES(437,'Heath Kris','jgrant@example.org',NULL,1,'$2y$12$5yb874IOlyZPCQi.jswxZ.4S..TKM8k1DNqAmyPBD2CsJ1Jmsq/uW',NULL,'2026-01-04 23:33:51','2026-01-04 23:33:51','dark');
INSERT INTO users VALUES(438,'Prof. Vella Littel','deckow.marisol@example.net',NULL,1,'$2y$12$lU9HB6lNcL0W7LjIc6QFbOd9LknJk5jZdYwsGOOIswmGyv0i5Jlmy',NULL,'2026-01-04 23:33:52','2026-01-04 23:33:52','dark');
INSERT INTO users VALUES(439,'Carlos Russel','stella.crona@example.net',NULL,1,'$2y$12$7n.u6Ugg1jkFqrd6bQeXOucsoRqyw.1CjpIdBxlyKUzW345NFuwQW',NULL,'2026-01-04 23:33:53','2026-01-04 23:33:53','dark');
INSERT INTO users VALUES(440,'Prof. Orion Schaden','aschaden@example.net',NULL,1,'$2y$12$aLfq99zPmDMOkPOBsq9tZOXMQEej2bu6w3yMPnpthYWW26sZA62bu',NULL,'2026-01-04 23:33:54','2026-01-04 23:33:54','dark');
INSERT INTO users VALUES(441,'Prof. Sven Kreiger','ahirthe@example.com',NULL,1,'$2y$12$M58rT28J/ZSayEAwia7nIebWnQeHLoCr.hIVrtZp9eEFXfkqcMfoa',NULL,'2026-01-04 23:33:54','2026-01-04 23:33:54','dark');
INSERT INTO users VALUES(442,'Lawson Bahringer','kristian.cormier@example.com',NULL,1,'$2y$12$Ql2elnOF4mHqjuuPyMDJaOjUfIP6NFCxuJ7LaZXc6mGPIDsYjFnwq',NULL,'2026-01-04 23:33:56','2026-01-04 23:33:56','dark');
INSERT INTO users VALUES(443,'Prof. Johanna Bergnaum','dasia.witting@example.net',NULL,1,'$2y$12$360g//TpbJgYoVSD0QA/eOCisSOBz8ON3x8TFy2pknL.MrZjFKSZS',NULL,'2026-01-04 23:33:57','2026-01-04 23:33:57','dark');
INSERT INTO users VALUES(444,'Cierra Bins','bheidenreich@example.net',NULL,1,'$2y$12$MiMPa.Kr3hTi3A5B69ksZe9mZ7/NNlSjyXhaVbF9tQNce7KwyU8C6',NULL,'2026-01-04 23:33:59','2026-01-04 23:33:59','dark');
INSERT INTO users VALUES(445,'Ursula Kshlerin','jimmy41@example.org',NULL,1,'$2y$12$TZnt0NdQEI0jK.mF9WWcpO2aG/dQOFcHBtW33zPXGVR4Hp.gdv3Ay',NULL,'2026-01-04 23:34:01','2026-01-04 23:34:01','dark');
INSERT INTO users VALUES(446,'Raymond Miller','ljohns@example.org',NULL,1,'$2y$12$I0ZFEW3wGEm2Z4i42g.Uiufoy50QFTfM4.roQHUipbNFYOiH9VBX.',NULL,'2026-01-04 23:34:03','2026-01-04 23:34:03','dark');
INSERT INTO users VALUES(447,'Garland Cremin','amani37@example.net',NULL,1,'$2y$12$Lw85NhQ0tCoI8ysoE8jnYe.kZRc3qiDKPeoNLxCRyCCbfMcip3Jem',NULL,'2026-01-04 23:34:06','2026-01-04 23:34:06','dark');
INSERT INTO users VALUES(448,'Mrs. Paige Wuckert III','romaguera.aaliyah@example.com',NULL,1,'$2y$12$/xjPP4hw9EptjZJ3FeKxyuTpoGJ2hSvr928c9nybI5ukERJUGpO1a',NULL,'2026-01-04 23:34:09','2026-01-04 23:34:09','dark');
INSERT INTO users VALUES(449,'Edmund Hintz','tritchie@example.net',NULL,1,'$2y$12$gBvja.T4GaEas8qUf7sTS.lmZg3v/IWO3l8e462iTF0UQirUEyh6a',NULL,'2026-01-04 23:34:11','2026-01-04 23:34:11','dark');
INSERT INTO users VALUES(450,'Prof. Candida Toy','weber.lauriane@example.org',NULL,1,'$2y$12$UAwLl3muS2X5OafU0hSvgOFCDoKbFESUvMymjgS0/.rHok8q4TVFS',NULL,'2026-01-04 23:34:14','2026-01-04 23:34:14','dark');
INSERT INTO users VALUES(451,'Walter Dibbert','urunte@example.net',NULL,1,'$2y$12$GZfwFuRbHxFHx4MZNxgfo.GXzae4wDcBzsmpb4IXzNVUtDCkvt6Oe',NULL,'2026-01-04 23:34:16','2026-01-04 23:34:16','dark');
INSERT INTO users VALUES(452,'Prof. Darwin Bauch','jkoss@example.com',NULL,1,'$2y$12$f0DdYEDJ/0F2U7PqrY5aUuaIAS.sBT2BBNr3VtLHPNaRsHeaQrPje',NULL,'2026-01-04 23:34:18','2026-01-04 23:34:18','dark');
INSERT INTO users VALUES(453,'Cassie Halvorson','elton33@example.com',NULL,1,'$2y$12$VJWnrodrAiR4pGKzqdyl9uVZHg6zohKj7lxaZCWOHrenYoAq7f6sy',NULL,'2026-01-04 23:34:21','2026-01-04 23:34:21','dark');
INSERT INTO users VALUES(454,'Timmothy Waelchi','israel.oconner@example.com',NULL,1,'$2y$12$KnkfbWjEN86YzcbGKJ3gw.bAwXvjpRlc8SZRC2r.fHoagIn4.GplW',NULL,'2026-01-04 23:34:24','2026-01-04 23:34:24','dark');
INSERT INTO users VALUES(455,'Albert Runolfsson','dhermann@example.org',NULL,1,'$2y$12$pZosboWPW8ktQGRPFv75wuWGjA5qrSUQZankYih3xEPOcO9cs/E.2',NULL,'2026-01-04 23:34:26','2026-01-04 23:34:26','dark');
INSERT INTO users VALUES(456,'Dr. Evan Johns','howell.rubye@example.org',NULL,1,'$2y$12$xeyKXe4efwEKDd/HkUtfFOLaL4qxUsHIiYkOuIFshu5fbaiySK21W',NULL,'2026-01-04 23:34:29','2026-01-04 23:34:29','dark');
INSERT INTO users VALUES(457,'Dr. Nicklaus Watsica PhD','fannie.schmitt@example.net',NULL,1,'$2y$12$qBsRnR.pQEbo93x./g7w4eqzD.bOZsLCZAZi43Pr/sWnQaEQdXJvC',NULL,'2026-01-04 23:34:31','2026-01-04 23:34:31','dark');
INSERT INTO users VALUES(458,'Kendrick Flatley','norris60@example.org',NULL,2,'$2y$12$Tb0F8lfGZGZ.1R0YN13cpuVVVxfFGzEDykshuciiMJIkN02u/0ABO',NULL,'2026-01-04 23:34:34','2026-01-04 23:34:34','dark');
INSERT INTO users VALUES(459,'Ezra Friesen','retta.schaefer@example.net',NULL,2,'$2y$12$tCunSjg97xF.drxSRUoXa.7oWNM.sYUpznjJJ6LGvfHhpMb4PcvRu',NULL,'2026-01-04 23:34:37','2026-01-04 23:34:37','dark');
INSERT INTO users VALUES(460,'Hester Ferry','dmcdermott@example.net',NULL,2,'$2y$12$WW5hN87SALx.R9UfFg8oROcCHjtNppMc9HelOn4W57v9woo.7iu/q',NULL,'2026-01-04 23:34:39','2026-01-04 23:34:39','dark');
INSERT INTO users VALUES(461,'Nikki Kshlerin','carson.gutkowski@example.net',NULL,2,'$2y$12$ESOKdzNpEntcBF79nmkirO2VvZHTfRu8lTCvPpPbNux7kVUNK2ObO',NULL,'2026-01-04 23:34:41','2026-01-04 23:34:41','dark');
INSERT INTO users VALUES(462,'Wilton Bauch','malika50@example.com',NULL,2,'$2y$12$7SvCqEMZKCWBzrOt9zk2re/EO2ya8XohqFgvIcRfvTF5hEmCXHYWG',NULL,'2026-01-04 23:34:43','2026-01-04 23:34:43','dark');
INSERT INTO users VALUES(463,'Will D''Amore','jkirlin@example.net',NULL,2,'$2y$12$rnnJzN3BZFLXUsWACUAiBupaMGcM.aP/LA1A.BVOybgJ5VTS7VeFW',NULL,'2026-01-04 23:34:45','2026-01-04 23:34:45','dark');
INSERT INTO users VALUES(464,'Evan Schamberger','alvera.balistreri@example.net',NULL,2,'$2y$12$WAhq.xpqekP2wT8EbG7Xj.rb0Vo0zE/xkuvY0sZXYPJJSmb9rC4Hi',NULL,'2026-01-04 23:34:49','2026-01-04 23:34:49','dark');
INSERT INTO users VALUES(465,'Annetta Prohaska','willms.evangeline@example.org',NULL,2,'$2y$12$XA2bi.oRX5i07cKSO8J1vusWv5wAPT.2LYSCOsjPbtrg9uTtc7NVO',NULL,'2026-01-04 23:34:54','2026-01-04 23:34:54','dark');
INSERT INTO users VALUES(466,'Jenifer McLaughlin','corkery.nat@example.com',NULL,2,'$2y$12$5yVPir7yG5NPyiXA8SSlH.pEek/yTJHjMDpOcFywyaz8v10UpzBbS',NULL,'2026-01-04 23:34:58','2026-01-04 23:34:58','dark');
INSERT INTO users VALUES(467,'Bianka Kertzmann V','anais.bergnaum@example.net',NULL,2,'$2y$12$gqI1uoCVz9TIDEr/AGti4OOz4r/8ClpBzGWilMf4sN2ZPREAa0TOG',NULL,'2026-01-04 23:35:02','2026-01-04 23:35:02','dark');
INSERT INTO users VALUES(468,'Herbert Torphy','andy.shields@example.org',NULL,2,'$2y$12$JUaI7SCUqw07xvnNEU.HKe5odCmlca3uIrrEnvI5CoJq3A6fITZHe',NULL,'2026-01-04 23:35:08','2026-01-04 23:35:08','dark');
INSERT INTO users VALUES(469,'Luis Brown','abel.gutmann@example.org',NULL,2,'$2y$12$b9eTg6rqobFf.ItxYZ0xkOzRBPBkA92y6cLZcOp3hRnGpbRYS1AV2',NULL,'2026-01-04 23:35:10','2026-01-04 23:35:10','dark');
INSERT INTO users VALUES(470,'Mrs. Wilma Ryan','trever.bradtke@example.org',NULL,2,'$2y$12$aWQTRcwco3qb5vpDOjEcK.znSkmQWA5m.WujioIBspEhqueZSKVBu',NULL,'2026-01-04 23:35:13','2026-01-04 23:35:13','dark');
INSERT INTO users VALUES(471,'Prof. Nicholas Hessel Jr.','smitham.elza@example.org',NULL,2,'$2y$12$TL6OBXjO4Z9emPP7zRrQIevWI9IW8yiZlh.Pr0WAm1VSPwu/SI0ry',NULL,'2026-01-04 23:35:15','2026-01-04 23:35:15','dark');
INSERT INTO users VALUES(472,'Dr. Felicity Stoltenberg DDS','rhiannon60@example.com',NULL,2,'$2y$12$H3QqM1GHQyz9BBv7gyOYlOc1kYLtSNHC2xn5sKKcrSWf13tkEBQbO',NULL,'2026-01-04 23:35:18','2026-01-04 23:35:18','dark');
INSERT INTO users VALUES(473,'Cleora Rodriguez DVM','mary06@example.org',NULL,2,'$2y$12$bVzBfBvek0acEbsdO7WgDOiTVVhMD5Id7aJOQEZh3iq.PHIolTPeu',NULL,'2026-01-04 23:35:21','2026-01-04 23:35:21','dark');
INSERT INTO users VALUES(474,'Amaya Yost','bartell.isabella@example.org',NULL,2,'$2y$12$723f7IAvdA/CeFN8C7ksC.osHPTV8eSphQLMA3fsyqqB0PG6Zr/oK',NULL,'2026-01-04 23:35:23','2026-01-04 23:35:23','dark');
INSERT INTO users VALUES(475,'Jeromy Fisher','hammes.ted@example.org',NULL,2,'$2y$12$3QtWFeA6E6GIjvkCz9I.kOtoAJaP9WEn2q5ngWFQj4Cnekyz2GvxK',NULL,'2026-01-04 23:35:25','2026-01-04 23:35:25','dark');
INSERT INTO users VALUES(476,'Casandra Keebler','kailey.ruecker@example.org',NULL,2,'$2y$12$rCVpTDt7MskwUYW4th8JqenqHdhrYWvD0DyXE/WI3iiGT9rZ1SEmq',NULL,'2026-01-04 23:35:28','2026-01-04 23:35:28','dark');
INSERT INTO users VALUES(477,'Jaunita Pollich','roman71@example.net',NULL,2,'$2y$12$h3iAjogJlWU1Ckl6POY0b.x1jmp.7huiW6F3WXP0Kfpm/9NG6qFpW',NULL,'2026-01-04 23:35:31','2026-01-04 23:35:31','dark');
INSERT INTO users VALUES(478,'Otha Heaney','merle.flatley@example.org',NULL,2,'$2y$12$RHjokqvZ9jV7k5uVNN0iyuG/Ux3RHtNL8Ek4MBmvC/akxf3PqYcu6',NULL,'2026-01-04 23:35:33','2026-01-04 23:35:33','dark');
INSERT INTO users VALUES(479,'Dr. Dino Muller','weimann.willow@example.com',NULL,2,'$2y$12$Z9wLgiidgdAXAJuS4ZXPnuKggaBF3E8kOQAAm.Alad2IMbBG4hwKi',NULL,'2026-01-04 23:35:35','2026-01-04 23:35:35','dark');
INSERT INTO users VALUES(480,'Maxwell Stoltenberg I','gabriel69@example.com',NULL,2,'$2y$12$1rire.r8QZ0EYcT6AVQp9uemTYDWtatbbAsYf6gHmct.4E8I6rDRm',NULL,'2026-01-04 23:35:37','2026-01-04 23:35:37','dark');
INSERT INTO users VALUES(481,'Mrs. Eulah Ullrich Sr.','chloe00@example.org',NULL,2,'$2y$12$iK.zF724Dx/yh7zaR7yTfuM8LOugHOwmIITnzXu3792yfU0GxLLU2',NULL,'2026-01-04 23:35:40','2026-01-04 23:35:40','dark');
INSERT INTO users VALUES(482,'Jaylan Wiegand','abigale.ebert@example.com',NULL,2,'$2y$12$y/VEaakl137FotgQBwRmbO6/E/AXIm17/ipgA8J0w9L3KldvYgWYu',NULL,'2026-01-04 23:35:42','2026-01-04 23:35:42','dark');
INSERT INTO users VALUES(483,'Fred Cormier','berta.west@example.net',NULL,2,'$2y$12$zOGrqzvZ3lLqgL1ce/sSUu95HlDux6Q.fJlYW6FpQk37Beca7E2AC',NULL,'2026-01-04 23:35:45','2026-01-04 23:35:45','dark');
INSERT INTO users VALUES(484,'Felipa Emmerich','kim.blick@example.net',NULL,2,'$2y$12$ni5DYUjfmOMOSAG5Ubqbtevp2wkqbvnLXwy1yWSlmfYrzinLAgXMK',NULL,'2026-01-04 23:35:46','2026-01-04 23:35:46','dark');
INSERT INTO users VALUES(485,'Dr. Thomas Konopelski DDS','adickinson@example.com',NULL,2,'$2y$12$/EZPHCwAHKnlbW.mvlRvbe8K1R9K6kVaUhPmQRE.rHUio9cYkzO1u',NULL,'2026-01-04 23:35:48','2026-01-04 23:35:48','dark');
INSERT INTO users VALUES(486,'Brody Toy','shaun30@example.org',NULL,2,'$2y$12$T5HzZjZMa2QgLmksLCxJeuXDe1V4utj7cIqR8jE/Tw4pFY3nEB4YS',NULL,'2026-01-04 23:35:51','2026-01-04 23:35:51','dark');
INSERT INTO users VALUES(487,'Valentine Hudson','bernier.lina@example.com',NULL,2,'$2y$12$F/CpMYpvkCCx4Erd4RAtXOrdSZGww/uDrsHu6l6jGCTV7GLdJvaKG',NULL,'2026-01-04 23:35:53','2026-01-04 23:35:53','dark');
INSERT INTO users VALUES(488,'Miss Sydni Treutel','yundt.jaime@example.org',NULL,3,'$2y$12$ZUPxYu9YVnmOm9cBqf1FtOj702oaA4lvXjX9bn5NqP34j62atFcU2',NULL,'2026-01-04 23:35:55','2026-01-04 23:35:55','dark');
INSERT INTO users VALUES(489,'Bill Schaden','everardo.gottlieb@example.com',NULL,3,'$2y$12$FrDYwDveTTTQ4uHU40Ih8Ot./GdmNST9Z4ippId.o4.9cM1pMhJT.',NULL,'2026-01-04 23:35:57','2026-01-04 23:35:57','dark');
INSERT INTO users VALUES(490,'Eliezer Langosh DVM','akoss@example.net',NULL,3,'$2y$12$a4ElbhjcjHKmwZj92CJx9.CSNqRjYe7xWXbd4MDRwOlIYajPF0yJ6',NULL,'2026-01-04 23:36:00','2026-01-04 23:36:00','dark');
INSERT INTO users VALUES(491,'Sheila Prohaska','wstiedemann@example.com',NULL,3,'$2y$12$YAFWEAcSZYIo3ZblVipAk.6wxr9kqdfz3pC/giDplhpOzgoOhXajK',NULL,'2026-01-04 23:36:03','2026-01-04 23:36:03','dark');
INSERT INTO users VALUES(492,'Dr. Nick Cronin DVM','kgaylord@example.org',NULL,3,'$2y$12$O8NOyu/DPj79Lz1KXAOKkehA4R.J2fcVJj2ifZKPmtJr2NPXHZPIK',NULL,'2026-01-04 23:36:08','2026-01-04 23:36:08','dark');
INSERT INTO users VALUES(493,'Nayeli Hudson I','spencer.una@example.net',NULL,3,'$2y$12$jQ1rfaf9yIiKR8D7rG3xhOjyo.MC32VkcU4i4vBTgnrSsXQjhwv2.',NULL,'2026-01-04 23:36:12','2026-01-04 23:36:12','dark');
INSERT INTO users VALUES(494,'Mr. Willy Schmidt','delfina.koepp@example.org',NULL,3,'$2y$12$6AFi2RHmw.1EvtrQ12bL3eJuMRjuRePKY.kcK4hmwU8Gzp4Qfpu9K',NULL,'2026-01-04 23:36:16','2026-01-04 23:36:16','dark');
INSERT INTO users VALUES(495,'Ms. Demetris Pfannerstill','tromp.zita@example.net',NULL,3,'$2y$12$AsQTzggWVaI30CJxIHFG8ufo9LlT0RZ9Ziz6ArmrtD0AkR2u5fFtS',NULL,'2026-01-04 23:36:19','2026-01-04 23:36:19','dark');
INSERT INTO users VALUES(496,'Prof. Stephanie Kessler V','halvorson.hattie@example.net',NULL,3,'$2y$12$JN6E1Y96/Qgo0Hg9ptM84uPOBJqFH74n1VATrz03hPp.FUkXDph16',NULL,'2026-01-04 23:36:21','2026-01-04 23:36:21','dark');
INSERT INTO users VALUES(497,'Eugenia Stoltenberg','littel.lauryn@example.net',NULL,3,'$2y$12$yWGiWf.3OcCgt.1zTBKkDuVILEXqzzadyASqTdInJFLzV4BIUS28S',NULL,'2026-01-04 23:36:24','2026-01-04 23:36:24','dark');
INSERT INTO users VALUES(498,'Ora Wilkinson','joanie.cronin@example.net',NULL,3,'$2y$12$xNE3bFa0Sefmc1NJMdaG2.2IaPRM1AeTDW6A/L/6VFwryLhZoAniS',NULL,'2026-01-04 23:36:26','2026-01-04 23:36:26','dark');
INSERT INTO users VALUES(499,'Prof. Zetta Parker','humberto.emmerich@example.com',NULL,3,'$2y$12$zOk9vH1my2yM9Z3j4hnmnuNhAFKuSHlp5oBdMah8FqcxOddKNaAZS',NULL,'2026-01-04 23:36:28','2026-01-04 23:36:28','dark');
INSERT INTO users VALUES(500,'Ruth Lynch II','quitzon.amani@example.org',NULL,3,'$2y$12$BrWG6g2Q/tMlZ8Pt37aa8OUqAqb1ysrMU/mBiZWWzMb5Ff0olHAau',NULL,'2026-01-04 23:36:30','2026-01-04 23:36:30','dark');
INSERT INTO users VALUES(501,'Prof. Macie Hagenes PhD','lily.spencer@example.net',NULL,3,'$2y$12$1Kypde0yx428EEsAf2KwKuUzSb0RKSR77wHCznmK4Qp8poxHk0SKa',NULL,'2026-01-04 23:36:32','2026-01-04 23:36:32','dark');
INSERT INTO users VALUES(502,'Dr. Agustina Schroeder II','reilly.savanna@example.org',NULL,3,'$2y$12$MY0KYGgzfa7RFKyve2/w3O.6zXj/0AqaLjrf97oTe8ZeFhASgfIaq',NULL,'2026-01-04 23:36:34','2026-01-04 23:36:34','dark');
INSERT INTO users VALUES(503,'Dr. Kallie Crooks','znienow@example.com',NULL,3,'$2y$12$AiPOpQaEU6m2zo1k3zU2Ve2TjppLzVZfDLFOjd2fS2h2GCUg8K4kC',NULL,'2026-01-04 23:36:37','2026-01-04 23:36:37','dark');
INSERT INTO users VALUES(504,'Myah Hirthe','howe.elza@example.org',NULL,3,'$2y$12$hqmsktQt15AOuSeUi.DVFe2g4kGegFyTiZVZZ0rRDW01ziEUB26ie',NULL,'2026-01-04 23:36:40','2026-01-04 23:36:40','dark');
INSERT INTO users VALUES(505,'Richie Goyette','francesca24@example.com',NULL,3,'$2y$12$HKOPlZ6Cvbjk8eJ1Vg.DiuVLISHCGafowFj3C9yzGwXWmm8VY0w9y',NULL,'2026-01-04 23:36:42','2026-01-04 23:36:42','dark');
INSERT INTO users VALUES(506,'Delta Kris','delphine52@example.com',NULL,3,'$2y$12$gJZmOnUrpEHJ3uVwPVhgbe26AGV6F61KLt7n/mAXT3jMlcYNtSpLW',NULL,'2026-01-04 23:36:45','2026-01-04 23:36:45','dark');
INSERT INTO users VALUES(507,'Guido Cormier','rvandervort@example.net',NULL,3,'$2y$12$zMnfOcgxnrisWc04x.HWseiZ.Dg69duWWSfy98dOPidwmggmHX6Jm',NULL,'2026-01-04 23:36:50','2026-01-04 23:36:50','dark');
INSERT INTO users VALUES(508,'Elody Bahringer','yhagenes@example.com',NULL,3,'$2y$12$.LpVHKr0DCvgcBnvUAGE.O4Cw6MaBMucxTYLmOrymqh8A6iP6jz8e',NULL,'2026-01-04 23:36:55','2026-01-04 23:36:55','dark');
INSERT INTO users VALUES(509,'Dr. Ethel Beier II','gabriella.gusikowski@example.net',NULL,3,'$2y$12$dGVXKIdcKaFN/tUphxn6ke57pXdIIQfZjCG9NMJ/mH5DLz.uwWymy',NULL,'2026-01-04 23:36:59','2026-01-04 23:36:59','dark');
INSERT INTO users VALUES(510,'Mac Raynor I','raphaelle66@example.org',NULL,3,'$2y$12$/VnVlv8.Ssh2zV0.aW.x1.rJ0lBeS6Gt5lVinae.bcD/fQPibXGB.',NULL,'2026-01-04 23:37:01','2026-01-04 23:37:01','dark');
INSERT INTO users VALUES(511,'Ms. Violet Upton DDS','justus82@example.org',NULL,3,'$2y$12$FmF0QSeRiiSDwlPD7V81u.lFPTaGZbkIvjLjtWpq72.TSrqDPnGrS',NULL,'2026-01-04 23:37:04','2026-01-04 23:37:04','dark');
INSERT INTO users VALUES(512,'Miss Marta Stracke','dmarquardt@example.org',NULL,3,'$2y$12$66H/2fXlpQbuGh6cL5wRh.E8fbrx11FWr4pDg1dFcmLHfz164/ffW',NULL,'2026-01-04 23:37:06','2026-01-04 23:37:06','dark');
INSERT INTO users VALUES(513,'Miss Jackeline Hickle','jaylan.jones@example.com',NULL,3,'$2y$12$HGxcZdAMIYJRd3CDQ1Qdae9TX1v.WFY841MLoCiA.qtUmVUjAUMoi',NULL,'2026-01-04 23:37:08','2026-01-04 23:37:08','dark');
INSERT INTO users VALUES(514,'Fleta Bernier','domenico.metz@example.net',NULL,3,'$2y$12$asaHGs8nFCDG3qErenOCGeEzqCoiEZuTwcHXHa9o0x9i64ZrkitEG',NULL,'2026-01-04 23:37:10','2026-01-04 23:37:10','dark');
INSERT INTO users VALUES(515,'Miss Eloisa Okuneva PhD','jacinto.mcglynn@example.net',NULL,3,'$2y$12$gjQXbv5jk8jkrv1FEdNB0uoiRNLYxD3IsrzjA8.15TxcjNPoz19ne',NULL,'2026-01-04 23:37:12','2026-01-04 23:37:12','dark');
INSERT INTO users VALUES(516,'Ms. Jannie Leffler IV','meaghan.dietrich@example.net',NULL,3,'$2y$12$BCdzAiTl.menJZk5Kb0fdONDP4oCCpIdV.f41Gsqmqea.RZxS0.SS',NULL,'2026-01-04 23:37:14','2026-01-04 23:37:14','dark');
INSERT INTO users VALUES(517,'Donna Nikolaus','tyree.bauch@example.org',NULL,3,'$2y$12$53t6xNBLpS95T1gCxqyoCuq.hGcahTKEgednvnYbsc8lVkwCFf9j2',NULL,'2026-01-04 23:37:16','2026-01-04 23:37:16','dark');
INSERT INTO users VALUES(518,'Bell Yundt','oceane.herzog@example.net',NULL,1,'$2y$12$9GYdGxbidbh1mtI/GxZHQO/Pb8lFNw5bvgxmzUAd0/HvuuMIFPFxq',NULL,'2026-01-04 23:37:18','2026-01-04 23:37:18','dark');
INSERT INTO users VALUES(519,'Mr. Matt O''Reilly','ekihn@example.net',NULL,1,'$2y$12$kmvLt1M.cZ8hjggbKWPt9.8zMIZ9mofvcn0I1QMarFv4lbMEx89/6',NULL,'2026-01-04 23:37:20','2026-01-04 23:37:20','dark');
INSERT INTO users VALUES(520,'Julia Borer','ottilie67@example.org',NULL,1,'$2y$12$j5TYjWdY4jn1NbuKU5/jWuOMkoMEUIBBidjhRVQB/JaeEQzdSi/se',NULL,'2026-01-04 23:37:22','2026-01-04 23:37:22','dark');
INSERT INTO users VALUES(521,'Dr. Hilario Cummerata','jamir.erdman@example.org',NULL,1,'$2y$12$XtqmJ8Qd/pTyKunMuOe.Suvmf6LYYy5/fYAmh.kspk7y2AWAIfY0m',NULL,'2026-01-04 23:37:24','2026-01-04 23:37:24','dark');
INSERT INTO users VALUES(522,'Anya Cassin','enienow@example.com',NULL,1,'$2y$12$9tOIPd0aVw.mkDTOyWxIy.d3FKC3RYiCma4//CDXcCO3C/Ixbre8e',NULL,'2026-01-04 23:37:26','2026-01-04 23:37:26','dark');
INSERT INTO users VALUES(523,'Alyson Hansen','grohan@example.com',NULL,1,'$2y$12$fKoKwjVmmzWBjk662GUbmeyLJMnTQWJzOZWNx7sAeiwQnwwUvHOKm',NULL,'2026-01-04 23:37:28','2026-01-04 23:37:28','dark');
INSERT INTO users VALUES(524,'Akeem Kessler','salvador75@example.net',NULL,1,'$2y$12$Rgk1PWmvToXEDlTY2IpeM.TBnMffB4bAIIVCa0DYGDRkFp3EZA30S',NULL,'2026-01-04 23:37:30','2026-01-04 23:37:30','dark');
INSERT INTO users VALUES(525,'Bethel Wolff','kayley.von@example.org',NULL,1,'$2y$12$oqERYLsTVEPmiTm7Uo6aKumnLy8PBnkTekqaQkk4mWoUdedcFr/ne',NULL,'2026-01-04 23:37:32','2026-01-04 23:37:32','dark');
INSERT INTO users VALUES(526,'Prof. Kaycee Schuster I','conroy.kellen@example.com',NULL,1,'$2y$12$ZtMASLPGiycD68ZXNRWy4uheo3GzTFiuCnSA4Dvyhlt4rjnAmEAw.',NULL,'2026-01-04 23:37:35','2026-01-04 23:37:35','dark');
INSERT INTO users VALUES(527,'Prof. Hector Funk','armando.mante@example.net',NULL,1,'$2y$12$c5VUVpLtPKSqSztzdtRfa.m/.l00SDcBDvanrPMODu2EGKdjNMeWG',NULL,'2026-01-04 23:37:37','2026-01-04 23:37:37','dark');
INSERT INTO users VALUES(528,'Andy Barton','mustafa86@example.com',NULL,1,'$2y$12$cT3AQJXoCHYUTbMSkjFmm.09OEsB0Q9mua8wq/OV8llzk4ZpNXZoa',NULL,'2026-01-04 23:37:39','2026-01-04 23:37:39','dark');
INSERT INTO users VALUES(529,'Nina Russel','april07@example.net',NULL,1,'$2y$12$wHl2mE8iXIIGBnvbhdRQOe2aE1UPDEZ2GvWXaMSwc3/yiG0zuVkfO',NULL,'2026-01-04 23:37:41','2026-01-04 23:37:41','dark');
INSERT INTO users VALUES(530,'Hailie Jacobson Sr.','obruen@example.net',NULL,1,'$2y$12$EIDUW3KpqJfHhVLfWl6XJO2LJ.3U5GTWHEFMOhA.fhSj2gLzdgCKS',NULL,'2026-01-04 23:37:43','2026-01-04 23:37:43','dark');
INSERT INTO users VALUES(531,'Dr. Chyna Rosenbaum','daisha.lang@example.net',NULL,1,'$2y$12$kUHzE1GEAalDlqqxCfoldu75Bu6WSCCEAqldXq9eIzgE/o4DUk/DK',NULL,'2026-01-04 23:37:44','2026-01-04 23:37:44','dark');
INSERT INTO users VALUES(532,'Ricky Reynolds','whand@example.org',NULL,1,'$2y$12$0nhRJG.KF6YznvMfte2F4u8KejvZ6CgcB/BZDluBYxmrQLG7P/MXq',NULL,'2026-01-04 23:37:46','2026-01-04 23:37:46','dark');
INSERT INTO users VALUES(533,'Alena Rowe','raquel57@example.org',NULL,1,'$2y$12$eJc4lhtFvhQCRk/f1.BFcuetU0HyZl/zOcBLz2GBO53uWhGL5zevG',NULL,'2026-01-04 23:37:48','2026-01-04 23:37:48','dark');
INSERT INTO users VALUES(534,'Rosario Mills','kiehn.johnathan@example.org',NULL,1,'$2y$12$AzeZJz6.DM.1WM6ooAfL8.jKhX43aGvUIkkrkogiar/lc89.hMYc.',NULL,'2026-01-04 23:37:51','2026-01-04 23:37:51','dark');
INSERT INTO users VALUES(535,'Mavis Mertz','joanie11@example.net',NULL,1,'$2y$12$hkNhaWQqBuJ/AvglcYZKzOaty1VhhR1/lh50hOSVls1AmfIBG6jKC',NULL,'2026-01-04 23:37:52','2026-01-04 23:37:52','dark');
INSERT INTO users VALUES(536,'Caterina Schumm','sheidenreich@example.org',NULL,1,'$2y$12$q1YtipeOnWpMdkDX.Kk2k.fUJL2tOgi5WIyE7uPq/2.TPrtr8CpT.',NULL,'2026-01-04 23:37:54','2026-01-04 23:37:54','dark');
INSERT INTO users VALUES(537,'Emerald Littel DDS','waldo.cummings@example.net',NULL,1,'$2y$12$PdBYHhEQJXcZb8K8tHBWru3GRWkJqWSONPAmjDoZZrNTApYxYoqOm',NULL,'2026-01-04 23:37:57','2026-01-04 23:37:57','dark');
INSERT INTO users VALUES(538,'Miss Annetta Abernathy','mrath@example.net',NULL,1,'$2y$12$cFeIvtawxwfnZZKm.KPPbu6dAy1yryQiGAiJyvwJV6HVd5mUtRuJS',NULL,'2026-01-04 23:37:59','2026-01-04 23:37:59','dark');
INSERT INTO users VALUES(539,'Hal Schroeder','hammes.cullen@example.net',NULL,1,'$2y$12$8j86krPK.bsrRAml4VtwEO.zeAe4lU52I9oQeXPZDWiz7WHb.DDuK',NULL,'2026-01-04 23:38:02','2026-01-04 23:38:02','dark');
INSERT INTO users VALUES(540,'Alysson Upton','gonzalo.kertzmann@example.com',NULL,1,'$2y$12$4bTxbzCotvNssupTbnmBweBndtxBvYxComXGFpN5sDX.bCUvgB4pG',NULL,'2026-01-04 23:38:03','2026-01-04 23:38:03','dark');
INSERT INTO users VALUES(541,'Shaniya Schinner II','alexis.miller@example.org',NULL,1,'$2y$12$vCFgKMgUqKIc4K14PC2UhuIOPmpNvUmje2wmwK8eOm6G2mPF4SreW',NULL,'2026-01-04 23:38:05','2026-01-04 23:38:05','dark');
INSERT INTO users VALUES(542,'Hobart Pfannerstill','joan.witting@example.org',NULL,1,'$2y$12$SRxYfpN2EF5DUhhl2UWAn.JN.wJEYinSKcKA/M/jF1BokO5mCaG5q',NULL,'2026-01-04 23:38:07','2026-01-04 23:38:07','dark');
INSERT INTO users VALUES(543,'Ms. Rahsaan Osinski','sarina.hermann@example.com',NULL,1,'$2y$12$8RN1pP4.95pwBg1LL1XoHuNmOxE1caRgI1ooKJTRFLMyHbvpNX9sC',NULL,'2026-01-04 23:38:09','2026-01-04 23:38:09','dark');
INSERT INTO users VALUES(544,'Amara Crona','elta.prohaska@example.com',NULL,1,'$2y$12$VgBEOD/Mn7bqvJ2zghEll.SD0CvcxcaCbua5ibPkJnCmcyLLNblfu',NULL,'2026-01-04 23:38:12','2026-01-04 23:38:12','dark');
INSERT INTO users VALUES(545,'Jamil Bosco','fahey.lawrence@example.com',NULL,1,'$2y$12$dprVWQPT.DAZMtVCdUWaQuSoMyRH0DGgFcmI5uQEOtPagaY/KjeAm',NULL,'2026-01-04 23:38:13','2026-01-04 23:38:13','dark');
INSERT INTO users VALUES(546,'Stanton Casper','wisozk.bailey@example.org',NULL,1,'$2y$12$jgTwWAji.nQOijlAgjVn1OdyKDHV9B6NxCBo7i9EUeaelfl39WGEW',NULL,'2026-01-04 23:38:17','2026-01-04 23:38:17','dark');
INSERT INTO users VALUES(547,'Maryse Schowalter','mack.langosh@example.com',NULL,1,'$2y$12$gbh6GasnaEBkpC/kiyKwHejLdkN6oWdo1vf8lqdzUbklHLGPIntDW',NULL,'2026-01-04 23:38:21','2026-01-04 23:38:21','dark');
INSERT INTO users VALUES(548,'Orrin Williamson','hudson.mitchell@example.net',NULL,1,'$2y$12$4eMEmOsCAQDO2gyHav985u4ZR327FlB3NPnY/c2HumifH2Tc6YtGO',NULL,'2026-01-04 23:38:24','2026-01-04 23:38:24','dark');
INSERT INTO users VALUES(549,'Stanford Brown','ipfeffer@example.net',NULL,1,'$2y$12$DmnCz.qvmVl.WfVd4wSkOeVXyf3qdj3MJwYX38kpvoAd7/kjtU/v.',NULL,'2026-01-04 23:38:29','2026-01-04 23:38:29','dark');
INSERT INTO users VALUES(550,'Eula Ebert IV','ledner.elijah@example.com',NULL,1,'$2y$12$x.rlPy8Swc7YQ6AJeM98wOYIbvhYupiEfbIdng4FV5mS4lBVHxK3S',NULL,'2026-01-04 23:38:33','2026-01-04 23:38:33','dark');
INSERT INTO users VALUES(551,'Dr. Parker Jacobi','ysimonis@example.net',NULL,1,'$2y$12$uCGuRywmClSpHqiwYXsE4u3.ayScVdW1iq35yZjYg9HaSJ7e5TJ7e',NULL,'2026-01-04 23:38:38','2026-01-04 23:38:38','dark');
INSERT INTO users VALUES(552,'Maverick Yost V','reilly.rylan@example.net',NULL,1,'$2y$12$adnPt9Mwd78v37ahcbNAMetBx0ruHx.Oha1czwM2XsPG/aslbifyS',NULL,'2026-01-04 23:38:43','2026-01-04 23:38:43','dark');
INSERT INTO users VALUES(553,'Lamont Dickinson','wrohan@example.net',NULL,1,'$2y$12$IYWR27mjM8sg/p9XcLiw0elrEgLpClETxT6mjgpJBSBpJhLlLa9QO',NULL,'2026-01-04 23:38:46','2026-01-04 23:38:46','dark');
INSERT INTO users VALUES(554,'Eleazar Gusikowski','jakubowski.sierra@example.org',NULL,1,'$2y$12$7S1PifmEcp7WwIJLlHwl6O2fEJTtqyRSYclySTnbklYKqVxzyy0QK',NULL,'2026-01-04 23:38:49','2026-01-04 23:38:49','dark');
INSERT INTO users VALUES(555,'Lina Hegmann','turcotte.raleigh@example.com',NULL,1,'$2y$12$5ppY9Huiw.pC3pWTNVGQPe7wkhm7Z1maCuGwUQHFxy9WTtZxbA/cW',NULL,'2026-01-04 23:38:53','2026-01-04 23:38:53','dark');
INSERT INTO users VALUES(556,'Mr. Myrl O''Keefe DDS','eryan@example.org',NULL,1,'$2y$12$yb0RjwRSjMU.kRp78d4OY.mYKFF0YpgK8nuoVqN76otQnGWSxayQW',NULL,'2026-01-04 23:38:58','2026-01-04 23:38:58','dark');
INSERT INTO users VALUES(557,'Clarabelle Cormier','annabell.aufderhar@example.com',NULL,1,'$2y$12$THkay46FY5orK9WLQ99/Nu.Nq5FpJKn3w47aMl6kJo9egso12ZSZq',NULL,'2026-01-04 23:38:59','2026-01-04 23:38:59','dark');
INSERT INTO users VALUES(558,'Fredy Langworth','russ.dubuque@example.org',NULL,1,'$2y$12$dc5OCnw/6ArI/Ey/3FU.O.Rc0xqSOg0Oa2XYObA5GGwGie83o6.hK',NULL,'2026-01-04 23:39:06','2026-01-04 23:39:06','dark');
INSERT INTO users VALUES(559,'Erich Sawayn','delmer.dickens@example.org',NULL,1,'$2y$12$bkQtkH8OROYNmkGLImpEju4P8vghGJETkjOGq.Sjkig13r/68KLp6',NULL,'2026-01-04 23:39:11','2026-01-04 23:39:11','dark');
INSERT INTO users VALUES(560,'Hailey Treutel','ruecker.magdalena@example.com',NULL,1,'$2y$12$b0UyHOGXvk2KcsbeITTEluIYxiNUtWkwfBgo3rmH294KKiZ1EpevS',NULL,'2026-01-04 23:39:15','2026-01-04 23:39:15','dark');
INSERT INTO users VALUES(561,'Liza Gusikowski','antwon27@example.com',NULL,1,'$2y$12$sDZcz6UqlFYSQoYowzdtxOHTybnb6Jso7sMu2v75Fy7PFlp4ZqKEK',NULL,'2026-01-04 23:39:19','2026-01-04 23:39:19','dark');
INSERT INTO users VALUES(562,'Prof. Frances Maggio','rasheed39@example.org',NULL,1,'$2y$12$qNfCjolJHJyQdZK1StS1W.uKUmgxTNu.Zmr8QXAVWj/VwXlQRyrh6',NULL,'2026-01-04 23:39:23','2026-01-04 23:39:23','dark');
INSERT INTO users VALUES(563,'Merl Strosin','hnienow@example.com',NULL,1,'$2y$12$mW70o8pLdg0awpT3qAu2K.vuR0lvumO1AqbCHzqPi1RqmIa/9WoxK',NULL,'2026-01-04 23:39:25','2026-01-04 23:39:25','dark');
INSERT INTO users VALUES(564,'Maxwell Stiedemann','khowe@example.com',NULL,1,'$2y$12$3VwwiyB5nqI/9M1tz1cXn.v.EBHFGRQbBom9/e2UCaTcXwR7Nbrgq',NULL,'2026-01-04 23:39:27','2026-01-04 23:39:27','dark');
INSERT INTO users VALUES(565,'Dr. Tristin Kris DDS','ignatius26@example.org',NULL,1,'$2y$12$MO96WWWlqsx47688fhOZPehcKzvNh6cAD4.oLu4RBc1TeqR3TIaom',NULL,'2026-01-04 23:39:32','2026-01-04 23:39:32','dark');
INSERT INTO users VALUES(566,'Savion Schmitt','karelle07@example.com',NULL,1,'$2y$12$Jvj5ixuRlye41syvK5AsaOwfh65Nqswwpu249oBLGbnSvxjnYl3su',NULL,'2026-01-04 23:39:34','2026-01-04 23:39:34','dark');
INSERT INTO users VALUES(567,'Palma Marks','kristofer.hoeger@example.org',NULL,1,'$2y$12$Ff.1da75Cip6mo9VK.Fw..S8tt40Aa4YdTVcDQstA9msU7Ute9vUK',NULL,'2026-01-04 23:39:38','2026-01-04 23:39:38','dark');
INSERT INTO users VALUES(568,'Dr. Fannie Bahringer Jr.','emard.jett@example.net',NULL,1,'$2y$12$R75LflxtehzAsrsz8QT2V..Xt12ECNIAzubf3cq370ePPjwHJJgii',NULL,'2026-01-04 23:39:43','2026-01-04 23:39:43','dark');
INSERT INTO users VALUES(569,'Valerie Hermiston','emma.kuhic@example.com',NULL,1,'$2y$12$X919wVwoAe/f3c/Ssf1SAOa9GFb0cCZ2EyIK7X5iIAMm/nB2QibB6',NULL,'2026-01-04 23:39:45','2026-01-04 23:39:45','dark');
INSERT INTO users VALUES(570,'Pauline Shanahan','uhoeger@example.org',NULL,1,'$2y$12$tPzSZxb1vOhvBdvw/NCpU.dnAi6ac46prRF.BSn7fq9k5NP5JdqtC',NULL,'2026-01-04 23:39:50','2026-01-04 23:39:50','dark');
INSERT INTO users VALUES(571,'Chauncey Padberg','ryan.hellen@example.net',NULL,1,'$2y$12$.P75byUE6ck.dt6rd9RsW.0VHdAr7HU6IwinlVrp7/nkzmIEcm9Pa',NULL,'2026-01-04 23:39:55','2026-01-04 23:39:55','dark');
INSERT INTO users VALUES(572,'Bertrand Lang','nikolaus.nathan@example.org',NULL,1,'$2y$12$abUdna2Z57kJAxLs99QqJ.mLV4NiVCL4mxjhF6cdMnuMgSZIgy28C',NULL,'2026-01-04 23:39:57','2026-01-04 23:39:57','dark');
INSERT INTO users VALUES(573,'Miracle Robel','ehackett@example.net',NULL,1,'$2y$12$AdBhAFhuZnMP5yHhyA6u1.4rzqwXTpKz2WzjS/uHos/W2J3vwF/Hi',NULL,'2026-01-04 23:40:00','2026-01-04 23:40:00','dark');
INSERT INTO users VALUES(574,'Taryn Mosciski MD','collins.westley@example.com',NULL,1,'$2y$12$CK0xknCLZ2LDVZpTwUzxPOCid43IhcT6Ic8OqBNF0cgsXaqZro8tO',NULL,'2026-01-04 23:40:05','2026-01-04 23:40:05','dark');
INSERT INTO users VALUES(575,'Mr. Turner Von','karine.satterfield@example.net',NULL,1,'$2y$12$pHnQs9bvkPSzFuvYxAPZXe6N6aGuPRWyQJGfhwkhEQbzgnokFqiKm',NULL,'2026-01-04 23:40:09','2026-01-04 23:40:09','dark');
INSERT INTO users VALUES(576,'Prof. Darren Walsh','ehalvorson@example.net',NULL,1,'$2y$12$BY1G4GF4/WD3U8H23h0QpOeERg5Fk/kRfQDrZ8dJ5dNgdPG3Eu5K.',NULL,'2026-01-04 23:40:11','2026-01-04 23:40:11','dark');
INSERT INTO users VALUES(577,'Antonia Batz','mhyatt@example.net',NULL,1,'$2y$12$q4.hugCuJEhw5A0xEInVE.oc2IwUNgXW.K95fEWGLTUnZTxnbT4qW',NULL,'2026-01-04 23:40:14','2026-01-04 23:40:14','dark');
INSERT INTO users VALUES(578,'Kira Kutch','fred49@example.com',NULL,1,'$2y$12$PPO8puQdX7OR6LyQgtC5HOWvfDG4OkFHf3iuzedTsljzK72fCBQoa',NULL,'2026-01-04 23:40:16','2026-01-04 23:40:16','dark');
INSERT INTO users VALUES(579,'Dana Batz','von.stephen@example.com',NULL,1,'$2y$12$Gm0hOyB1m1xF0PW14jrr7.snkMm7vCdpJuWB8RFtJDKkt5H5FEAG2',NULL,'2026-01-04 23:40:18','2026-01-04 23:40:18','dark');
INSERT INTO users VALUES(580,'Marjory Hackett','verdie.volkman@example.com',NULL,1,'$2y$12$l1tNDMO.PW9QhbeX9oVY6umOwnYlXYGayT0iXIQYiCPKqmOHCGqy2',NULL,'2026-01-04 23:40:20','2026-01-04 23:40:20','dark');
INSERT INTO users VALUES(581,'Calista Schmidt','donald81@example.com',NULL,1,'$2y$12$rmpQk1Z/wa3MQMlbcnnPre8I3mDqsMrirMWkq4F8Up4rIueDL2Ezu',NULL,'2026-01-04 23:40:24','2026-01-04 23:40:24','dark');
INSERT INTO users VALUES(582,'Prof. Garrison Hilpert DDS','woodrow62@example.com',NULL,1,'$2y$12$y3NDdwDkaYRW7lZR4aSMteK330vQTGy3telgwUUSbcm7joROCDUri',NULL,'2026-01-04 23:40:29','2026-01-04 23:40:29','dark');
INSERT INTO users VALUES(583,'Barney Ledner','kozey.reese@example.net',NULL,1,'$2y$12$G/kHD28okxcgcqj5sR1NG.iVSiJPLtr2l3ooX/FwKmC3Jov4vrnv6',NULL,'2026-01-04 23:40:33','2026-01-04 23:40:33','dark');
INSERT INTO users VALUES(584,'Mr. Omer Champlin','godfrey24@example.net',NULL,1,'$2y$12$lkkvJP3f10cNaQkoXfYzeepJ11z/FOjBrZ2QAyaFUHbJrhuB2NePa',NULL,'2026-01-04 23:40:36','2026-01-04 23:40:36','dark');
INSERT INTO users VALUES(585,'Devin Bernier','marilie.mckenzie@example.com',NULL,1,'$2y$12$e82IRxvly4XULQEJdxcd2OW2XruPK/uTDqBgvHKfUDhfGIDL5ENvK',NULL,'2026-01-04 23:40:39','2026-01-04 23:40:39','dark');
INSERT INTO users VALUES(586,'Prof. Kennith Koelpin II','koss.ben@example.com',NULL,1,'$2y$12$Xpqk2o2.SGvmp1ZnoCEXN.zIw/odl1s3f8kOecdeROZvNSeGqxGNe',NULL,'2026-01-04 23:40:42','2026-01-04 23:40:42','dark');
INSERT INTO users VALUES(587,'Donnell Wilderman I','ischmitt@example.net',NULL,1,'$2y$12$q9rTcYxNh/Hz3lIAex6LmOIZW2BOMoBo3kkDeIfdLu6VyNLRdzpgG',NULL,'2026-01-04 23:40:47','2026-01-04 23:40:47','dark');
INSERT INTO users VALUES(588,'Jackie Wolf','reese05@example.com',NULL,1,'$2y$12$sMh16qQ6T9JEpe/VL/iwaOnK/vUN.sFiIssjbIcUCNH0b6/5E2uvi',NULL,'2026-01-04 23:40:50','2026-01-04 23:40:50','dark');
INSERT INTO users VALUES(589,'Velma Huels','white.annetta@example.net',NULL,1,'$2y$12$gnq2FN6nw.hT3NdWmSsttOjrGlvHZ67fIewAJ7yYgLhf.EWM8f.Fy',NULL,'2026-01-04 23:40:52','2026-01-04 23:40:52','dark');
INSERT INTO users VALUES(590,'Rylan Crona DVM','russell70@example.org',NULL,1,'$2y$12$aPSDJ6v7y1i7VY0X4/OsFuBbgJ2KY91o1NZ0wz4nOshW1xFBnlWEG',NULL,'2026-01-04 23:40:55','2026-01-04 23:40:55','dark');
INSERT INTO users VALUES(591,'Prof. Elise Rosenbaum','mfahey@example.org',NULL,1,'$2y$12$grr.p/K7Rzka8/UC/Os9Ju1scwE9oBFI12tNifwgip5QSloPuWR7e',NULL,'2026-01-04 23:40:58','2026-01-04 23:40:58','dark');
INSERT INTO users VALUES(592,'Dr. Meaghan Kuhn DDS','leannon.gudrun@example.org',NULL,1,'$2y$12$NaPwP3Ml/02oV7X57N7XgOUYBV0HagTMne9lLW0PGuWO/uJBVzfqy',NULL,'2026-01-04 23:41:02','2026-01-04 23:41:02','dark');
INSERT INTO users VALUES(593,'Ms. Victoria Walker','fwolff@example.net',NULL,1,'$2y$12$PCp6byWi1iZCYPkE1PNkCuIiGUgby29uMTf8SP6mPT3taAsgXt0s2',NULL,'2026-01-04 23:41:04','2026-01-04 23:41:04','dark');
INSERT INTO users VALUES(594,'Verla Prosacco','schoen.maximillian@example.org',NULL,1,'$2y$12$kxn3n9xE30B5ynGR8yyi6e8RVpkSeboOnBUBbc7s/fRMyqOWxlVWu',NULL,'2026-01-04 23:41:07','2026-01-04 23:41:07','dark');
INSERT INTO users VALUES(595,'Emerald Renner','jaiden.jacobs@example.org',NULL,1,'$2y$12$hVzNUitNm0.7FVbti1hjZuLc4oQ7tojG8jVDjwLJwjKoaHF6mzyWi',NULL,'2026-01-04 23:41:11','2026-01-04 23:41:11','dark');
INSERT INTO users VALUES(596,'Elmore Bahringer','kconroy@example.org',NULL,1,'$2y$12$h.O/o0ouhmUH3WgEvA5YWekii8IHFtpBr4AUTpCnDRWKm3DYCkDme',NULL,'2026-01-04 23:41:13','2026-01-04 23:41:13','dark');
INSERT INTO users VALUES(597,'Alverta Borer','kristina40@example.org',NULL,1,'$2y$12$VtGOPhCBuy5nSOWXJAHtVus0RaX/8vxUPL6OKY4.Kay1XjF5YD6v.',NULL,'2026-01-04 23:41:18','2026-01-04 23:41:18','dark');
INSERT INTO users VALUES(598,'George Larkin','carli37@example.com',NULL,1,'$2y$12$j8R2S3oTpl3h3uihDG/QuOnwDzcpDLi134A0d1HoECWabvVpCfkAK',NULL,'2026-01-04 23:41:22','2026-01-04 23:41:22','dark');
INSERT INTO users VALUES(599,'Marquis Halvorson III','vwisoky@example.com',NULL,1,'$2y$12$4NVTwJsAtLS0BLKFZnPZGuhxH7kHL4H.Anve2YtiOYlgyntf47kI2',NULL,'2026-01-04 23:41:26','2026-01-04 23:41:26','dark');
INSERT INTO users VALUES(600,'Prof. Imani Batz V','walker.legros@example.net',NULL,1,'$2y$12$amqUcEzOEFVaQ7E4NovC7O/i/ct8weRk2GTZUM1pqYJhoH4mqZe1y',NULL,'2026-01-04 23:41:30','2026-01-04 23:41:30','dark');
INSERT INTO users VALUES(601,'Nathanial Hoeger III','sam.walsh@example.com',NULL,1,'$2y$12$bFRBPrtNmTnpZEvKbED/HusntzXLkanQsok5EO/iJifzwvnwNlyGi',NULL,'2026-01-04 23:41:35','2026-01-04 23:41:35','dark');
INSERT INTO users VALUES(602,'Dell Wunsch','celestino.reichert@example.com',NULL,1,'$2y$12$531SlJ.T7sNFMZp7.xjXce8rYCdehAX4nyZlJqHYw8lrHEeGlcsWu',NULL,'2026-01-04 23:41:37','2026-01-04 23:41:37','dark');
INSERT INTO users VALUES(603,'Daisy Johnston','mcdermott.camden@example.com',NULL,1,'$2y$12$MJC4Zo2JwtWKl/xU7xHDMOJ2rxjltqqXTQFQP6rNmQceT4OEhDDlq',NULL,'2026-01-04 23:41:40','2026-01-04 23:41:40','dark');
INSERT INTO users VALUES(604,'Crystel Raynor','kareem.breitenberg@example.org',NULL,1,'$2y$12$evFlanYLHxrW0OtXASMQkOJUG2iAyZPVdqtKEgLJjudgrJsCFlNGm',NULL,'2026-01-04 23:41:43','2026-01-04 23:41:43','dark');
INSERT INTO users VALUES(605,'Miss Rachael Klein PhD','agustin15@example.org',NULL,1,'$2y$12$OHgXu8j9hCXXfIP/Z9AYgeruABiNVrFjrBvDeFX63JcyZhsuHYUja',NULL,'2026-01-04 23:41:48','2026-01-04 23:41:48','dark');
INSERT INTO users VALUES(606,'Brain Gutkowski','morris66@example.org',NULL,1,'$2y$12$hz8tScdyFPYyGLbHG6QU5.n7VaimDfv.chGz9UaGCyRfYqH0ReY.y',NULL,'2026-01-04 23:41:52','2026-01-04 23:41:52','dark');
INSERT INTO users VALUES(607,'Luciano Boyle','oconner.christina@example.com',NULL,1,'$2y$12$Y26nxEhxfyPnp0NNtU.SGeZNq2Msq2fVMZYtKYSWaihvOFKnVRpUu',NULL,'2026-01-04 23:41:56','2026-01-04 23:41:56','dark');
INSERT INTO users VALUES(608,'Consuelo Bartell','cschroeder@example.net',NULL,1,'$2y$12$EP8RGwnxDBVTLMbqZCwxWObbH/AAldQMliLFbM2RSlGHZQZMFtSey',NULL,'2026-01-04 23:42:02','2026-01-04 23:42:02','dark');
INSERT INTO users VALUES(609,'Zola Wiegand','bauch.maximillia@example.com',NULL,1,'$2y$12$a518L4CWi2c.Md3qSaqitutYdK218mn0mG5wl200eQTY/pXW28HgO',NULL,'2026-01-04 23:42:07','2026-01-04 23:42:07','dark');
INSERT INTO users VALUES(610,'Christop Cartwright DDS','sallie.johns@example.net',NULL,1,'$2y$12$i08w/HYuzo6ioS8Zcox2x.NBxiTXJcw0ms0lTWpA7lii.r5NG3Cke',NULL,'2026-01-04 23:42:10','2026-01-04 23:42:10','dark');
INSERT INTO users VALUES(611,'Douglas Keebler','kulas.alexzander@example.com',NULL,1,'$2y$12$wnvgINNvi/Y2H7erVIPTSuJDOowY7f661TFjN6dBNoGjNGHCdAeC2',NULL,'2026-01-04 23:42:16','2026-01-04 23:42:16','dark');
INSERT INTO users VALUES(612,'Gwen Kirlin','qlowe@example.net',NULL,1,'$2y$12$NDM8LrfbVNY8nr.6uYNW2.iq/QcFG45IyRixBjDy5fUrY.Z1QJgQ2',NULL,'2026-01-04 23:42:21','2026-01-04 23:42:21','dark');
INSERT INTO users VALUES(613,'Jeramie Jakubowski','schuster.mortimer@example.org',NULL,1,'$2y$12$.JrDi.4AM/C1FUxfPC6.xu4ujciGaHOFuQvGhlxdcGXDIAsG0bH2u',NULL,'2026-01-04 23:42:25','2026-01-04 23:42:25','dark');
INSERT INTO users VALUES(614,'Dr. Ariane Kunde','jenkins.paris@example.org',NULL,1,'$2y$12$d9k2NQyxhP23ZLmTdZ72Q.IfVB40s/VKPRN29CfKVy.nrHQXOHAHi',NULL,'2026-01-04 23:42:31','2026-01-04 23:42:31','dark');
INSERT INTO users VALUES(615,'Dangelo Feil','nikolaus.monty@example.net',NULL,1,'$2y$12$VDkZn7wy4tEahcm66jD5du4/uhIeY4tzD7oQCZYAFXT7QOm6uJMM2',NULL,'2026-01-04 23:42:36','2026-01-04 23:42:36','dark');
INSERT INTO users VALUES(616,'Reece Will','lysanne.cummerata@example.com',NULL,1,'$2y$12$FY46Tm0HIM0srIv7y7VWtO/u1yROdav8yBOdnP0lvWM36IoctUUIi',NULL,'2026-01-04 23:42:42','2026-01-04 23:42:42','dark');
INSERT INTO users VALUES(617,'Velda Boehm','jazlyn.turcotte@example.net',NULL,1,'$2y$12$ueBK0N6yOrzhnDUmb06cIuyTFwovZ8CwyJPkLJxN6At9k6D0p.nQG',NULL,'2026-01-04 23:42:48','2026-01-04 23:42:48','dark');
INSERT INTO users VALUES(618,'Barney Stamm','colt.quigley@example.org',NULL,1,'$2y$12$hfGs4IHJyh.HcpRLczfxweIq1vqN8YM41X8qRzud5gnb1y42BjzjO',NULL,'2026-01-04 23:42:55','2026-01-04 23:42:55','dark');
INSERT INTO users VALUES(619,'Jayce Hoppe','sonny.goyette@example.org',NULL,1,'$2y$12$oHlMxwFrFzzWO0EW3tHaueSWUlfalxb4ZN3vVkXKzoZAbU7lffl56',NULL,'2026-01-04 23:42:59','2026-01-04 23:42:59','dark');
INSERT INTO users VALUES(620,'Daron Bashirian II','raymond.collins@example.net',NULL,1,'$2y$12$JtIhqRWnNM7TqXUqs5IUkOPMmniAJHTv2cPN6AmJd7GCk8yzsVQF2',NULL,'2026-01-04 23:43:04','2026-01-04 23:43:04','dark');
INSERT INTO users VALUES(621,'Claud Grady','kemmer.modesto@example.net',NULL,1,'$2y$12$seIUlEHLOkZ7rWrr.bHAmOmUrsgaq1SBq/8j4M7w2vz.u.yV6.0pS',NULL,'2026-01-04 23:43:12','2026-01-04 23:43:12','dark');
INSERT INTO users VALUES(622,'Stacy Nader MD','bruen.joesph@example.com',NULL,1,'$2y$12$zXmKiJyT7x1/k7dpnNl1l.FOPfxR3xaMWErxAtb.07wHCwOszJvNi',NULL,'2026-01-04 23:43:16','2026-01-04 23:43:16','dark');
INSERT INTO users VALUES(623,'Tyshawn Ryan','mrice@example.net',NULL,1,'$2y$12$9XxqVFHAgh64Z/Fms7C.ueVNa/0/sYWu5oVwFUEiYBuPi49VdZ4va',NULL,'2026-01-04 23:43:21','2026-01-04 23:43:21','dark');
INSERT INTO users VALUES(624,'Morgan Stokes','ciara.crooks@example.org',NULL,1,'$2y$12$SdVZ3HwQ43/RruYuEZ/q9uHs9wBMifEW1PAxtAHecYuuGxOT/RwpO',NULL,'2026-01-04 23:43:26','2026-01-04 23:43:26','dark');
INSERT INTO users VALUES(625,'Fritz Price DVM','autumn.bosco@example.net',NULL,1,'$2y$12$tViYOzcxv/5wuKY7U7Ygx.GPS9hYvLnpN0ufbRLDn7LKD4AIqIcKm',NULL,'2026-01-04 23:43:31','2026-01-04 23:43:31','dark');
INSERT INTO users VALUES(626,'Luella Kohler II','jast.kayley@example.org',NULL,1,'$2y$12$oAgzK1XF02fIj/8He9SgOuO3UMA3ch7ll5Z0yX.gl8ZdTdDDjWRiy',NULL,'2026-01-04 23:43:34','2026-01-04 23:43:34','dark');
INSERT INTO users VALUES(627,'Ms. Janelle Batz IV','turcotte.estrella@example.net',NULL,1,'$2y$12$QeOuLEepktHFHvaN3.tJ8OTcJqkYS3h7FyunhFgfNl/Zp9D4zzIhi',NULL,'2026-01-04 23:43:38','2026-01-04 23:43:38','dark');
INSERT INTO users VALUES(628,'Tracey Marvin','fgleichner@example.org',NULL,2,'$2y$12$jf/q7YhAAYPMkPQvTA73CuMQX5zv3adv1OE8pR2v9TCy/IBoN9tEa',NULL,'2026-01-04 23:43:44','2026-01-04 23:43:44','dark');
INSERT INTO users VALUES(629,'Mr. Johathan Beer DDS','ygreenfelder@example.org',NULL,2,'$2y$12$iwUXspVYUk80Tu02opPRE.beK6Hcfvl2622UeNA.jEG.SQ4xymzmm',NULL,'2026-01-04 23:43:49','2026-01-04 23:43:49','dark');
INSERT INTO users VALUES(630,'Kyle Balistreri','nzboncak@example.org',NULL,2,'$2y$12$/vgjE2tFIi1EEBNj0Au2gOyvTIn8behyQ2VdRHa/vVHfC1l0jKeJu',NULL,'2026-01-04 23:43:53','2026-01-04 23:43:53','dark');
INSERT INTO users VALUES(631,'Orpha Wehner','lubowitz.elijah@example.org',NULL,2,'$2y$12$fvQUkw4TsMPbrQXJfNLK8.jhjEFXL7H9Gi3nax.99MR1a0sJQjjqe',NULL,'2026-01-04 23:43:59','2026-01-04 23:43:59','dark');
INSERT INTO users VALUES(632,'Assunta Nikolaus II','kmiller@example.net',NULL,2,'$2y$12$bd1LJFsW4/S5It7fLi8el.hZgnj8PAYHGn8disTMZtV8.3mtAkd2q',NULL,'2026-01-04 23:44:04','2026-01-04 23:44:04','dark');
INSERT INTO users VALUES(633,'Lavina Lehner','pwiza@example.com',NULL,2,'$2y$12$/LtKhogilVV2VCtDUH8G3OF3ppEbyX421VEUVXYcLEu98sw2pVcdi',NULL,'2026-01-04 23:44:10','2026-01-04 23:44:10','dark');
INSERT INTO users VALUES(634,'Amari Hoeger','dgoyette@example.org',NULL,2,'$2y$12$5cSVs/M5InlKD.i0vlmpEuVo9ZvHjX.IMVCEuMIovQubYbDxo1IOO',NULL,'2026-01-04 23:44:14','2026-01-04 23:44:14','dark');
INSERT INTO users VALUES(635,'Mr. Carmine Reichert III','fstroman@example.com',NULL,2,'$2y$12$RNi1KIo0o4K8GjzjZP14Mui3hsegXvSdyeCZeCtcS3oDNNJXAZ3sC',NULL,'2026-01-04 23:44:18','2026-01-04 23:44:18','dark');
INSERT INTO users VALUES(636,'Dr. Yazmin McCullough V','irma04@example.org',NULL,2,'$2y$12$Jr2A0c2lNrlxUip6.eEgU.uRItUUUJ98BD8kDdjcrf/.FKAn6S2NS',NULL,'2026-01-04 23:44:23','2026-01-04 23:44:23','dark');
INSERT INTO users VALUES(637,'Ms. Roma O''Conner','zeichmann@example.org',NULL,2,'$2y$12$ywTy/BszG5ZFZq/pxI4ym.W2MP5P3k6.IYcuFnBkIn1NORRjdr4u.',NULL,'2026-01-04 23:44:27','2026-01-04 23:44:27','dark');
INSERT INTO users VALUES(638,'Mr. Quincy Torp','elena.purdy@example.com',NULL,2,'$2y$12$mzrlrWuUsdvp8u.Of6ySyuiSZfN6sGfcSwFcjR7OHi.x8m/ZCml/y',NULL,'2026-01-04 23:44:31','2026-01-04 23:44:31','dark');
INSERT INTO users VALUES(639,'Dr. Kaitlyn Corwin V','cullen.krajcik@example.net',NULL,2,'$2y$12$gFMM4VnU/KRr4yv7h.fdqe53N0HWsO8kTWOGwKSr0m9VYYpqtXcF.',NULL,'2026-01-04 23:44:36','2026-01-04 23:44:36','dark');
INSERT INTO users VALUES(640,'Clementina Thiel III','reilly.stefan@example.org',NULL,2,'$2y$12$Ik0mhAosxAVl6V7EWmGhbecI.uuk0pBuwtjEHfIqvbqn6TJAXLdIO',NULL,'2026-01-04 23:44:42','2026-01-04 23:44:42','dark');
INSERT INTO users VALUES(641,'Stanton Sawayn','destany.bailey@example.com',NULL,2,'$2y$12$lCVZUTqPd.aJHurXnqWwuuokP1RHg5dx74h3yP/VClfHTlVxm4vJa',NULL,'2026-01-04 23:44:46','2026-01-04 23:44:46','dark');
INSERT INTO users VALUES(642,'Raphael Rippin','fdeckow@example.com',NULL,2,'$2y$12$fL5EFgNaUknqXXym39KgcOAf1QdsiDbId7nzdBM33mvj0eYdvPxOm',NULL,'2026-01-04 23:44:48','2026-01-04 23:44:48','dark');
INSERT INTO users VALUES(643,'Miss Bernita Okuneva II','kiehn.bo@example.net',NULL,2,'$2y$12$2rjdBRjVrW1fQ7ggQRAhIetfnR0jhJlXLAknb5wU1j2JvLgd3pi0u',NULL,'2026-01-04 23:44:51','2026-01-04 23:44:51','dark');
INSERT INTO users VALUES(644,'Jean Blanda','alexys82@example.net',NULL,2,'$2y$12$zc5EYfvSXMAzlmn.ghkl/.GbVXhgwvBJwlRz3NWro7XcA6VWVb2zy',NULL,'2026-01-04 23:44:54','2026-01-04 23:44:54','dark');
INSERT INTO users VALUES(645,'Prof. Nathaniel Streich DDS','heller.ruthie@example.org',NULL,2,'$2y$12$K9i75ZDrXF/bJSBoYqTgx.LTWKYtoS.xon/jJ7iEXC50mequExW3.',NULL,'2026-01-04 23:44:58','2026-01-04 23:44:58','dark');
INSERT INTO users VALUES(646,'Pansy Hauck','jewel.lemke@example.org',NULL,2,'$2y$12$/X9vltMoJip88YK4E7t/N.6wnU3kBtJ7V3o0EmZebedbLZRmEmMBa',NULL,'2026-01-04 23:45:00','2026-01-04 23:45:00','dark');
INSERT INTO users VALUES(647,'Monte Bernier','jacobi.delpha@example.com',NULL,2,'$2y$12$u09VbUxkC6X2zl4urgQgmuxfl0RbAp/pIZjZCH9pnbiJGhinB0nFq',NULL,'2026-01-04 23:45:03','2026-01-04 23:45:03','dark');
INSERT INTO users VALUES(648,'Mr. Domenico Hodkiewicz IV','kelly96@example.com',NULL,2,'$2y$12$jvPxj0ejt4XxzFaA7K40wOoWNP6ph1qAN3zi6t0mSXOK/Z3MqYQCS',NULL,'2026-01-04 23:45:07','2026-01-04 23:45:07','dark');
INSERT INTO users VALUES(649,'Anissa Spencer','hudson.dayna@example.org',NULL,2,'$2y$12$/5qI2e53XiI8.pxQpe.2PuCw8YH1brglnO9LB.syvwhPw1lkQPDr6',NULL,'2026-01-04 23:45:10','2026-01-04 23:45:10','dark');
INSERT INTO users VALUES(650,'Prof. Kayley Steuber','schuster.marisa@example.org',NULL,2,'$2y$12$HE3GEpdxl8dm6SVUn9x28uE3CKCppTYtMIWmHP/V1lm9MCowtV7le',NULL,'2026-01-04 23:45:13','2026-01-04 23:45:13','dark');
INSERT INTO users VALUES(651,'Maryjane Heidenreich','zgottlieb@example.net',NULL,2,'$2y$12$2ZHHVID06RtZhU4.isRpW.lUcSaE3jo3NeYox8PStslTIjT28phBu',NULL,'2026-01-04 23:45:15','2026-01-04 23:45:15','dark');
INSERT INTO users VALUES(652,'Vicente Murray I','kovacek.adonis@example.com',NULL,2,'$2y$12$dDPX90vYpWZN6n657HXnf.cd0e5dclRmGCzryQOA7lEV1LdoRrNiq',NULL,'2026-01-04 23:45:18','2026-01-04 23:45:18','dark');
INSERT INTO users VALUES(653,'Courtney Skiles','billie.howe@example.org',NULL,2,'$2y$12$JrbdGBfxAckIrdghxyNgAOeucZiWLmloC3aACWIcMyGGl77lcYIiW',NULL,'2026-01-04 23:45:20','2026-01-04 23:45:20','dark');
INSERT INTO users VALUES(654,'Fay Mraz','jprice@example.org',NULL,2,'$2y$12$7EFBKFogeV2iyrfhIa.xoOUXg1f7MOseTAjwCvhTGH8aZprRcOb6y',NULL,'2026-01-04 23:45:23','2026-01-04 23:45:23','dark');
INSERT INTO users VALUES(655,'Prof. Arthur Johns DDS','eugene.simonis@example.org',NULL,2,'$2y$12$f7/MBW2IQqoSb.iYIRogvOLVP.A63wmsJa6uVF/zzAgDYRjsW9eSK',NULL,'2026-01-04 23:45:26','2026-01-04 23:45:26','dark');
INSERT INTO users VALUES(656,'Luna Mayer II','klakin@example.com',NULL,2,'$2y$12$.CstZLyuPKTXt8eiKBuKKeXU8qhmKjpXJHyiGwsabG9w3rKHbDPH.',NULL,'2026-01-04 23:45:29','2026-01-04 23:45:29','dark');
INSERT INTO users VALUES(657,'Prudence Dickinson','imani.feest@example.org',NULL,2,'$2y$12$fnVISfdRvsbFgSBFqT3i8unnnDmPb5cMECO8IZG0aiEOdY0AtqhcK',NULL,'2026-01-04 23:45:33','2026-01-04 23:45:33','dark');
INSERT INTO users VALUES(658,'Dr. Rhianna Schuppe MD','kimberly48@example.net',NULL,2,'$2y$12$/7CwwcjUscOxVlmbJXQ5heKiOmVOOEyuCDlDNoKq1AB0Gvn6UihBG',NULL,'2026-01-04 23:45:38','2026-01-04 23:45:38','dark');
INSERT INTO users VALUES(659,'Prof. Dwight Renner','nwuckert@example.net',NULL,2,'$2y$12$IAolisRVZCxpXbcO97Q1K.sFQnOUgD4bO8FZL3x34sTlO7AAiSb6G',NULL,'2026-01-04 23:45:41','2026-01-04 23:45:41','dark');
INSERT INTO users VALUES(660,'Dr. Jodie Fritsch Jr.','araceli.torphy@example.org',NULL,2,'$2y$12$wmV2v7xTn2L6SA2NyaxOf.MqfDMpd6uj7NrbhbhRqznsLNM2erlUO',NULL,'2026-01-04 23:45:45','2026-01-04 23:45:45','dark');
INSERT INTO users VALUES(661,'Mr. Nels Bins DDS','meghan37@example.net',NULL,2,'$2y$12$hLNfBeoJ77ILW833ef23Z.iTOOhaidm228qufLHiOfLtZ7/2aVIpa',NULL,'2026-01-04 23:45:48','2026-01-04 23:45:48','dark');
INSERT INTO users VALUES(662,'Miss Hollie Schmidt','lilyan.lemke@example.net',NULL,2,'$2y$12$8nJVxJe11UE2Cb3SJRsKaeYPWKbpFr/UhMBup/n98vyHIA3HSyUwa',NULL,'2026-01-04 23:45:51','2026-01-04 23:45:51','dark');
INSERT INTO users VALUES(663,'Dr. Luciano Altenwerth Sr.','lang.maeve@example.org',NULL,2,'$2y$12$30hK9OZ3tThJz1cTv9GNpu.wWNhI59ruuYvKcQ4hPkK./JYyanOZS',NULL,'2026-01-04 23:45:54','2026-01-04 23:45:54','dark');
INSERT INTO users VALUES(664,'Christine Robel','williamson.ellie@example.net',NULL,2,'$2y$12$sfuvzwazlNhj97bPhniDIOOM8vLJuDd6NIKuj/qFcyL0Pj1B5zkfi',NULL,'2026-01-04 23:45:57','2026-01-04 23:45:57','dark');
INSERT INTO users VALUES(665,'Prof. Mark Gleason Jr.','prohaska.keanu@example.com',NULL,2,'$2y$12$YF4iuLZ3tgaa2mbH0vFuSeMU6ekwkeMntYxhK1v7tNHMv57q8cH5a',NULL,'2026-01-04 23:46:01','2026-01-04 23:46:01','dark');
INSERT INTO users VALUES(666,'Keara Mann','emard.nora@example.org',NULL,2,'$2y$12$ORr35sKbEZOPep7SZA/Az.rpny.SeBKZnEFz91RKeAZ.cy/8wxSMO',NULL,'2026-01-04 23:46:05','2026-01-04 23:46:05','dark');
INSERT INTO users VALUES(667,'Alexys Nitzsche','cschamberger@example.org',NULL,2,'$2y$12$FoPher4PWirBBM8Zecbz.uvB2/UVIO55tEDj5LwQLypkhRZLgUem2',NULL,'2026-01-04 23:46:09','2026-01-04 23:46:09','dark');
INSERT INTO users VALUES(668,'Jerome Runolfsdottir','homenick.shaun@example.org',NULL,2,'$2y$12$/Cl1Sldk7.BmvvYJdewuJuSBCpfzbYU8Fq2UE4MWCI3D20HdFsAeu',NULL,'2026-01-04 23:46:12','2026-01-04 23:46:12','dark');
INSERT INTO users VALUES(669,'Wilbert Wolff','dweimann@example.org',NULL,2,'$2y$12$IV8SKahBBxCK9xe74cI.RO.i6AQeXq0SmA0uqu0vF4/Psl0rRu9YO',NULL,'2026-01-04 23:46:16','2026-01-04 23:46:16','dark');
INSERT INTO users VALUES(670,'Dorris Deckow','tremblay.albina@example.net',NULL,2,'$2y$12$xxuxUFMoudqvB9a.VTAkg.mpv.CYrNGUv8AAJWoLRdf4IO8LUBIvi',NULL,'2026-01-04 23:46:19','2026-01-04 23:46:19','dark');
INSERT INTO users VALUES(671,'Mr. Immanuel Watsica Jr.','rosalia.hammes@example.com',NULL,2,'$2y$12$dEUaO6j/DDqAbX5EhWmk7uFtv1jCLjUWKUTvFFkLL2EUuOiQOOIMK',NULL,'2026-01-04 23:46:21','2026-01-04 23:46:21','dark');
INSERT INTO users VALUES(672,'Prof. Jayda Tremblay DDS','idella.schroeder@example.com',NULL,2,'$2y$12$tfpI6WXTvUsHULFLEp2IReLYBL9PH4hNdul1t11ZsY.8pkJ.aiNU.',NULL,'2026-01-04 23:46:25','2026-01-04 23:46:25','dark');
INSERT INTO users VALUES(673,'Aylin Breitenberg','darlene58@example.net',NULL,2,'$2y$12$/UvQEZj4xNiIKrJwpqqPa.r6sgBHSwZTdcX3aLgWs1xjJFTMxRPHS',NULL,'2026-01-04 23:46:28','2026-01-04 23:46:28','dark');
INSERT INTO users VALUES(674,'Easter Mitchell','natasha.leannon@example.org',NULL,2,'$2y$12$PItmIb6Xk/UmPA0nlW/9q.MHQ178UrH..YSP.1vzEBcVERLVvZ06G',NULL,'2026-01-04 23:46:30','2026-01-04 23:46:30','dark');
INSERT INTO users VALUES(675,'Dr. Dahlia Morar','bobbie.goldner@example.org',NULL,2,'$2y$12$J1jPHXCwVoCAuuJx0JdgtuRhfB5cWWpO4odQjv2TB4x/55/v6S5Wm',NULL,'2026-01-04 23:46:33','2026-01-04 23:46:33','dark');
INSERT INTO users VALUES(676,'Mr. Abdul Quigley','baumbach.asia@example.org',NULL,2,'$2y$12$banvg7Sq.0VgPzVyW0P.huBgSXXOxWnF/Pu2s2vbsKeq7NR6NUytm',NULL,'2026-01-04 23:46:36','2026-01-04 23:46:36','dark');
INSERT INTO users VALUES(677,'Donna Little','lwindler@example.com',NULL,2,'$2y$12$Pyp8w3WFqIcOR/w7uMWF8eESLRaIA.4wHerRoTjwzlTnJo5FtALli',NULL,'2026-01-04 23:46:38','2026-01-04 23:46:38','dark');
INSERT INTO users VALUES(678,'Mr. Reginald Schmitt','cordia.boyer@example.com',NULL,2,'$2y$12$K93z267IXo7a.qH02uW0HuUBHvMnrg9tkKz1hy.Lld7rO0sZis3le',NULL,'2026-01-04 23:46:41','2026-01-04 23:46:41','dark');
INSERT INTO users VALUES(679,'Cleve Rutherford','wwolff@example.com',NULL,2,'$2y$12$xQ8mdVNMMTMPNrvv1Zesw.fsatzw1hjsdEPxti.Ri6SS7GZKYXKYi',NULL,'2026-01-04 23:46:44','2026-01-04 23:46:44','dark');
INSERT INTO users VALUES(680,'Mr. Denis Denesik IV','max.murray@example.org',NULL,2,'$2y$12$18St3aYqkzv4Go9lwkytjOFGI9bGSQaZwz0y5/gbE1LIvrkn0t.lu',NULL,'2026-01-04 23:46:47','2026-01-04 23:46:47','dark');
INSERT INTO users VALUES(681,'Tressa Brekke DDS','maggio.marilou@example.net',NULL,2,'$2y$12$Fr1hoADt2wUVSxk891Ociu2sc0jHl9SznGNyTWSmoRbhQQMPjN8Vi',NULL,'2026-01-04 23:46:50','2026-01-04 23:46:50','dark');
INSERT INTO users VALUES(682,'Raquel Swaniawski','vella48@example.com',NULL,2,'$2y$12$61mUuPwD5kD6SF2xwvXxV.a6MIg.cXj132HZWTxbqFB3eI7fRPSaW',NULL,'2026-01-04 23:46:53','2026-01-04 23:46:53','dark');
INSERT INTO users VALUES(683,'Mr. Humberto Will DDS','roel.price@example.com',NULL,2,'$2y$12$XzeG1FPg9fHIUQ2WDVbMvuUBbx1ya25vLe.xUg5sOztOm3NdSWoNa',NULL,'2026-01-04 23:46:56','2026-01-04 23:46:56','dark');
INSERT INTO users VALUES(684,'Gretchen Tremblay','dietrich.eve@example.org',NULL,2,'$2y$12$UycWSJF1G3OaupNzfE6kPuabK.L4kPgV2KKiaFL.Z2oaTfAQ7eVka',NULL,'2026-01-04 23:46:59','2026-01-04 23:46:59','dark');
INSERT INTO users VALUES(685,'Simone Cormier','deven.price@example.org',NULL,2,'$2y$12$khWa9hqQSa45ausRAfl5W.VqVhuYckamxTUbyoebACNXTcr18eRkS',NULL,'2026-01-04 23:47:02','2026-01-04 23:47:02','dark');
INSERT INTO users VALUES(686,'Roxanne Will','shaun.tillman@example.net',NULL,2,'$2y$12$aCuBlaqyLMKSHZhv8QZZIOKTeOWTM2WD9Jv/wfxttKQTUf9wzU6Gy',NULL,'2026-01-04 23:47:05','2026-01-04 23:47:05','dark');
INSERT INTO users VALUES(687,'Neva Gulgowski','zane.schroeder@example.net',NULL,2,'$2y$12$4dkcryVAFiu8dHlF/n2jDODFp2ON8cHmCyl8o.GzhGGd/0sclwioq',NULL,'2026-01-04 23:47:09','2026-01-04 23:47:09','dark');
INSERT INTO users VALUES(688,'Vada Zemlak','morar.armand@example.net',NULL,2,'$2y$12$MacSsLvuiEOYyx3gRL9N6e.jkpHdg5.cvqOAW4oIlT9Hr3VA93k8S',NULL,'2026-01-04 23:47:12','2026-01-04 23:47:12','dark');
INSERT INTO users VALUES(689,'Dr. Noel O''Kon V','jay69@example.net',NULL,2,'$2y$12$z8s1sc739bWptuwsz.nHHOcmurF092eGidU8eDQs1au4pb0uvD67u',NULL,'2026-01-04 23:47:15','2026-01-04 23:47:15','dark');
INSERT INTO users VALUES(690,'Mr. Brody Moore','hintz.alycia@example.net',NULL,2,'$2y$12$s7KTsuMz8xAGfOjzxGOwk.njxSFZehEEs5F63xJJJwv4WP1NLLrjm',NULL,'2026-01-04 23:47:18','2026-01-04 23:47:18','dark');
INSERT INTO users VALUES(691,'Ms. Jade Skiles I','gudrun92@example.org',NULL,2,'$2y$12$hMlaKdHtPWZ7zYa3jQvrvOfDWYduGDnpGYdvplA2yNzVmvOoLtUVW',NULL,'2026-01-04 23:47:20','2026-01-04 23:47:20','dark');
INSERT INTO users VALUES(692,'Larissa Bode','qfunk@example.org',NULL,2,'$2y$12$AOnveOyoLPbPGgMKt.zfs.BzLR8kEvWPv74mAz185V1FWZQas/Jlm',NULL,'2026-01-04 23:47:23','2026-01-04 23:47:23','dark');
INSERT INTO users VALUES(693,'Alexandra Stamm MD','jeanne08@example.net',NULL,2,'$2y$12$G2VzVDCqvZZ33d9aB.b4r.eFue47KpXHEYjpQ8kcx5d7E5a4kh/NK',NULL,'2026-01-04 23:47:25','2026-01-04 23:47:25','dark');
INSERT INTO users VALUES(694,'Prof. Darby Altenwerth MD','wisoky.neha@example.org',NULL,2,'$2y$12$VlceI2P.yC.weiN.x8YiIe6K51NRgGHNaZX6mrZEffDyKeFMjtLAm',NULL,'2026-01-04 23:47:28','2026-01-04 23:47:28','dark');
INSERT INTO users VALUES(695,'Anthony Kiehn','bertram91@example.org',NULL,2,'$2y$12$XkU7DGcmiQGDhIk/8jSzFeujlt4bbqBrD/c.hfKmzyFie2im2rL1.',NULL,'2026-01-04 23:47:30','2026-01-04 23:47:30','dark');
INSERT INTO users VALUES(696,'Prof. Vincenzo Ledner MD','xterry@example.org',NULL,2,'$2y$12$r.9c53hEtWrDJKBYB3SET.1u7qkLNoocXbTbsCuVToBcKBsrVwROG',NULL,'2026-01-04 23:47:33','2026-01-04 23:47:33','dark');
INSERT INTO users VALUES(697,'Rickey Reichel','ona.predovic@example.org',NULL,2,'$2y$12$fLvdDkFGgk7aN1D0JRiv0eEUITmwQMeKwzIFn8.0p4cABA1IWwfhm',NULL,'2026-01-04 23:47:36','2026-01-04 23:47:36','dark');
INSERT INTO users VALUES(698,'Dr. Hayley Rice','pollich.elna@example.com',NULL,2,'$2y$12$3UgYe26Sxa6pUMRzWHVakekSGrjE5DWzvQVk/d0NhwdCFQn9Rv5XW',NULL,'2026-01-04 23:47:40','2026-01-04 23:47:40','dark');
INSERT INTO users VALUES(699,'Faye Spinka','sauer.bonnie@example.org',NULL,2,'$2y$12$kPFtY2XUBzI971HZDccxOelgmc5FfvvyO3b/Ih/dofJOUuEDvxFE2',NULL,'2026-01-04 23:47:43','2026-01-04 23:47:43','dark');
INSERT INTO users VALUES(700,'Mr. Evert Haag','pagac.lawson@example.net',NULL,2,'$2y$12$FIJNykKr1F55P1Mm7DvtyeVYl1NF8ANNpSn9VpAo22muUBVeg0rFq',NULL,'2026-01-04 23:47:46','2026-01-04 23:47:46','dark');
INSERT INTO users VALUES(701,'Lambert Shields','haskell07@example.net',NULL,2,'$2y$12$fr58vaEnuXtrf8zF18BW0OWmNIQh29MPTRJOnrXj9wyI6SHhHO3jG',NULL,'2026-01-04 23:47:49','2026-01-04 23:47:49','dark');
INSERT INTO users VALUES(702,'Brandi Reilly','ethel90@example.net',NULL,2,'$2y$12$I0QfPl7EKhIl3fkPDwPrnu8Er0Xo2Xx8Trkbve2KilEu2uAxX3Kvy',NULL,'2026-01-04 23:47:52','2026-01-04 23:47:52','dark');
INSERT INTO users VALUES(703,'Prof. Victor Reinger IV','sedrick37@example.net',NULL,2,'$2y$12$NiuXcFb.fM0.BXperHysPuTyMhls3Mf1mi0aeKJ09GxIenrRR2Jzi',NULL,'2026-01-04 23:47:55','2026-01-04 23:47:55','dark');
INSERT INTO users VALUES(704,'Pearline Williamson','zfarrell@example.org',NULL,2,'$2y$12$xdpUo4SnwHCt5sFLG22YEOR3xdPNE4Hxj04BvaR.bmLVM4XVFnRQa',NULL,'2026-01-04 23:47:59','2026-01-04 23:47:59','dark');
INSERT INTO users VALUES(705,'Prof. Maximillian Kreiger','beer.judson@example.net',NULL,2,'$2y$12$vjV7eKEJD0UOLSKQRhuEKOQlT7UVUM.VBtJVs4ujcG72CAeVysacW',NULL,'2026-01-04 23:48:02','2026-01-04 23:48:02','dark');
INSERT INTO users VALUES(706,'Nellie O''Hara','klocko.pansy@example.com',NULL,2,'$2y$12$aRrLdNj96GbY0Eg2ISowbeaPwnTktq1krPKEargPygG3C0eCIATV.',NULL,'2026-01-04 23:48:05','2026-01-04 23:48:05','dark');
INSERT INTO users VALUES(707,'Izaiah Torp','aliya90@example.org',NULL,2,'$2y$12$BfAsn3s1ZLOjpWH0sUnvHeggdilUy1CkHjCVNWhCyE/vy5kUdpMzS',NULL,'2026-01-04 23:48:09','2026-01-04 23:48:09','dark');
INSERT INTO users VALUES(708,'Adella Kassulke Sr.','pgerhold@example.net',NULL,2,'$2y$12$Kr/roEbrH.6wmld9mVIjH.pyNroV//m13sHS6VTC20VMGQ1GHb58m',NULL,'2026-01-04 23:48:13','2026-01-04 23:48:13','dark');
INSERT INTO users VALUES(709,'Colleen Gutmann PhD','williamson.eryn@example.net',NULL,2,'$2y$12$Zpx/zVp2sE9V4ZlcEUy7muvyF6DWduLxszKjhdah2BCqyDr0tRKye',NULL,'2026-01-04 23:48:17','2026-01-04 23:48:17','dark');
INSERT INTO users VALUES(710,'Prof. Ottilie Leffler','antonetta.schamberger@example.org',NULL,2,'$2y$12$BmArPkP2OSM3.vzyiuceNu1pKFO6c9RSdupFi3t6CRHsxSd/7ymmm',NULL,'2026-01-04 23:48:19','2026-01-04 23:48:19','dark');
CREATE TABLE IF NOT EXISTS "password_reset_tokens" ("email" varchar not null, "token" varchar not null, "created_at" datetime, primary key ("email"));
CREATE TABLE IF NOT EXISTS "sessions" ("id" varchar not null, "user_id" integer, "ip_address" varchar, "user_agent" text, "payload" text not null, "last_activity" integer not null, primary key ("id"));
INSERT INTO sessions VALUES('08WN8qmxMnugVaaJccy4hqj2dc8IpiGAaaRkaBhn',NULL,'127.0.0.1','Mozilla/5.0 (X11; Linux x86_64) AppleWebKit/537.36 (KHTML, like Gecko) Chrome/142.0.0.0 Safari/537.36','YTozOntzOjY6Il90b2tlbiI7czo0MDoiMFk4TzM3eWxhWGJhYXF6VTlkaW05ekt2bnZkSFFKSUZEdW1HMlJqUCI7czo5OiJfcHJldmlvdXMiO2E6MTp7czozOiJ1cmwiO3M6MzM6Imh0dHA6Ly9sb2NhbGhvc3Q6ODAwMS9ldmVudHM/c2M9MCI7fXM6NjoiX2ZsYXNoIjthOjI6e3M6Mzoib2xkIjthOjA6e31zOjM6Im5ldyI7YTowOnt9fX0=',1771151959);
INSERT INTO sessions VALUES('gTtja8t0vKAq1AWlXKe8twXo2dFiQmuWTna2YLlG',1,'127.0.0.1','Mozilla/5.0 (X11; Linux x86_64) AppleWebKit/537.36 (KHTML, like Gecko) Chrome/142.0.0.0 Safari/537.36','YTo0OntzOjY6Il90b2tlbiI7czo0MDoiZkJhc0pXbkRnTUpMWlZ6bnl5TGI2cGNuOHRiNUNETFVUdGIzbnlCWSI7czo5OiJfcHJldmlvdXMiO2E6MTp7czozOiJ1cmwiO3M6ODU6Imh0dHA6Ly9sb2NhbGhvc3Q6ODAwMS9hZG1pbi9kYXNoYm9hcmQvZXZlbnRzL2dhbGxlcnk/Y2hhcHRlcj1DYWxhYmFyJTIwQnJhbmNoJmV2ZW50PTEiO31zOjY6Il9mbGFzaCI7YToyOntzOjM6Im9sZCI7YTowOnt9czozOiJuZXciO2E6MDp7fX1zOjUwOiJsb2dpbl93ZWJfNTliYTM2YWRkYzJiMmY5NDAxNTgwZjAxNGM3ZjU4ZWE0ZTMwOTg5ZCI7aToxO30=',1771151964);
INSERT INTO sessions VALUES('EMyxFM1sfxKyuuNo6tTeEViu29ZuNdp2AHGiCZ1w',NULL,'127.0.0.1','Mozilla/5.0 (X11; Linux x86_64) AppleWebKit/537.36 (KHTML, like Gecko) Chrome/142.0.0.0 Safari/537.36','YTozOntzOjY6Il90b2tlbiI7czo0MDoiVmlHOEJzMlpYQlZKZkVSY2NyT1RwcVlwOGdVYmdkc2lNMWcwQ1E2WCI7czo5OiJfcHJldmlvdXMiO2E6MTp7czozOiJ1cmwiO3M6MjE6Imh0dHA6Ly8xMjcuMC4wLjE6ODAwMCI7fXM6NjoiX2ZsYXNoIjthOjI6e3M6Mzoib2xkIjthOjA6e31zOjM6Im5ldyI7YTowOnt9fX0=',1771525445);
INSERT INTO sessions VALUES('UnObfunQLKqKw1ZVaHWRvL9mNiiNiXZBKdXwchai',1,'127.0.0.1','Mozilla/5.0 (X11; Linux x86_64) AppleWebKit/537.36 (KHTML, like Gecko) Chrome/142.0.0.0 Safari/537.36','YTo0OntzOjY6Il90b2tlbiI7czo0MDoiRWxhT1N4T0ZqbkxQWkxmQ1Z2Y2dIYjlKM1V0OGNxaDRhWUpVR3hUTiI7czo5OiJfcHJldmlvdXMiO2E6MTp7czozOiJ1cmwiO3M6ODE6Imh0dHA6Ly9sb2NhbGhvc3Q6ODAwMC9hZG1pbi9kYXNoYm9hcmQvYXR0ZW5kYW5jZS9yZXBvcnRzP2NoYXB0ZXI9Q2FsYWJhciUyMEJyYW5jaCI7fXM6NjoiX2ZsYXNoIjthOjI6e3M6Mzoib2xkIjthOjA6e31zOjM6Im5ldyI7YTowOnt9fXM6NTA6ImxvZ2luX3dlYl81OWJhMzZhZGRjMmIyZjk0MDE1ODBmMDE0YzdmNThlYTRlMzA5ODlkIjtpOjE7fQ==',1771525444);
CREATE TABLE IF NOT EXISTS "cache" ("key" varchar not null, "value" text not null, "expiration" integer not null, primary key ("key"));
INSERT INTO cache VALUES('laravel_cache_spatie.permission.cache','a:3:{s:5:"alias";a:4:{s:1:"a";s:2:"id";s:1:"b";s:4:"name";s:1:"c";s:10:"guard_name";s:1:"r";s:5:"roles";}s:11:"permissions";a:48:{i:0;a:4:{s:1:"a";i:1;s:1:"b";s:14:"create-members";s:1:"c";s:3:"web";s:1:"r";a:2:{i:0;i:1;i:1;i:2;}}i:1;a:4:{s:1:"a";i:2;s:1:"b";s:12:"view-members";s:1:"c";s:3:"web";s:1:"r";a:4:{i:0;i:1;i:1;i:2;i:2;i:3;i:3;i:5;}}i:2;a:4:{s:1:"a";i:3;s:1:"b";s:12:"edit-members";s:1:"c";s:3:"web";s:1:"r";a:2:{i:0;i:1;i:1;i:2;}}i:3;a:4:{s:1:"a";i:4;s:1:"b";s:14:"delete-members";s:1:"c";s:3:"web";s:1:"r";a:2:{i:0;i:1;i:1;i:2;}}i:4;a:4:{s:1:"a";i:5;s:1:"b";s:12:"create-teams";s:1:"c";s:3:"web";s:1:"r";a:2:{i:0;i:1;i:1;i:2;}}i:5;a:4:{s:1:"a";i:6;s:1:"b";s:10:"view-teams";s:1:"c";s:3:"web";s:1:"r";a:2:{i:0;i:1;i:1;i:2;}}i:6;a:4:{s:1:"a";i:7;s:1:"b";s:10:"edit-teams";s:1:"c";s:3:"web";s:1:"r";a:2:{i:0;i:1;i:1;i:2;}}i:7;a:4:{s:1:"a";i:8;s:1:"b";s:12:"delete-teams";s:1:"c";s:3:"web";s:1:"r";a:2:{i:0;i:1;i:1;i:2;}}i:8;a:4:{s:1:"a";i:9;s:1:"b";s:14:"create-finance";s:1:"c";s:3:"web";s:1:"r";a:2:{i:0;i:1;i:1;i:2;}}i:9;a:4:{s:1:"a";i:10;s:1:"b";s:12:"view-finance";s:1:"c";s:3:"web";s:1:"r";a:2:{i:0;i:1;i:1;i:2;}}i:10;a:4:{s:1:"a";i:11;s:1:"b";s:12:"edit-finance";s:1:"c";s:3:"web";s:1:"r";a:2:{i:0;i:1;i:1;i:2;}}i:11;a:4:{s:1:"a";i:12;s:1:"b";s:14:"delete-finance";s:1:"c";s:3:"web";s:1:"r";a:2:{i:0;i:1;i:1;i:2;}}i:12;a:4:{s:1:"a";i:13;s:1:"b";s:14:"export-finance";s:1:"c";s:3:"web";s:1:"r";a:2:{i:0;i:1;i:1;i:2;}}i:13;a:4:{s:1:"a";i:14;s:1:"b";s:13:"create-events";s:1:"c";s:3:"web";s:1:"r";a:2:{i:0;i:1;i:1;i:2;}}i:14;a:4:{s:1:"a";i:15;s:1:"b";s:11:"view-events";s:1:"c";s:3:"web";s:1:"r";a:3:{i:0;i:1;i:1;i:2;i:2;i:6;}}i:15;a:4:{s:1:"a";i:16;s:1:"b";s:11:"edit-events";s:1:"c";s:3:"web";s:1:"r";a:2:{i:0;i:1;i:1;i:2;}}i:16;a:4:{s:1:"a";i:17;s:1:"b";s:13:"delete-events";s:1:"c";s:3:"web";s:1:"r";a:2:{i:0;i:1;i:1;i:2;}}i:17;a:4:{s:1:"a";i:18;s:1:"b";s:19:"create-appointments";s:1:"c";s:3:"web";s:1:"r";a:3:{i:0;i:1;i:1;i:2;i:2;i:3;}}i:18;a:4:{s:1:"a";i:19;s:1:"b";s:17:"view-appointments";s:1:"c";s:3:"web";s:1:"r";a:4:{i:0;i:1;i:1;i:2;i:2;i:3;i:3;i:5;}}i:19;a:4:{s:1:"a";i:20;s:1:"b";s:17:"edit-appointments";s:1:"c";s:3:"web";s:1:"r";a:3:{i:0;i:1;i:1;i:2;i:2;i:3;}}i:20;a:4:{s:1:"a";i:21;s:1:"b";s:19:"delete-appointments";s:1:"c";s:3:"web";s:1:"r";a:2:{i:0;i:1;i:1;i:2;}}i:21;a:4:{s:1:"a";i:22;s:1:"b";s:20:"view-prayer-requests";s:1:"c";s:3:"web";s:1:"r";a:5:{i:0;i:1;i:1;i:2;i:2;i:3;i:3;i:5;i:4;i:6;}}i:22;a:4:{s:1:"a";i:23;s:1:"b";s:23:"respond-prayer-requests";s:1:"c";s:3:"web";s:1:"r";a:5:{i:0;i:1;i:1;i:2;i:2;i:3;i:3;i:5;i:4;i:6;}}i:23;a:4:{s:1:"a";i:24;s:1:"b";s:14:"create-classes";s:1:"c";s:3:"web";s:1:"r";a:3:{i:0;i:1;i:1;i:2;i:2;i:3;}}i:24;a:4:{s:1:"a";i:25;s:1:"b";s:12:"view-academy";s:1:"c";s:3:"web";s:1:"r";a:5:{i:0;i:1;i:1;i:2;i:2;i:3;i:3;i:5;i:4;i:6;}}i:25;a:4:{s:1:"a";i:26;s:1:"b";s:12:"edit-academy";s:1:"c";s:3:"web";s:1:"r";a:2:{i:0;i:1;i:1;i:2;}}i:26;a:4:{s:1:"a";i:27;s:1:"b";s:14:"delete-academy";s:1:"c";s:3:"web";s:1:"r";a:2:{i:0;i:1;i:1;i:2;}}i:27;a:4:{s:1:"a";i:28;s:1:"b";s:14:"create-reports";s:1:"c";s:3:"web";s:1:"r";a:3:{i:0;i:1;i:1;i:2;i:2;i:3;}}i:28;a:4:{s:1:"a";i:29;s:1:"b";s:12:"view-reports";s:1:"c";s:3:"web";s:1:"r";a:4:{i:0;i:1;i:1;i:2;i:2;i:3;i:3;i:5;}}i:29;a:4:{s:1:"a";i:30;s:1:"b";s:12:"edit-reports";s:1:"c";s:3:"web";s:1:"r";a:2:{i:0;i:1;i:1;i:2;}}i:30;a:4:{s:1:"a";i:31;s:1:"b";s:14:"delete-reports";s:1:"c";s:3:"web";s:1:"r";a:2:{i:0;i:1;i:1;i:2;}}i:31;a:4:{s:1:"a";i:32;s:1:"b";s:15:"manage-settings";s:1:"c";s:3:"web";s:1:"r";a:2:{i:0;i:1;i:1;i:2;}}i:32;a:4:{s:1:"a";i:33;s:1:"b";s:12:"manage-roles";s:1:"c";s:3:"web";s:1:"r";a:1:{i:0;i:1;}}i:33;a:4:{s:1:"a";i:34;s:1:"b";s:18:"manage-permissions";s:1:"c";s:3:"web";s:1:"r";a:1:{i:0;i:1;}}i:34;a:4:{s:1:"a";i:35;s:1:"b";s:14:"view-transport";s:1:"c";s:3:"web";s:1:"r";a:3:{i:0;i:1;i:1;i:2;i:2;i:3;}}i:35;a:4:{s:1:"a";i:36;s:1:"b";s:23:"update-transport-status";s:1:"c";s:3:"web";s:1:"r";a:2:{i:0;i:1;i:1;i:2;}}i:36;a:4:{s:1:"a";i:37;s:1:"b";s:13:"view-missions";s:1:"c";s:3:"web";s:1:"r";a:4:{i:0;i:1;i:1;i:2;i:2;i:3;i:3;i:5;}}i:37;a:4:{s:1:"a";i:38;s:1:"b";s:15:"create-missions";s:1:"c";s:3:"web";s:1:"r";a:2:{i:0;i:1;i:1;i:2;}}i:38;a:4:{s:1:"a";i:39;s:1:"b";s:13:"edit-missions";s:1:"c";s:3:"web";s:1:"r";a:2:{i:0;i:1;i:1;i:2;}}i:39;a:4:{s:1:"a";i:40;s:1:"b";s:13:"view-medicals";s:1:"c";s:3:"web";s:1:"r";a:3:{i:0;i:1;i:1;i:2;i:2;i:3;}}i:40;a:4:{s:1:"a";i:41;s:1:"b";s:13:"edit-medicals";s:1:"c";s:3:"web";s:1:"r";a:2:{i:0;i:1;i:1;i:2;}}i:41;a:4:{s:1:"a";i:42;s:1:"b";s:15:"view-properties";s:1:"c";s:3:"web";s:1:"r";a:3:{i:0;i:1;i:1;i:2;i:2;i:3;}}i:42;a:4:{s:1:"a";i:43;s:1:"b";s:15:"edit-properties";s:1:"c";s:3:"web";s:1:"r";a:2:{i:0;i:1;i:1;i:2;}}i:43;a:4:{s:1:"a";i:44;s:1:"b";s:12:"view-scribes";s:1:"c";s:3:"web";s:1:"r";a:3:{i:0;i:1;i:1;i:2;i:2;i:3;}}i:44;a:4:{s:1:"a";i:45;s:1:"b";s:12:"edit-scribes";s:1:"c";s:3:"web";s:1:"r";a:3:{i:0;i:1;i:1;i:2;i:2;i:3;}}i:45;a:4:{s:1:"a";i:46;s:1:"b";s:16:"view-testimonies";s:1:"c";s:3:"web";s:1:"r";a:5:{i:0;i:1;i:1;i:2;i:2;i:3;i:3;i:5;i:4;i:6;}}i:46;a:4:{s:1:"a";i:47;s:1:"b";s:18:"create-testimonies";s:1:"c";s:3:"web";s:1:"r";a:3:{i:0;i:1;i:1;i:2;i:2;i:3;}}i:47;a:4:{s:1:"a";i:48;s:1:"b";s:14:"view-analytics";s:1:"c";s:3:"web";s:1:"r";a:2:{i:0;i:1;i:1;i:2;}}}s:5:"roles";a:5:{i:0;a:3:{s:1:"a";i:1;s:1:"b";s:11:"super-admin";s:1:"c";s:3:"web";}i:1;a:3:{s:1:"a";i:2;s:1:"b";s:5:"admin";s:1:"c";s:3:"web";}i:2;a:3:{s:1:"a";i:3;s:1:"b";s:9:"team-lead";s:1:"c";s:3:"web";}i:3;a:3:{s:1:"a";i:5;s:1:"b";s:9:"unit_head";s:1:"c";s:3:"web";}i:4;a:3:{s:1:"a";i:6;s:1:"b";s:6:"member";s:1:"c";s:3:"web";}}}',1771162936);
CREATE TABLE IF NOT EXISTS "cache_locks" ("key" varchar not null, "owner" varchar not null, "expiration" integer not null, primary key ("key"));
CREATE TABLE IF NOT EXISTS "jobs" ("id" integer primary key autoincrement not null, "queue" varchar not null, "payload" text not null, "attempts" integer not null, "reserved_at" integer, "available_at" integer not null, "created_at" integer not null);
CREATE TABLE IF NOT EXISTS "job_batches" ("id" varchar not null, "name" varchar not null, "total_jobs" integer not null, "pending_jobs" integer not null, "failed_jobs" integer not null, "failed_job_ids" text not null, "options" text, "cancelled_at" integer, "created_at" integer not null, "finished_at" integer, primary key ("id"));
CREATE TABLE IF NOT EXISTS "failed_jobs" ("id" integer primary key autoincrement not null, "uuid" varchar not null, "connection" text not null, "queue" text not null, "payload" text not null, "exception" text not null, "failed_at" datetime not null default CURRENT_TIMESTAMP);
INSERT INTO failed_jobs VALUES(1,'3cd4ec4c-1a4f-4dcd-9f25-45f33a1136d9','database','default','{"uuid":"3cd4ec4c-1a4f-4dcd-9f25-45f33a1136d9","displayName":"App\\Listeners\\NotifyTeamLeadOfRegistration","job":"Illuminate\\Queue\\CallQueuedHandler@call","maxTries":null,"maxExceptions":null,"failOnTimeout":false,"backoff":null,"timeout":null,"retryUntil":null,"data":{"commandName":"Illuminate\\Events\\CallQueuedListener","command":"O:36:\"Illuminate\\Events\\CallQueuedListener\":20:{s:5:\"class\";s:42:\"App\\Listeners\\NotifyTeamLeadOfRegistration\";s:6:\"method\";s:6:\"handle\";s:4:\"data\";a:1:{i:0;O:37:\"App\\Events\\StudentRegisteredToAcademy\":3:{s:7:\"student\";O:45:\"Illuminate\\Contracts\\Database\\ModelIdentifier\":5:{s:5:\"class\";s:15:\"App\\Models\\User\";s:2:\"id\";i:462;s:9:\"relations\";a:0:{}s:10:\"connection\";s:6:\"sqlite\";s:15:\"collectionClass\";N;}s:7:\"academy\";O:45:\"Illuminate\\Contracts\\Database\\ModelIdentifier\":5:{s:5:\"class\";s:26:\"App\\Models\\BeliversAcademy\";s:2:\"id\";i:1;s:9:\"relations\";a:0:{}s:10:\"connection\";s:6:\"sqlite\";s:15:\"collectionClass\";N;}s:12:\"studentClass\";O:45:\"Illuminate\\Contracts\\Database\\ModelIdentifier\":5:{s:5:\"class\";s:25:\"App\\Models\\StudentClasses\";s:2:\"id\";i:1;s:9:\"relations\";a:0:{}s:10:\"connection\";s:6:\"sqlite\";s:15:\"collectionClass\";N;}}}s:5:\"tries\";N;s:13:\"maxExceptions\";N;s:7:\"backoff\";N;s:10:\"retryUntil\";N;s:7:\"timeout\";N;s:13:\"failOnTimeout\";b:0;s:17:\"shouldBeEncrypted\";b:0;s:3:\"job\";N;s:10:\"connection\";N;s:5:\"queue\";N;s:5:\"delay\";N;s:11:\"afterCommit\";N;s:10:\"middleware\";a:0:{}s:7:\"chained\";a:0:{}s:15:\"chainConnection\";N;s:10:\"chainQueue\";N;s:19:\"chainCatchCallbacks\";N;}"},"createdAt":1768107529,"delay":null}',replace('BadMethodCallException: Call to undefined method App\Models\BeliversAcademy::believersAcademyTeam() in /home/ilem/Documents/church-site/vendor/laravel/framework/src/Illuminate/Support/Traits/ForwardsCalls.php:67\nStack trace:\n#0 /home/ilem/Documents/church-site/vendor/laravel/framework/src/Illuminate/Support/Traits/ForwardsCalls.php(36): Illuminate\Database\Eloquent\Model::throwBadMethodCallException()\n#1 /home/ilem/Documents/church-site/vendor/laravel/framework/src/Illuminate/Database/Eloquent/Model.php(2525): Illuminate\Database\Eloquent\Model->forwardCallTo()\n#2 /home/ilem/Documents/church-site/app/Listeners/NotifyTeamLeadOfRegistration.php(28): Illuminate\Database\Eloquent\Model->__call()\n#3 /home/ilem/Documents/church-site/vendor/laravel/framework/src/Illuminate/Events/CallQueuedListener.php(113): App\Listeners\NotifyTeamLeadOfRegistration->handle()\n#4 /home/ilem/Documents/church-site/vendor/laravel/framework/src/Illuminate/Container/BoundMethod.php(36): Illuminate\Events\CallQueuedListener->handle()\n#5 /home/ilem/Documents/church-site/vendor/laravel/framework/src/Illuminate/Container/Util.php(43): Illuminate\Container\BoundMethod::{closure:Illuminate\Container\BoundMethod::call():35}()\n#6 /home/ilem/Documents/church-site/vendor/laravel/framework/src/Illuminate/Container/BoundMethod.php(96): Illuminate\Container\Util::unwrapIfClosure()\n#7 /home/ilem/Documents/church-site/vendor/laravel/framework/src/Illuminate/Container/BoundMethod.php(35): Illuminate\Container\BoundMethod::callBoundMethod()\n#8 /home/ilem/Documents/church-site/vendor/laravel/framework/src/Illuminate/Container/Container.php(835): Illuminate\Container\BoundMethod::call()\n#9 /home/ilem/Documents/church-site/vendor/laravel/framework/src/Illuminate/Bus/Dispatcher.php(132): Illuminate\Container\Container->call()\n#10 /home/ilem/Documents/church-site/vendor/laravel/framework/src/Illuminate/Pipeline/Pipeline.php(180): Illuminate\Bus\Dispatcher->{closure:Illuminate\Bus\Dispatcher::dispatchNow():129}()\n#11 /home/ilem/Documents/church-site/vendor/laravel/framework/src/Illuminate/Pipeline/Pipeline.php(137): Illuminate\Pipeline\Pipeline->{closure:Illuminate\Pipeline\Pipeline::prepareDestination():178}()\n#12 /home/ilem/Documents/church-site/vendor/laravel/framework/src/Illuminate/Bus/Dispatcher.php(136): Illuminate\Pipeline\Pipeline->then()\n#13 /home/ilem/Documents/church-site/vendor/laravel/framework/src/Illuminate/Queue/CallQueuedHandler.php(134): Illuminate\Bus\Dispatcher->dispatchNow()\n#14 /home/ilem/Documents/church-site/vendor/laravel/framework/src/Illuminate/Pipeline/Pipeline.php(180): Illuminate\Queue\CallQueuedHandler->{closure:Illuminate\Queue\CallQueuedHandler::dispatchThroughMiddleware():127}()\n#15 /home/ilem/Documents/church-site/vendor/laravel/framework/src/Illuminate/Pipeline/Pipeline.php(137): Illuminate\Pipeline\Pipeline->{closure:Illuminate\Pipeline\Pipeline::prepareDestination():178}()\n#16 /home/ilem/Documents/church-site/vendor/laravel/framework/src/Illuminate/Queue/CallQueuedHandler.php(127): Illuminate\Pipeline\Pipeline->then()\n#17 /home/ilem/Documents/church-site/vendor/laravel/framework/src/Illuminate/Queue/CallQueuedHandler.php(68): Illuminate\Queue\CallQueuedHandler->dispatchThroughMiddleware()\n#18 /home/ilem/Documents/church-site/vendor/laravel/framework/src/Illuminate/Queue/Jobs/Job.php(102): Illuminate\Queue\CallQueuedHandler->call()\n#19 /home/ilem/Documents/church-site/vendor/laravel/framework/src/Illuminate/Queue/Worker.php(444): Illuminate\Queue\Jobs\Job->fire()\n#20 /home/ilem/Documents/church-site/vendor/laravel/framework/src/Illuminate/Queue/Worker.php(394): Illuminate\Queue\Worker->process()\n#21 /home/ilem/Documents/church-site/vendor/laravel/framework/src/Illuminate/Queue/Worker.php(337): Illuminate\Queue\Worker->runJob()\n#22 /home/ilem/Documents/church-site/vendor/laravel/framework/src/Illuminate/Queue/Console/WorkCommand.php(148): Illuminate\Queue\Worker->runNextJob()\n#23 /home/ilem/Documents/church-site/vendor/laravel/framework/src/Illuminate/Queue/Console/WorkCommand.php(131): Illuminate\Queue\Console\WorkCommand->runWorker()\n#24 /home/ilem/Documents/church-site/vendor/laravel/framework/src/Illuminate/Container/BoundMethod.php(36): Illuminate\Queue\Console\WorkCommand->handle()\n#25 /home/ilem/Documents/church-site/vendor/laravel/framework/src/Illuminate/Container/Util.php(43): Illuminate\Container\BoundMethod::{closure:Illuminate\Container\BoundMethod::call():35}()\n#26 /home/ilem/Documents/church-site/vendor/laravel/framework/src/Illuminate/Container/BoundMethod.php(96): Illuminate\Container\Util::unwrapIfClosure()\n#27 /home/ilem/Documents/church-site/vendor/laravel/framework/src/Illuminate/Container/BoundMethod.php(35): Illuminate\Container\BoundMethod::callBoundMethod()\n#28 /home/ilem/Documents/church-site/vendor/laravel/framework/src/Illuminate/Container/Container.php(835): Illuminate\Container\BoundMethod::call()\n#29 /home/ilem/Documents/church-site/vendor/laravel/framework/src/Illuminate/Console/Command.php(211): Illuminate\Container\Container->call()\n#30 /home/ilem/Documents/church-site/vendor/symfony/console/Command/Command.php(318): Illuminate\Console\Command->execute()\n#31 /home/ilem/Documents/church-site/vendor/laravel/framework/src/Illuminate/Console/Command.php(180): Symfony\Component\Console\Command\Command->run()\n#32 /home/ilem/Documents/church-site/vendor/symfony/console/Application.php(1092): Illuminate\Console\Command->run()\n#33 /home/ilem/Documents/church-site/vendor/symfony/console/Application.php(341): Symfony\Component\Console\Application->doRunCommand()\n#34 /home/ilem/Documents/church-site/vendor/symfony/console/Application.php(192): Symfony\Component\Console\Application->doRun()\n#35 /home/ilem/Documents/church-site/vendor/laravel/framework/src/Illuminate/Foundation/Console/Kernel.php(197): Symfony\Component\Console\Application->run()\n#36 /home/ilem/Documents/church-site/vendor/laravel/framework/src/Illuminate/Foundation/Application.php(1234): Illuminate\Foundation\Console\Kernel->handle()\n#37 /home/ilem/Documents/church-site/artisan(16): Illuminate\Foundation\Application->handleCommand()\n#38 {main}','\n',char(10)),'2026-01-11 07:57:31');
CREATE TABLE IF NOT EXISTS "password_reset_requests" ("id" integer primary key autoincrement not null, "user_id" integer, "email" varchar not null, "token" varchar not null, "status" varchar check ("status" in ('pending', 'approved', 'rejected')) not null default 'pending', "approved_at" datetime, "approved_by" integer, "reason" text, "created_at" datetime, "updated_at" datetime, foreign key("user_id") references "users"("id") on delete cascade, foreign key("approved_by") references "users"("id") on delete set null);
CREATE TABLE IF NOT EXISTS "teams" ("id" integer primary key autoincrement not null, "name" varchar not null, "short" varchar, "chapter_id" integer, "banner" varchar, "has_team_lead" tinyint(1) not null default '1', "created_at" datetime, "updated_at" datetime);
INSERT INTO teams VALUES(1,'COHTECH APOSTOLIC CENTER','COHTECH',1,'teams/cohtech.png',1,'2025-11-24 03:04:07','2026-01-04 23:37:16');
INSERT INTO teams VALUES(2,'UNICROSS APOSTOLIC CENTER','UNICROSS',1,'teams/unicross.png',1,'2025-11-24 03:04:17','2026-01-04 23:37:39');
INSERT INTO teams VALUES(3,'DOXA MUSIC MINISTRY','MUSIC',1,'teams/music.png',1,'2025-11-24 03:04:29','2026-01-04 23:38:02');
INSERT INTO teams VALUES(4,'PROTOCOL','PROTO',1,'teams/protocol.png',1,'2025-11-24 03:04:42','2026-01-04 23:38:34');
INSERT INTO teams VALUES(5,'SCRIBE','SCRIBE',1,'teams/scribe.png',1,'2025-11-24 03:04:58','2026-01-04 23:39:20');
INSERT INTO teams VALUES(6,'MISSIONS','MISSION',1,'teams/missions.png',1,'2025-11-24 03:05:22','2026-01-04 23:39:58');
INSERT INTO teams VALUES(7,'USHERING','USH',1,'teams/ushering.png',1,'2025-11-24 03:05:48','2026-01-04 23:40:34');
INSERT INTO teams VALUES(8,'MEDIA','MEDIA',1,'teams/media.png',1,'2025-11-24 03:06:16','2026-01-04 23:41:08');
INSERT INTO teams VALUES(9,'COUNSELING','COUNSEL',1,'teams/counseling.png',1,'2025-11-24 03:06:44','2026-01-04 23:41:48');
INSERT INTO teams VALUES(10,'TECHNICAL','TECH',1,'teams/technical.png',1,'2025-11-24 03:07:06','2026-01-04 23:42:43');
INSERT INTO teams VALUES(11,'COHTECH APOSTOLIC CENTER','COHTECH',2,'teams/cohtech.png',1,'2025-11-24 03:07:19','2026-01-04 23:43:40');
INSERT INTO teams VALUES(12,'UNICROSS APOSTOLIC CENTER','UNICROSS',2,'teams/unicross.png',1,'2025-11-24 03:07:31','2026-01-04 23:44:33');
INSERT INTO teams VALUES(13,'DOXA MUSIC MINISTRY','MUSIC',2,'teams/music.png',1,'2025-11-24 03:07:44','2026-01-04 23:45:11');
INSERT INTO teams VALUES(14,'PROTOCOL','PROTO',2,'teams/protocol.png',1,'2025-11-24 03:07:55','2026-01-04 23:45:46');
INSERT INTO teams VALUES(15,'SCRIBE','SCRIBE',2,'teams/scribe.png',1,'2025-11-24 03:08:08','2026-01-04 23:46:23');
INSERT INTO teams VALUES(16,'MISSIONS','MISSION',2,'teams/missions.png',1,'2025-11-24 03:08:20','2026-01-04 23:46:54');
INSERT INTO teams VALUES(17,'USHERING','USH',2,'teams/ushering.png',1,'2025-11-24 03:08:33','2026-01-04 23:47:27');
INSERT INTO teams VALUES(18,'MEDIA','MEDIA',2,'teams/media.png',1,'2025-11-24 03:08:45','2026-01-04 23:48:00');
INSERT INTO teams VALUES(19,'COUNSELING','COUNSEL',2,'teams/counseling.png',1,'2025-11-24 03:08:58','2025-11-24 03:08:58');
INSERT INTO teams VALUES(20,'TECHNICAL','TECH',2,'teams/technical.png',1,'2025-11-24 03:09:10','2025-11-24 03:09:10');
INSERT INTO teams VALUES(21,'COHTECH APOSTOLIC CENTER','COHTECH',3,'teams/cohtech.png',1,'2025-11-24 03:09:22','2025-11-24 03:09:22');
INSERT INTO teams VALUES(22,'UNICROSS APOSTOLIC CENTER','UNICROSS',3,'teams/unicross.png',1,'2025-11-24 03:09:34','2025-11-24 03:09:34');
INSERT INTO teams VALUES(23,'DOXA MUSIC MINISTRY','MUSIC',3,'teams/music.png',1,'2025-11-24 03:09:46','2025-11-24 03:09:46');
INSERT INTO teams VALUES(24,'PROTOCOL','PROTO',3,'teams/protocol.png',1,'2025-11-24 03:09:58','2025-11-24 03:09:58');
INSERT INTO teams VALUES(25,'SCRIBE','SCRIBE',3,'teams/scribe.png',1,'2025-11-24 03:10:10','2025-11-24 03:10:10');
INSERT INTO teams VALUES(26,'MISSIONS','MISSION',3,'teams/missions.png',1,'2025-11-24 03:10:27','2025-11-24 03:10:27');
INSERT INTO teams VALUES(27,'USHERING','USH',3,'teams/ushering.png',1,'2025-11-24 03:10:39','2025-11-24 03:10:39');
INSERT INTO teams VALUES(28,'MEDIA','MEDIA',3,'teams/media.png',1,'2025-11-24 03:10:51','2025-11-24 03:10:51');
INSERT INTO teams VALUES(29,'COUNSELING','COUNSEL',3,'teams/counseling.png',1,'2025-11-24 03:11:04','2025-11-24 03:11:04');
INSERT INTO teams VALUES(30,'TECHNICAL','TECH',3,'teams/technical.png',1,'2025-11-24 03:11:15','2025-11-24 03:11:15');
CREATE TABLE IF NOT EXISTS "profiles" ("id" integer primary key autoincrement not null, "user_id" integer not null, "chapter_id" integer, "first_name" varchar, "last_name" varchar, "gender" varchar, "dob" date, "phone" varchar, "secondary_phone" varchar, "email" varchar, "address" varchar, "city" varchar, "state" varchar, "country" varchar, "marital_status" varchar, "wedding_anniversary" date, "occupation" varchar, "employer" varchar, "education_level" varchar, "baptism_status" varchar, "membership_date" date, "avatar" varchar, "created_at" datetime, "updated_at" datetime, foreign key("user_id") references "users"("id") on delete cascade);
INSERT INTO profiles VALUES(1,1,NULL,'Ilem','Admin','male','1983-06-16','+1.470.880.2974',NULL,'ilem@gmail.com','918 Keeling Alley','West Lacyside','Connecticut','Ecuador','single',NULL,'Administrator',NULL,NULL,'baptized','1971-09-13',NULL,'2026-01-04 23:33:33','2026-01-04 23:33:33');
INSERT INTO profiles VALUES(2,425,1,'Genevieve','Dicki','other','1978-06-07','+1.623.846.5465',NULL,'yazmin72@example.com','91810 Hartmann Avenue','Bergnaumside','New Hampshire','Eritrea','married',NULL,'Data Entry Operator',NULL,NULL,'baptized','1980-01-20',NULL,'2026-01-04 23:33:35','2026-01-04 23:33:35');
INSERT INTO profiles VALUES(3,426,2,'Kayla','Deckow','male','1990-01-05','1-551-822-3756',NULL,'fritsch.everett@example.net','17360 Gladyce Well Suite 006','Abelardochester','Illinois','Brunei Darussalam','married',NULL,'Environmental Scientist',NULL,NULL,'not baptized','2005-12-23',NULL,'2026-01-04 23:33:36','2026-01-04 23:33:36');
INSERT INTO profiles VALUES(4,427,3,'Sidney','Bruen','other','1990-03-09','1-667-225-8389',NULL,'witting.vern@example.com','6008 Hartmann Track','Jazlynberg','Indiana','Mali','single',NULL,'Dredge Operator',NULL,NULL,'baptized','2000-03-24',NULL,'2026-01-04 23:33:37','2026-01-04 23:33:37');
INSERT INTO profiles VALUES(5,428,1,'Aron','Armstrong','female','1993-05-21','+1 (414) 910-5123',NULL,'green12@example.com','2156 Tromp Plain','Jenniferville','Hawaii','Finland','married',NULL,'Electrical Parts Reconditioner',NULL,NULL,'not baptized','1975-08-25',NULL,'2026-01-04 23:33:40','2026-01-04 23:33:40');
INSERT INTO profiles VALUES(6,429,1,'Roscoe','Hammes','female','1982-07-25','1-234-316-5165',NULL,'bailey91@example.com','210 Yoshiko Crescent Apt. 777','Schummborough','Louisiana','Croatia','widowed',NULL,'Coroner',NULL,NULL,'baptized','2013-01-02',NULL,'2026-01-04 23:33:41','2026-01-04 23:33:41');
INSERT INTO profiles VALUES(7,430,1,'Letha','Reichert','male','1980-09-01','(828) 723-6768',NULL,'kwilkinson@example.com','77544 Sabrina Groves Suite 530','Mavisborough','Connecticut','Marshall Islands','widowed',NULL,'Fire Inspector',NULL,NULL,'baptized','1984-05-07',NULL,'2026-01-04 23:33:42','2026-01-04 23:33:42');
INSERT INTO profiles VALUES(8,431,1,'Sydnie','Renner','other','1994-05-02','+1 (253) 535-3020',NULL,'hhills@example.org','871 Tremblay Mountain','Astridport','New Mexico','Palau','single',NULL,'Structural Metal Fabricator',NULL,NULL,'not baptized','1970-07-31',NULL,'2026-01-04 23:33:44','2026-01-04 23:33:44');
INSERT INTO profiles VALUES(9,432,1,'Juanita','Mayer','male','1993-07-28','+1-603-423-4703',NULL,'ydubuque@example.org','1513 Eleanore Squares','Port Hattie','Minnesota','United States of America','single',NULL,'Self-Enrichment Education Teacher',NULL,NULL,'baptized','2000-01-02',NULL,'2026-01-04 23:33:45','2026-01-04 23:33:45');
INSERT INTO profiles VALUES(10,433,1,'Serenity','Baumbach','male','1976-12-14','+17203848577',NULL,'rosella.schroeder@example.net','722 Helen Island Apt. 805','Lake Deon','New Hampshire','Martinique','single',NULL,'Plating Operator',NULL,NULL,'baptized','1977-12-29',NULL,'2026-01-04 23:33:46','2026-01-04 23:33:46');
INSERT INTO profiles VALUES(11,434,1,'Kaitlin','Gerhold','male','1988-02-20','(480) 483-5322',NULL,'gryan@example.org','325 Terry Center','Kiehnview','Michigan','British Virgin Islands','single',NULL,'Anthropologist OR Archeologist',NULL,NULL,'baptized','1991-07-15',NULL,'2026-01-04 23:33:47','2026-01-04 23:33:47');
INSERT INTO profiles VALUES(12,435,1,'Merle','Weimann','male','1979-12-23','857-991-2171',NULL,'upton.mariah@example.net','45312 Madaline Dale Apt. 558','Port Shakira','Hawaii','Philippines','widowed',NULL,'Model Maker',NULL,NULL,'baptized','1988-05-13',NULL,'2026-01-04 23:33:49','2026-01-04 23:33:49');
INSERT INTO profiles VALUES(13,436,1,'Pablo','Rice','female','1978-10-02','1-912-225-9606',NULL,'tremblay.curt@example.com','61358 Hermiston Meadows Apt. 649','Lake Kendra','Oregon','Nigeria','single',NULL,'Computer Software Engineer',NULL,NULL,'not baptized','1979-11-02',NULL,'2026-01-04 23:33:50','2026-01-04 23:33:50');
INSERT INTO profiles VALUES(14,437,1,'Delaney','Koepp','female','1990-05-25','+1-978-519-1492',NULL,'jgrant@example.org','385 Block Brook Apt. 236','Bodeshire','South Dakota','Bouvet Island (Bouvetoya)','widowed',NULL,'Computer Scientist',NULL,NULL,'baptized','2017-01-29',NULL,'2026-01-04 23:33:51','2026-01-04 23:33:51');
INSERT INTO profiles VALUES(15,438,1,'Margaret','Mertz','male','1984-08-27','+1.224.334.7682',NULL,'deckow.marisol@example.net','3113 Bogan Burg Suite 131','Doylebury','Oklahoma','Saudi Arabia','single',NULL,'Business Manager',NULL,NULL,'baptized','1976-07-12',NULL,'2026-01-04 23:33:52','2026-01-04 23:33:52');
INSERT INTO profiles VALUES(16,439,1,'Tania','Kunze','male','1994-08-06','1-337-370-9297',NULL,'stella.crona@example.net','8288 Gibson Plain Apt. 831','North Bertaton','Nebraska','Armenia','married',NULL,'Physics Teacher',NULL,NULL,'baptized','2017-07-17',NULL,'2026-01-04 23:33:53','2026-01-04 23:33:53');
INSERT INTO profiles VALUES(17,440,1,'Bernadette','Kreiger','male','1978-04-09','(859) 806-1070',NULL,'aschaden@example.net','3981 Karlee Ridges Suite 169','Hageneschester','Rhode Island','Cuba','married',NULL,'Mine Cutting Machine Operator',NULL,NULL,'baptized','1978-12-07',NULL,'2026-01-04 23:33:54','2026-01-04 23:33:54');
INSERT INTO profiles VALUES(18,441,1,'Gisselle','Ritchie','male','1994-01-29','332-708-0366',NULL,'ahirthe@example.com','1648 Lind Spring','Port Judah','Washington','Italy','single',NULL,'Sculptor',NULL,NULL,'baptized','2019-12-12',NULL,'2026-01-04 23:33:55','2026-01-04 23:33:55');
INSERT INTO profiles VALUES(19,442,1,'Nia','Streich','female','1992-11-11','1-567-460-0173',NULL,'kristian.cormier@example.com','35222 Kautzer Pike Suite 559','Arturofort','South Carolina','Albania','married',NULL,'Woodworker',NULL,NULL,'not baptized','2012-06-22',NULL,'2026-01-04 23:33:56','2026-01-04 23:33:56');
INSERT INTO profiles VALUES(20,443,1,'Dante','Nikolaus','female','1971-11-01','(737) 560-6766',NULL,'dasia.witting@example.net','4894 Joanie Flat','Port Gwenhaven','Maine','Botswana','married',NULL,'Brazer',NULL,NULL,'not baptized','2013-08-31',NULL,'2026-01-04 23:33:57','2026-01-04 23:33:57');
INSERT INTO profiles VALUES(21,444,1,'Derek','Dooley','other','1972-09-09','+14144949885',NULL,'bheidenreich@example.net','19661 Larkin Trail','Savionfurt','Alabama','Portugal','widowed',NULL,'Director Of Social Media Marketing',NULL,NULL,'not baptized','2002-05-01',NULL,'2026-01-04 23:33:59','2026-01-04 23:33:59');
INSERT INTO profiles VALUES(22,445,1,'Lonie','Balistreri','other','1977-02-27','(445) 858-1624',NULL,'jimmy41@example.org','28926 Sauer Trafficway Apt. 753','Port Jess','New Hampshire','Lao People''s Democratic Republic','married',NULL,'Mechanical Engineering Technician',NULL,NULL,'baptized','2001-06-11',NULL,'2026-01-04 23:34:02','2026-01-04 23:34:02');
INSERT INTO profiles VALUES(23,446,1,'May','Huel','female','1979-06-11','(605) 467-5824',NULL,'ljohns@example.org','41170 Hermann Port Apt. 285','Port Mistyton','Vermont','Korea','widowed',NULL,'Woodworking Machine Operator',NULL,NULL,'not baptized','2019-04-04',NULL,'2026-01-04 23:34:04','2026-01-04 23:34:04');
INSERT INTO profiles VALUES(24,447,1,'Dortha','Fahey','female','1980-05-20','+1 (651) 721-4318',NULL,'amani37@example.net','6340 Kulas Ville','North Larry','Utah','Gibraltar','widowed',NULL,'Fire Investigator',NULL,NULL,'baptized','1995-05-28',NULL,'2026-01-04 23:34:06','2026-01-04 23:34:06');
INSERT INTO profiles VALUES(25,448,1,'Erica','Schinner','female','1976-12-19','1-657-358-4738',NULL,'romaguera.aaliyah@example.com','97662 Lucinda Motorway','Alethaview','North Dakota','Tanzania','single',NULL,'Metal Worker',NULL,NULL,'baptized','2001-11-13',NULL,'2026-01-04 23:34:09','2026-01-04 23:34:09');
INSERT INTO profiles VALUES(26,449,1,'Tomasa','Boyle','male','1973-05-19','440.750.1459',NULL,'tritchie@example.net','216 Orval Isle Suite 817','Feeststad','Georgia','Guam','single',NULL,'Installation and Repair Technician',NULL,NULL,'not baptized','2017-07-08',NULL,'2026-01-04 23:34:11','2026-01-04 23:34:11');
INSERT INTO profiles VALUES(27,450,1,'Rubie','Crona','male','1985-04-29','+15862462478',NULL,'weber.lauriane@example.org','7466 Amely Ford Apt. 922','Funkchester','Kansas','French Polynesia','single',NULL,'Account Manager',NULL,NULL,'baptized','1987-12-03',NULL,'2026-01-04 23:34:14','2026-01-04 23:34:14');
INSERT INTO profiles VALUES(28,451,1,'Laron','Ortiz','male','1993-12-21','(820) 658-7652',NULL,'urunte@example.net','993 Stark Fall','South Eryn','Michigan','Spain','widowed',NULL,'Millwright',NULL,NULL,'not baptized','1979-03-26',NULL,'2026-01-04 23:34:17','2026-01-04 23:34:17');
INSERT INTO profiles VALUES(29,452,1,'Abdullah','Kutch','female','1975-02-01','+1 (707) 241-1696',NULL,'jkoss@example.com','128 Penelope Coves','West Emmanuelle','New York','Rwanda','single',NULL,'Aircraft Mechanics OR Aircraft Service Technician',NULL,NULL,'not baptized','2005-12-01',NULL,'2026-01-04 23:34:19','2026-01-04 23:34:19');
INSERT INTO profiles VALUES(30,453,1,'Lura','O''Connell','female','1984-08-01','458.277.0730',NULL,'elton33@example.com','4753 Laurine Ford','North Jimmy','Rhode Island','Morocco','married',NULL,'Respiratory Therapy Technician',NULL,NULL,'not baptized','1985-02-09',NULL,'2026-01-04 23:34:21','2026-01-04 23:34:21');
INSERT INTO profiles VALUES(31,454,1,'Norberto','Mertz','other','1993-01-24','484-554-3772',NULL,'israel.oconner@example.com','36230 Witting Spurs','Tobinfort','Mississippi','Andorra','married',NULL,'Personal Home Care Aide',NULL,NULL,'baptized','1974-08-22',NULL,'2026-01-04 23:34:24','2026-01-04 23:34:24');
INSERT INTO profiles VALUES(32,455,1,'Fern','West','male','1977-05-20','1-830-313-7710',NULL,'dhermann@example.org','206 Amani Motorway','Keeblerton','New Hampshire','Isle of Man','single',NULL,'Electro-Mechanical Technician',NULL,NULL,'baptized','1997-07-30',NULL,'2026-01-04 23:34:26','2026-01-04 23:34:26');
INSERT INTO profiles VALUES(33,456,1,'Kelton','Schaden','male','1988-04-13','+1-352-461-7873',NULL,'howell.rubye@example.org','14838 Kertzmann Plaza Apt. 798','East Karl','New York','Bahamas','widowed',NULL,'Railroad Yard Worker',NULL,NULL,'baptized','2018-12-09',NULL,'2026-01-04 23:34:29','2026-01-04 23:34:29');
INSERT INTO profiles VALUES(34,457,1,'Vickie','Bailey','other','1983-01-02','+17476039275',NULL,'fannie.schmitt@example.net','1427 Emilia Isle Apt. 892','Port Sophia','Vermont','Tokelau','single',NULL,'Protective Service Worker',NULL,NULL,'not baptized','1992-02-23',NULL,'2026-01-04 23:34:32','2026-01-04 23:34:32');
INSERT INTO profiles VALUES(35,458,2,'Rossie','Hickle','other','1976-03-03','+1.863.313.3958',NULL,'norris60@example.org','380 Denesik Junction Suite 358','East Sashahaven','Arkansas','Cote d''Ivoire','single',NULL,'Title Abstractor',NULL,NULL,'baptized','1970-12-05',NULL,'2026-01-04 23:34:35','2026-01-04 23:34:35');
INSERT INTO profiles VALUES(36,459,2,'Devyn','Kunde','other','1993-03-13','+1-754-328-4144',NULL,'retta.schaefer@example.net','259 Runte Prairie Apt. 636','East Cydneyville','Mississippi','Haiti','widowed',NULL,'Fire-Prevention Engineer',NULL,NULL,'not baptized','2015-07-18',NULL,'2026-01-04 23:34:38','2026-01-04 23:34:38');
INSERT INTO profiles VALUES(37,460,2,'Vena','Dickens','other','1983-02-25','(423) 496-1797',NULL,'dmcdermott@example.net','5138 Carter Springs Apt. 643','West Paula','Alabama','Central African Republic','married',NULL,'Technical Program Manager',NULL,NULL,'baptized','2010-06-14',NULL,'2026-01-04 23:34:40','2026-01-04 23:34:40');
INSERT INTO profiles VALUES(38,461,2,'Chadrick','Ledner','female','1970-11-21','1-701-292-3825',NULL,'carson.gutkowski@example.net','616 Lindgren Extensions','East Adrianashire','Idaho','Libyan Arab Jamahiriya','married',NULL,'Rail Yard Engineer',NULL,NULL,'not baptized','2002-06-06',NULL,'2026-01-04 23:34:42','2026-01-04 23:34:42');
INSERT INTO profiles VALUES(39,462,2,'Augustine','Pfeffer','male','1982-06-30','+1.539.631.8286',NULL,'malika50@example.com','31148 Russell Forges','Bergnaumbury','New Mexico','Netherlands','married',NULL,'Office Clerk',NULL,NULL,'baptized','2006-03-29',NULL,'2026-01-04 23:34:44','2026-01-04 23:34:44');
INSERT INTO profiles VALUES(40,463,2,'Flossie','Leuschke','other','1974-11-09','352.701.7119',NULL,'jkirlin@example.net','341 Romaguera Crossing Suite 722','East Nolan','California','Tokelau','married',NULL,'Operating Engineer',NULL,NULL,'baptized','2014-07-09',NULL,'2026-01-04 23:34:46','2026-01-04 23:34:46');
INSERT INTO profiles VALUES(41,464,2,'Kylee','Kris','other','1977-03-06','(650) 885-6651',NULL,'alvera.balistreri@example.net','342 Elda Run','Jaskolskiburgh','Iowa','Vanuatu','single',NULL,'Computer Software Engineer',NULL,NULL,'baptized','2011-03-14',NULL,'2026-01-04 23:34:50','2026-01-04 23:34:50');
INSERT INTO profiles VALUES(42,465,2,'Helene','Gottlieb','female','1994-10-31','478.950.0001',NULL,'willms.evangeline@example.org','79991 Legros Estate Apt. 667','South Skye','Ohio','Seychelles','married',NULL,'State',NULL,NULL,'not baptized','1993-10-02',NULL,'2026-01-04 23:34:54','2026-01-04 23:34:54');
INSERT INTO profiles VALUES(43,466,2,'Micah','Pouros','female','1985-12-03','(765) 749-6314',NULL,'corkery.nat@example.com','7724 McCullough Islands Suite 835','Stoneton','Nevada','Belize','single',NULL,'Electrician',NULL,NULL,'baptized','1994-02-24',NULL,'2026-01-04 23:34:59','2026-01-04 23:34:59');
INSERT INTO profiles VALUES(44,467,2,'Jailyn','Bednar','male','1975-09-01','+1-931-561-6366',NULL,'anais.bergnaum@example.net','3170 Auer Freeway','West Norris','Pennsylvania','Poland','married',NULL,'Well and Core Drill Operator',NULL,NULL,'baptized','1988-09-05',NULL,'2026-01-04 23:35:03','2026-01-04 23:35:03');
INSERT INTO profiles VALUES(45,468,2,'Matteo','Farrell','male','1989-02-24','+1 (616) 548-3847',NULL,'andy.shields@example.org','661 Kuvalis Road','Theresiafurt','New Mexico','Barbados','married',NULL,'Pump Operators',NULL,NULL,'not baptized','1984-03-03',NULL,'2026-01-04 23:35:09','2026-01-04 23:35:09');
INSERT INTO profiles VALUES(46,469,2,'Kieran','Hintz','other','1983-06-17','+1 (734) 780-2872',NULL,'abel.gutmann@example.org','853 Jada Bridge','Kristophermouth','South Carolina','Sierra Leone','single',NULL,'Educational Counselor OR Vocationall Counselor',NULL,NULL,'not baptized','1998-10-29',NULL,'2026-01-04 23:35:10','2026-01-04 23:35:10');
INSERT INTO profiles VALUES(47,470,2,'Gunnar','Doyle','female','1977-11-21','+1-215-360-6610',NULL,'trever.bradtke@example.org','27890 Jermain Spur','Port Savannafort','Utah','Malawi','widowed',NULL,'Coaches and Scout',NULL,NULL,'not baptized','2002-11-12',NULL,'2026-01-04 23:35:13','2026-01-04 23:35:13');
INSERT INTO profiles VALUES(48,471,2,'Tremayne','Gutmann','other','1979-12-08','838-779-9930',NULL,'smitham.elza@example.org','5822 Nelson Throughway Suite 469','Gibsonmouth','Wisconsin','Singapore','single',NULL,'Industrial-Organizational Psychologist',NULL,NULL,'not baptized','1977-11-22',NULL,'2026-01-04 23:35:15','2026-01-04 23:35:15');
INSERT INTO profiles VALUES(49,472,2,'Samanta','Breitenberg','female','1979-04-21','347-648-4836',NULL,'rhiannon60@example.com','708 Leif Knolls','Jazlynstad','Michigan','Dominica','single',NULL,'Welding Machine Operator',NULL,NULL,'baptized','2003-12-22',NULL,'2026-01-04 23:35:18','2026-01-04 23:35:18');
INSERT INTO profiles VALUES(50,473,2,'Yesenia','Bode','other','1993-10-07','1-575-432-0497',NULL,'mary06@example.org','8932 Johnson Fork','Merltown','Kentucky','Albania','married',NULL,'Respiratory Therapy Technician',NULL,NULL,'baptized','1977-11-01',NULL,'2026-01-04 23:35:21','2026-01-04 23:35:21');
INSERT INTO profiles VALUES(51,474,2,'Judd','Jast','other','1971-01-05','1-803-727-4973',NULL,'bartell.isabella@example.org','982 Bernier Knolls Suite 416','East Raquelview','Mississippi','Japan','married',NULL,'Stock Clerk',NULL,NULL,'baptized','1976-02-16',NULL,'2026-01-04 23:35:24','2026-01-04 23:35:24');
INSERT INTO profiles VALUES(52,475,2,'Darron','Feest','female','1989-03-25','(551) 330-4801',NULL,'hammes.ted@example.org','4762 Bertha Mount Suite 340','Jakubowskiburgh','Georgia','Norfolk Island','widowed',NULL,'Security Systems Installer OR Fire Alarm Systems Installer',NULL,NULL,'not baptized','1983-06-02',NULL,'2026-01-04 23:35:26','2026-01-04 23:35:26');
INSERT INTO profiles VALUES(53,476,2,'Elmo','Vandervort','female','1973-03-12','(743) 833-8261',NULL,'kailey.ruecker@example.org','7534 Kenneth Fords Suite 622','Port Raebury','Arizona','Croatia','married',NULL,'Surveyor',NULL,NULL,'baptized','2004-01-28',NULL,'2026-01-04 23:35:28','2026-01-04 23:35:28');
INSERT INTO profiles VALUES(54,477,2,'Elouise','Barton','other','1976-12-28','810.606.8973',NULL,'roman71@example.net','57621 Kunde Cape Suite 388','Lake Conner','California','Bosnia and Herzegovina','widowed',NULL,'Sales Manager',NULL,NULL,'not baptized','1972-03-03',NULL,'2026-01-04 23:35:31','2026-01-04 23:35:31');
INSERT INTO profiles VALUES(55,478,2,'Marcelle','Wintheiser','female','1981-02-27','(352) 426-8741',NULL,'merle.flatley@example.org','497 Edyth Row','Port Janessashire','Maine','Algeria','married',NULL,'Airfield Operations Specialist',NULL,NULL,'baptized','1983-06-03',NULL,'2026-01-04 23:35:33','2026-01-04 23:35:33');
INSERT INTO profiles VALUES(56,479,2,'Dianna','Strosin','other','1984-03-11','+16693081932',NULL,'weimann.willow@example.com','765 Wintheiser Street Apt. 475','Deventown','Minnesota','Philippines','single',NULL,'Petroleum Technician',NULL,NULL,'baptized','1992-08-17',NULL,'2026-01-04 23:35:35','2026-01-04 23:35:35');
INSERT INTO profiles VALUES(57,480,2,'Katrine','Denesik','other','1979-07-24','+1-423-733-8288',NULL,'gabriel69@example.com','1810 Nicholaus Expressway Apt. 598','Port Kailey','Alaska','Comoros','widowed',NULL,'Lifeguard',NULL,NULL,'baptized','1974-08-30',NULL,'2026-01-04 23:35:37','2026-01-04 23:35:37');
INSERT INTO profiles VALUES(58,481,2,'Verner','Ryan','female','1979-05-12','239.945.9047',NULL,'chloe00@example.org','481 Jast Fort','West Pink','Massachusetts','Switzerland','widowed',NULL,'Brazer',NULL,NULL,'baptized','2001-03-21',NULL,'2026-01-04 23:35:40','2026-01-04 23:35:40');
INSERT INTO profiles VALUES(59,482,2,'Johnathon','Roberts','other','1986-01-09','1-678-801-2117',NULL,'abigale.ebert@example.com','5451 Ledner Hill Apt. 126','East Ottiliefurt','Arizona','Mongolia','widowed',NULL,'Orthotist OR Prosthetist',NULL,NULL,'not baptized','1999-09-21',NULL,'2026-01-04 23:35:43','2026-01-04 23:35:43');
INSERT INTO profiles VALUES(60,483,2,'Taurean','Heller','other','1987-12-29','+1.484.709.9072',NULL,'berta.west@example.net','7855 Kohler Centers Suite 089','Kayceeton','Virginia','Netherlands Antilles','single',NULL,'Metal-Refining Furnace Operator',NULL,NULL,'baptized','2019-02-19',NULL,'2026-01-04 23:35:45','2026-01-04 23:35:45');
INSERT INTO profiles VALUES(61,484,2,'Johnson','Hagenes','female','1976-01-25','+1 (870) 561-6061',NULL,'kim.blick@example.net','360 Baumbach Circle Apt. 809','East Keagan','Missouri','United States of America','widowed',NULL,'Plate Finisher',NULL,NULL,'baptized','1988-04-28',NULL,'2026-01-04 23:35:46','2026-01-04 23:35:46');
INSERT INTO profiles VALUES(62,485,2,'Georgiana','Roberts','other','1971-11-29','+1 (812) 635-1568',NULL,'adickinson@example.com','360 Thiel Dale Apt. 886','Dallasfort','New Hampshire','South Africa','single',NULL,'Product Specialist',NULL,NULL,'baptized','2000-12-05',NULL,'2026-01-04 23:35:49','2026-01-04 23:35:49');
INSERT INTO profiles VALUES(63,486,2,'Jamir','O''Reilly','other','1994-01-15','(860) 645-0041',NULL,'shaun30@example.org','7571 Paolo Haven Apt. 368','East Monicaville','New Jersey','Kyrgyz Republic','widowed',NULL,'Probation Officers and Correctional Treatment Specialist',NULL,NULL,'baptized','1984-10-01',NULL,'2026-01-04 23:35:51','2026-01-04 23:35:51');
INSERT INTO profiles VALUES(64,487,2,'Caroline','Kozey','female','1971-08-30','(628) 678-5956',NULL,'bernier.lina@example.com','380 Arielle Prairie','Emmyville','New Jersey','Morocco','widowed',NULL,'Psychologist',NULL,NULL,'baptized','1970-08-07',NULL,'2026-01-04 23:35:54','2026-01-04 23:35:54');
INSERT INTO profiles VALUES(65,488,3,'Joseph','Sauer','female','1977-02-09','+1.863.908.7004',NULL,'yundt.jaime@example.org','321 Raven Extensions Apt. 761','Watsontown','Virginia','Togo','married',NULL,'Infantry Officer',NULL,NULL,'not baptized','1998-11-29',NULL,'2026-01-04 23:35:55','2026-01-04 23:35:55');
INSERT INTO profiles VALUES(66,489,3,'Isaiah','Mann','male','1985-01-05','1-715-452-9022',NULL,'everardo.gottlieb@example.com','192 Delores Garden','Angelinetown','Nebraska','Korea','married',NULL,'Recordkeeping Clerk',NULL,NULL,'baptized','2013-04-21',NULL,'2026-01-04 23:35:58','2026-01-04 23:35:58');
INSERT INTO profiles VALUES(67,490,3,'Eryn','Koepp','male','1984-07-01','+1-708-386-6482',NULL,'akoss@example.net','163 Osborne Mountain Suite 047','Devontebury','Utah','Cameroon','widowed',NULL,'Plate Finisher',NULL,NULL,'not baptized','1977-12-15',NULL,'2026-01-04 23:36:00','2026-01-04 23:36:00');
INSERT INTO profiles VALUES(68,491,3,'Jena','Williamson','other','1971-06-11','860.817.2478',NULL,'wstiedemann@example.com','66547 Schmidt Walk Suite 919','Wolffview','Maryland','Burkina Faso','married',NULL,'Vending Machine Servicer',NULL,NULL,'baptized','1982-01-14',NULL,'2026-01-04 23:36:04','2026-01-04 23:36:04');
INSERT INTO profiles VALUES(69,492,3,'Violet','Heller','female','1979-01-02','929.486.1643',NULL,'kgaylord@example.org','38562 Kasey Junctions','West Nealport','Alaska','Korea','widowed',NULL,'Biological Scientist',NULL,NULL,'baptized','1986-09-19',NULL,'2026-01-04 23:36:08','2026-01-04 23:36:08');
INSERT INTO profiles VALUES(70,493,3,'Libby','Pouros','female','1979-07-16','386.573.0888',NULL,'spencer.una@example.net','25728 Hansen Junctions','West Janetberg','West Virginia','Moldova','widowed',NULL,'Structural Iron and Steel Worker',NULL,NULL,'not baptized','1985-05-10',NULL,'2026-01-04 23:36:12','2026-01-04 23:36:12');
INSERT INTO profiles VALUES(71,494,3,'Edison','Grant','female','1984-03-19','1-503-786-4284',NULL,'delfina.koepp@example.org','447 Terry Square','West Reagan','Wyoming','Gibraltar','married',NULL,'Flight Attendant',NULL,NULL,'baptized','1982-05-18',NULL,'2026-01-04 23:36:17','2026-01-04 23:36:17');
INSERT INTO profiles VALUES(72,495,3,'Mack','Smith','female','1979-10-21','(559) 624-2756',NULL,'tromp.zita@example.net','329 Bode Turnpike Apt. 128','Walshstad','Michigan','Haiti','married',NULL,'Physical Therapist Assistant',NULL,NULL,'baptized','1994-10-20',NULL,'2026-01-04 23:36:20','2026-01-04 23:36:20');
INSERT INTO profiles VALUES(73,496,3,'Samara','Dietrich','female','1981-12-13','1-724-339-7823',NULL,'halvorson.hattie@example.net','18447 Mayer Ranch','West Mafalda','North Dakota','Liberia','widowed',NULL,'Forest and Conservation Worker',NULL,NULL,'baptized','1996-02-13',NULL,'2026-01-04 23:36:22','2026-01-04 23:36:22');
INSERT INTO profiles VALUES(74,497,3,'Demario','Hettinger','male','1975-04-10','+1-347-330-3402',NULL,'littel.lauryn@example.net','52640 Gerhold Village','Doylebury','Wisconsin','Tunisia','married',NULL,'Computer Specialist',NULL,NULL,'not baptized','2005-01-26',NULL,'2026-01-04 23:36:24','2026-01-04 23:36:24');
INSERT INTO profiles VALUES(75,498,3,'Antonina','Spinka','female','1978-12-24','(203) 690-7362',NULL,'joanie.cronin@example.net','7538 Ziemann Wells','Neomaside','Illinois','Vanuatu','single',NULL,'Computer',NULL,NULL,'baptized','2017-03-28',NULL,'2026-01-04 23:36:26','2026-01-04 23:36:26');
INSERT INTO profiles VALUES(76,499,3,'Mellie','Jones','other','1977-03-07','847.615.3645',NULL,'humberto.emmerich@example.com','5232 Vincent Highway Suite 376','Homenickshire','Mississippi','Western Sahara','single',NULL,'Camera Repairer',NULL,NULL,'baptized','1970-05-25',NULL,'2026-01-04 23:36:28','2026-01-04 23:36:28');
INSERT INTO profiles VALUES(77,500,3,'Jameson','Dach','female','1984-09-19','+1.832.564.3474',NULL,'quitzon.amani@example.org','28811 Justen Square','New Porterhaven','Tennessee','Mexico','widowed',NULL,'Electrical Sales Representative',NULL,NULL,'not baptized','2014-01-09',NULL,'2026-01-04 23:36:30','2026-01-04 23:36:30');
INSERT INTO profiles VALUES(78,501,3,'Dorothea','Cormier','male','1976-03-15','+1 (703) 965-0157',NULL,'lily.spencer@example.net','93451 Clementine Divide','Madelynton','Arizona','Syrian Arab Republic','single',NULL,'Infantry',NULL,NULL,'not baptized','1974-07-09',NULL,'2026-01-04 23:36:32','2026-01-04 23:36:32');
INSERT INTO profiles VALUES(79,502,3,'Hosea','Miller','other','1988-04-15','(938) 563-8537',NULL,'reilly.savanna@example.org','7128 Herman Stream Apt. 200','West Ignatius','Utah','Lebanon','single',NULL,'Brokerage Clerk',NULL,NULL,'not baptized','1973-05-06',NULL,'2026-01-04 23:36:35','2026-01-04 23:36:35');
INSERT INTO profiles VALUES(80,503,3,'Carroll','Monahan','other','1987-03-06','+14804806973',NULL,'znienow@example.com','5387 Baumbach Squares','Mohrton','District of Columbia','Slovenia','married',NULL,'CTO',NULL,NULL,'not baptized','2003-03-13',NULL,'2026-01-04 23:36:37','2026-01-04 23:36:37');
INSERT INTO profiles VALUES(81,504,3,'Julia','Rau','female','1992-07-09','+15519905132',NULL,'howe.elza@example.org','1885 Davin Passage','South Lexi','Maine','Somalia','married',NULL,'Glazier',NULL,NULL,'not baptized','1971-03-30',NULL,'2026-01-04 23:36:40','2026-01-04 23:36:40');
INSERT INTO profiles VALUES(82,505,3,'Jasmin','Greenfelder','other','1978-10-30','959.845.4055',NULL,'francesca24@example.com','99886 Daniel Stream Apt. 320','Lornastad','Hawaii','Faroe Islands','widowed',NULL,'MARCOM Director',NULL,NULL,'baptized','1996-11-06',NULL,'2026-01-04 23:36:42','2026-01-04 23:36:42');
INSERT INTO profiles VALUES(83,506,3,'Annalise','Ondricka','female','1987-09-14','(314) 525-0002',NULL,'delphine52@example.com','39731 Francesca Views Apt. 249','Funkburgh','Kentucky','Belarus','married',NULL,'Elevator Installer and Repairer',NULL,NULL,'not baptized','1988-06-28',NULL,'2026-01-04 23:36:46','2026-01-04 23:36:46');
INSERT INTO profiles VALUES(84,507,3,'Kailyn','Boyer','other','1973-08-12','(559) 462-2010',NULL,'rvandervort@example.net','79828 Tom Via','Boyerview','Hawaii','Western Sahara','single',NULL,'Medical Appliance Technician',NULL,NULL,'not baptized','1995-06-22',NULL,'2026-01-04 23:36:51','2026-01-04 23:36:51');
INSERT INTO profiles VALUES(85,508,3,'Kellen','Bernier','female','1994-05-13','+13618600198',NULL,'yhagenes@example.com','36692 Preston Flats','West Raymundo','New Hampshire','Nicaragua','married',NULL,'Desktop Publisher',NULL,NULL,'baptized','1971-11-20',NULL,'2026-01-04 23:36:56','2026-01-04 23:36:56');
INSERT INTO profiles VALUES(86,509,3,'Melba','Von','female','1971-04-19','+18285845650',NULL,'gabriella.gusikowski@example.net','885 Easton Fall Suite 898','East Ezekiel','Ohio','Brazil','widowed',NULL,'Custom Tailor',NULL,NULL,'baptized','1970-09-10',NULL,'2026-01-04 23:36:59','2026-01-04 23:36:59');
INSERT INTO profiles VALUES(87,510,3,'Alena','Stiedemann','male','1985-09-03','+1 (757) 873-3391',NULL,'raphaelle66@example.org','382 Eudora Curve','Adellhaven','Colorado','Croatia','widowed',NULL,'Optical Instrument Assembler',NULL,NULL,'baptized','2009-11-04',NULL,'2026-01-04 23:37:02','2026-01-04 23:37:02');
INSERT INTO profiles VALUES(88,511,3,'Kaylie','Rohan','male','1979-10-03','(339) 932-2582',NULL,'justus82@example.org','245 Mae Mountains','South Shemar','Minnesota','Svalbard & Jan Mayen Islands','single',NULL,'Communications Equipment Operator',NULL,NULL,'baptized','1981-01-02',NULL,'2026-01-04 23:37:04','2026-01-04 23:37:04');
INSERT INTO profiles VALUES(89,512,3,'Jaunita','Larson','male','1989-11-01','(737) 812-3726',NULL,'dmarquardt@example.org','670 Alexane Haven','Kreigerbury','Colorado','Switzerland','single',NULL,'Food Service Manager',NULL,NULL,'not baptized','1978-05-01',NULL,'2026-01-04 23:37:06','2026-01-04 23:37:06');
INSERT INTO profiles VALUES(90,513,3,'Nelle','Keebler','other','1972-07-24','(941) 250-0713',NULL,'jaylan.jones@example.com','32931 Mohammed Green','Lake Yasminbury','Missouri','Kazakhstan','married',NULL,'Training Manager OR Development Manager',NULL,NULL,'baptized','2003-02-09',NULL,'2026-01-04 23:37:08','2026-01-04 23:37:08');
INSERT INTO profiles VALUES(91,514,3,'Irwin','Kreiger','other','1977-03-22','1-570-573-4387',NULL,'domenico.metz@example.net','73152 Veum Crossing Apt. 037','Kunzeburgh','Minnesota','Fiji','married',NULL,'Brokerage Clerk',NULL,NULL,'not baptized','1982-03-29',NULL,'2026-01-04 23:37:10','2026-01-04 23:37:10');
INSERT INTO profiles VALUES(92,515,3,'Sally','Conroy','male','1983-04-28','870.681.8110',NULL,'jacinto.mcglynn@example.net','352 Yoshiko Ferry Apt. 250','West Marisol','Tennessee','Armenia','widowed',NULL,'Engineering Manager',NULL,NULL,'baptized','1989-01-11',NULL,'2026-01-04 23:37:12','2026-01-04 23:37:12');
INSERT INTO profiles VALUES(93,516,3,'Margarita','Herzog','female','1973-06-15','+1.239.838.4887',NULL,'meaghan.dietrich@example.net','44303 Otha Mount Apt. 687','Jazmynborough','Texas','Canada','widowed',NULL,'Heating Equipment Operator',NULL,NULL,'baptized','1978-04-16',NULL,'2026-01-04 23:37:14','2026-01-04 23:37:14');
INSERT INTO profiles VALUES(94,517,3,'Margarett','Murphy','female','1970-03-02','223-752-9662',NULL,'tyree.bauch@example.org','5374 Hackett Bypass','Leannonview','Kansas','Botswana','single',NULL,'Nutritionist',NULL,NULL,'baptized','1995-04-02',NULL,'2026-01-04 23:37:16','2026-01-04 23:37:16');
INSERT INTO profiles VALUES(95,518,1,'Katrine','Kerluke','male','1978-09-24','+18126026094',NULL,'oceane.herzog@example.net','77133 Von Prairie Apt. 868','Lessiestad','Nevada','Indonesia','widowed',NULL,'Engine Assembler',NULL,NULL,'not baptized','1993-02-16',NULL,'2026-01-04 23:37:18','2026-01-04 23:37:18');
INSERT INTO profiles VALUES(96,519,1,'Wendell','Luettgen','other','1991-06-07','+1.610.940.3642',NULL,'ekihn@example.net','5470 Veum Plaza','Lesleyport','Massachusetts','Azerbaijan','widowed',NULL,'Brazer',NULL,NULL,'not baptized','1988-10-23',NULL,'2026-01-04 23:37:20','2026-01-04 23:37:20');
INSERT INTO profiles VALUES(97,520,1,'Isobel','Smitham','female','1980-03-22','+16692506933',NULL,'ottilie67@example.org','377 D''Amore Junction','Gerlachhaven','Maine','Western Sahara','widowed',NULL,'Precision Devices Inspector',NULL,NULL,'not baptized','2015-10-28',NULL,'2026-01-04 23:37:22','2026-01-04 23:37:22');
INSERT INTO profiles VALUES(98,521,1,'Emanuel','Powlowski','male','1975-06-07','+16678301838',NULL,'jamir.erdman@example.org','72078 Frami Ferry','West Ilaville','New Jersey','Estonia','widowed',NULL,'Environmental Science Teacher',NULL,NULL,'baptized','1984-11-27',NULL,'2026-01-04 23:37:24','2026-01-04 23:37:24');
INSERT INTO profiles VALUES(99,522,1,'Otha','Dickens','other','1978-02-22','925.447.3632',NULL,'enienow@example.com','9151 O''Connell Wells Apt. 570','Nicolasborough','Georgia','Austria','widowed',NULL,'Medical Sales Representative',NULL,NULL,'baptized','2001-09-02',NULL,'2026-01-04 23:37:26','2026-01-04 23:37:26');
INSERT INTO profiles VALUES(100,523,1,'Lonny','Heaney','male','1992-09-14','+12625423188',NULL,'grohan@example.com','340 O''Kon Wall','Yundtbury','Massachusetts','Palestinian Territories','married',NULL,'Merchandise Displayer OR Window Trimmer',NULL,NULL,'not baptized','1994-12-02',NULL,'2026-01-04 23:37:28','2026-01-04 23:37:28');
INSERT INTO profiles VALUES(101,524,1,'Giovanny','Langworth','female','1989-01-19','+1.901.220.9460',NULL,'salvador75@example.net','5389 Dion Views','East Joanieland','Nevada','Austria','single',NULL,'Floor Layer',NULL,NULL,'not baptized','2013-02-02',NULL,'2026-01-04 23:37:31','2026-01-04 23:37:31');
INSERT INTO profiles VALUES(102,525,1,'Gregory','Bogisich','other','1984-04-11','218-598-3193',NULL,'kayley.von@example.org','7267 Huel Plains','Manleyport','Ohio','Marshall Islands','married',NULL,'Sheet Metal Worker',NULL,NULL,'baptized','1996-04-10',NULL,'2026-01-04 23:37:32','2026-01-04 23:37:32');
INSERT INTO profiles VALUES(103,526,1,'Priscilla','Schaefer','female','1982-10-27','231-646-5184',NULL,'conroy.kellen@example.com','284 Stokes Station','Lake Dasiaberg','Nebraska','Mali','widowed',NULL,'Supervisor Fire Fighting Worker',NULL,NULL,'baptized','1993-10-28',NULL,'2026-01-04 23:37:35','2026-01-04 23:37:35');
INSERT INTO profiles VALUES(104,527,1,'Diego','Farrell','female','1974-01-01','+1-239-672-7543',NULL,'armando.mante@example.net','766 McLaughlin Route Apt. 968','South Conradshire','Wyoming','Azerbaijan','single',NULL,'Precision Aircraft Systems Assemblers',NULL,NULL,'baptized','2014-01-11',NULL,'2026-01-04 23:37:37','2026-01-04 23:37:37');
INSERT INTO profiles VALUES(105,528,1,'Kamren','Jones','male','1987-01-29','+1-931-962-1120',NULL,'mustafa86@example.com','32503 Adelia Oval','Wilfredport','Iowa','Micronesia','married',NULL,'Claims Examiner',NULL,NULL,'baptized','1992-07-21',NULL,'2026-01-04 23:37:39','2026-01-04 23:37:39');
INSERT INTO profiles VALUES(106,529,1,'Filiberto','Bauch','other','1988-01-23','+1 (325) 487-2930',NULL,'april07@example.net','523 Johnson Freeway Suite 307','Daughertyton','Tennessee','Lesotho','widowed',NULL,'Occupational Health Safety Technician',NULL,NULL,'not baptized','2018-06-16',NULL,'2026-01-04 23:37:41','2026-01-04 23:37:41');
INSERT INTO profiles VALUES(107,530,1,'Edyth','Dooley','female','1982-06-07','(743) 268-7287',NULL,'obruen@example.net','6199 Connor Crossroad Suite 584','Schadenside','Wisconsin','China','married',NULL,'Camera Operator',NULL,NULL,'not baptized','2004-12-12',NULL,'2026-01-04 23:37:43','2026-01-04 23:37:43');
INSERT INTO profiles VALUES(108,531,1,'Lessie','Schimmel','other','1980-04-04','(628) 536-5592',NULL,'daisha.lang@example.net','91903 Kiehn Roads','North Ericka','Massachusetts','Falkland Islands (Malvinas)','single',NULL,'Financial Analyst',NULL,NULL,'not baptized','1987-11-02',NULL,'2026-01-04 23:37:45','2026-01-04 23:37:45');
INSERT INTO profiles VALUES(109,532,1,'Destiny','Bogisich','other','1980-12-10','+1 (772) 934-0807',NULL,'whand@example.org','88583 Caroline Causeway Suite 670','Elvieville','New Jersey','Montserrat','single',NULL,'Forester',NULL,NULL,'not baptized','1970-01-16',NULL,'2026-01-04 23:37:46','2026-01-04 23:37:46');
INSERT INTO profiles VALUES(110,533,1,'Dustin','Hamill','other','1984-06-28','909.816.8050',NULL,'raquel57@example.org','1818 Hansen Islands','New Stefan','Utah','Sudan','married',NULL,'Computer Hardware Engineer',NULL,NULL,'not baptized','2015-08-25',NULL,'2026-01-04 23:37:48','2026-01-04 23:37:48');
INSERT INTO profiles VALUES(111,534,1,'Amy','Klein','male','1983-02-11','575.608.8407',NULL,'kiehn.johnathan@example.org','93814 Theresa Views Apt. 345','Port Nealfort','New Jersey','Turks and Caicos Islands','widowed',NULL,'Recreation and Fitness Studies Teacher',NULL,NULL,'baptized','2013-06-01',NULL,'2026-01-04 23:37:51','2026-01-04 23:37:51');
INSERT INTO profiles VALUES(112,535,1,'Jewel','Collier','male','1985-11-17','+17543575450',NULL,'joanie11@example.net','47692 Fay Landing Suite 649','Bashirianland','Missouri','Timor-Leste','married',NULL,'Credit Analyst',NULL,NULL,'not baptized','1988-08-13',NULL,'2026-01-04 23:37:53','2026-01-04 23:37:53');
INSERT INTO profiles VALUES(113,536,1,'Shanon','Blanda','other','1975-11-18','1-567-663-6635',NULL,'sheidenreich@example.org','10704 Nolan Village Suite 193','West Javonteburgh','Iowa','China','single',NULL,'Geologist',NULL,NULL,'baptized','2005-03-10',NULL,'2026-01-04 23:37:55','2026-01-04 23:37:55');
INSERT INTO profiles VALUES(114,537,1,'Obie','Kohler','female','1990-05-07','+18317127178',NULL,'waldo.cummings@example.net','9693 Turcotte Brook Apt. 508','Port Gunnar','Texas','Sudan','married',NULL,'Forest Fire Fighter',NULL,NULL,'baptized','2007-08-17',NULL,'2026-01-04 23:37:58','2026-01-04 23:37:58');
INSERT INTO profiles VALUES(115,538,1,'Willa','Feeney','male','1973-06-06','(515) 833-1816',NULL,'mrath@example.net','269 O''Reilly Rapid','Lake Shawnfurt','Colorado','Holy See (Vatican City State)','single',NULL,'Bookkeeper',NULL,NULL,'not baptized','2008-08-24',NULL,'2026-01-04 23:37:59','2026-01-04 23:37:59');
INSERT INTO profiles VALUES(116,539,1,'Earline','Feil','male','1993-09-16','+1 (479) 975-1989',NULL,'hammes.cullen@example.net','44839 Kassulke Junctions','Lake Fredrick','Missouri','Sri Lanka','married',NULL,'Health Educator',NULL,NULL,'baptized','2015-01-26',NULL,'2026-01-04 23:38:02','2026-01-04 23:38:02');
INSERT INTO profiles VALUES(117,540,1,'Freida','Koch','male','1990-04-12','+1-386-777-1484',NULL,'gonzalo.kertzmann@example.com','91006 Verdie Village','Martinside','Nevada','Mexico','married',NULL,'Farm and Home Management Advisor',NULL,NULL,'baptized','2011-12-27',NULL,'2026-01-04 23:38:04','2026-01-04 23:38:04');
INSERT INTO profiles VALUES(118,541,1,'Fatima','Hessel','female','1983-08-14','281-309-7005',NULL,'alexis.miller@example.org','436 Rosina Garden Apt. 236','East Demondport','Georgia','Wallis and Futuna','widowed',NULL,'Precision Printing Worker',NULL,NULL,'not baptized','2019-12-23',NULL,'2026-01-04 23:38:05','2026-01-04 23:38:05');
INSERT INTO profiles VALUES(119,542,1,'Matilde','Legros','male','1990-05-04','+1 (850) 233-5014',NULL,'joan.witting@example.org','3473 Lavina Avenue Apt. 634','New Alexzanderview','Indiana','Sri Lanka','single',NULL,'Survey Researcher',NULL,NULL,'not baptized','2014-12-07',NULL,'2026-01-04 23:38:07','2026-01-04 23:38:07');
INSERT INTO profiles VALUES(120,543,1,'Jaime','Weber','male','1985-05-01','386-410-5377',NULL,'sarina.hermann@example.com','3919 Hattie Shore Suite 702','Konopelskiburgh','South Carolina','Norway','single',NULL,'Physical Therapist Aide',NULL,NULL,'baptized','1978-12-03',NULL,'2026-01-04 23:38:09','2026-01-04 23:38:09');
INSERT INTO profiles VALUES(121,544,1,'Lurline','Cormier','female','1970-05-01','283-244-7923',NULL,'elta.prohaska@example.com','3493 Koepp Shoal','South Christahaven','Wisconsin','Lithuania','single',NULL,'Freight and Material Mover',NULL,NULL,'baptized','1987-06-27',NULL,'2026-01-04 23:38:12','2026-01-04 23:38:12');
INSERT INTO profiles VALUES(122,545,1,'Gabriel','Macejkovic','female','1973-10-06','+1-623-569-4942',NULL,'fahey.lawrence@example.com','49247 Stefanie Row','Binston','Pennsylvania','Slovenia','widowed',NULL,'Cutting Machine Operator',NULL,NULL,'not baptized','2003-10-22',NULL,'2026-01-04 23:38:14','2026-01-04 23:38:14');
INSERT INTO profiles VALUES(123,546,1,'Nya','Reichert','other','1991-02-19','+1-308-769-5890',NULL,'wisozk.bailey@example.org','705 Stamm Trail Suite 548','North Nyasiaville','Iowa','Eritrea','single',NULL,'Secretary',NULL,NULL,'not baptized','1989-07-22',NULL,'2026-01-04 23:38:17','2026-01-04 23:38:17');
INSERT INTO profiles VALUES(124,547,1,'Golda','Bernhard','other','1974-10-03','1-754-653-6146',NULL,'mack.langosh@example.com','467 Hilario Coves','New Miracle','New Hampshire','Somalia','married',NULL,'Insulation Installer',NULL,NULL,'baptized','2009-08-06',NULL,'2026-01-04 23:38:22','2026-01-04 23:38:22');
INSERT INTO profiles VALUES(125,548,1,'Triston','Gleason','other','1971-05-15','1-567-220-0984',NULL,'hudson.mitchell@example.net','380 Trudie Well','Courtneyfurt','New Mexico','Saint Lucia','married',NULL,'Punching Machine Setters',NULL,NULL,'baptized','1990-12-03',NULL,'2026-01-04 23:38:25','2026-01-04 23:38:25');
INSERT INTO profiles VALUES(126,549,1,'Creola','Wilkinson','other','1983-08-15','+1.763.906.5257',NULL,'ipfeffer@example.net','53445 Spinka Island','West Craig','Kansas','United Arab Emirates','married',NULL,'Surgical Technologist',NULL,NULL,'not baptized','1998-04-30',NULL,'2026-01-04 23:38:30','2026-01-04 23:38:30');
INSERT INTO profiles VALUES(127,550,1,'Hilma','Leannon','male','1971-11-15','669-679-6549',NULL,'ledner.elijah@example.com','8872 Konopelski Prairie Apt. 899','East Anthonyland','New York','Serbia','married',NULL,'Librarian',NULL,NULL,'baptized','1992-08-18',NULL,'2026-01-04 23:38:34','2026-01-04 23:38:34');
INSERT INTO profiles VALUES(128,551,1,'Mattie','McClure','female','1975-01-08','1-234-964-4417',NULL,'ysimonis@example.net','550 Kunze Ranch','Keithside','Pennsylvania','Chad','widowed',NULL,'Natural Sciences Manager',NULL,NULL,'not baptized','1972-04-01',NULL,'2026-01-04 23:38:39','2026-01-04 23:38:39');
INSERT INTO profiles VALUES(129,552,1,'Rhianna','Marvin','female','1991-09-26','757.313.1947',NULL,'reilly.rylan@example.net','31004 Deven Camp Suite 235','New Ceasarhaven','Virginia','Tajikistan','widowed',NULL,'Transportation and Material-Moving',NULL,NULL,'not baptized','2019-10-26',NULL,'2026-01-04 23:38:44','2026-01-04 23:38:44');
INSERT INTO profiles VALUES(130,553,1,'Damon','Hane','other','1975-12-22','+1-930-782-9782',NULL,'wrohan@example.net','3702 Montana Club','North Brionnastad','Alabama','Georgia','widowed',NULL,'Anthropology Teacher',NULL,NULL,'not baptized','2009-10-22',NULL,'2026-01-04 23:38:46','2026-01-04 23:38:46');
INSERT INTO profiles VALUES(131,554,1,'Delpha','Bednar','other','1982-08-23','(279) 436-4208',NULL,'jakubowski.sierra@example.org','3168 Alford Course','Lake Esmeraldaside','Nebraska','Iceland','widowed',NULL,'Surveying Technician',NULL,NULL,'not baptized','2019-06-17',NULL,'2026-01-04 23:38:49','2026-01-04 23:38:49');
INSERT INTO profiles VALUES(132,555,1,'Jevon','Grady','male','1982-03-07','+1-732-355-8872',NULL,'turcotte.raleigh@example.com','3195 Cronin Brooks','East Destin','New York','Tonga','single',NULL,'Timing Device Assemblers',NULL,NULL,'not baptized','1977-05-07',NULL,'2026-01-04 23:38:54','2026-01-04 23:38:54');
INSERT INTO profiles VALUES(133,556,1,'Helen','Brakus','female','1985-04-27','351-669-1002',NULL,'eryan@example.org','5315 Homenick Forges Apt. 101','Amiyamouth','Mississippi','Rwanda','single',NULL,'Real Estate Broker',NULL,NULL,'not baptized','2004-07-18',NULL,'2026-01-04 23:38:58','2026-01-04 23:38:58');
INSERT INTO profiles VALUES(134,557,1,'Bert','Hand','other','1990-07-27','314-634-5884',NULL,'annabell.aufderhar@example.com','9965 Rachael Crossing Suite 095','Lake Stefanie','Pennsylvania','Lithuania','single',NULL,'Diagnostic Medical Sonographer',NULL,NULL,'not baptized','1997-09-25',NULL,'2026-01-04 23:39:00','2026-01-04 23:39:00');
INSERT INTO profiles VALUES(135,558,1,'Tyson','Daugherty','other','1987-02-07','(640) 978-9075',NULL,'russ.dubuque@example.org','12671 Providenci Lane','South Elisha','West Virginia','Ireland','single',NULL,'Naval Architects',NULL,NULL,'not baptized','2016-12-06',NULL,'2026-01-04 23:39:06','2026-01-04 23:39:06');
INSERT INTO profiles VALUES(136,559,1,'Jazmyne','Mante','female','1989-03-27','1-831-349-3980',NULL,'delmer.dickens@example.org','848 Senger Manors Suite 390','Lake Trishaberg','Mississippi','Hungary','widowed',NULL,'Pharmacy Technician',NULL,NULL,'not baptized','2004-04-29',NULL,'2026-01-04 23:39:11','2026-01-04 23:39:11');
INSERT INTO profiles VALUES(137,560,1,'Christine','Rippin','other','1972-05-24','785-685-5072',NULL,'ruecker.magdalena@example.com','77177 Janis Parkway','North Mallie','Wyoming','Eritrea','widowed',NULL,'Foundry Mold and Coremaker',NULL,NULL,'not baptized','1990-10-27',NULL,'2026-01-04 23:39:15','2026-01-04 23:39:15');
INSERT INTO profiles VALUES(138,561,1,'Francesca','Schumm','female','1982-08-16','+18082781923',NULL,'antwon27@example.com','831 Spinka Pass','Starkfurt','Pennsylvania','Armenia','single',NULL,'Psychology Teacher',NULL,NULL,'not baptized','2009-05-02',NULL,'2026-01-04 23:39:19','2026-01-04 23:39:19');
INSERT INTO profiles VALUES(139,562,1,'Piper','Kertzmann','male','1984-11-19','(534) 681-4088',NULL,'rasheed39@example.org','102 Fisher Shoals Suite 750','Sporerside','Missouri','Western Sahara','married',NULL,'Registered Nurse',NULL,NULL,'baptized','2015-02-24',NULL,'2026-01-04 23:39:23','2026-01-04 23:39:23');
INSERT INTO profiles VALUES(140,563,1,'Kyle','Paucek','female','1983-06-15','+1-680-288-8966',NULL,'hnienow@example.com','6203 Schamberger Circle Apt. 875','East Perry','Washington','United States Virgin Islands','widowed',NULL,'Statement Clerk',NULL,NULL,'not baptized','1975-10-19',NULL,'2026-01-04 23:39:25','2026-01-04 23:39:25');
INSERT INTO profiles VALUES(141,564,1,'Cameron','Donnelly','other','1985-07-14','(732) 555-2520',NULL,'khowe@example.com','85597 Cassandra Summit Apt. 900','Busterhaven','Utah','United States Virgin Islands','single',NULL,'Engineer',NULL,NULL,'baptized','1972-07-18',NULL,'2026-01-04 23:39:28','2026-01-04 23:39:28');
INSERT INTO profiles VALUES(142,565,1,'Harvey','Bradtke','female','1983-01-10','(872) 420-7361',NULL,'ignatius26@example.org','27051 Amelie Shoal Apt. 643','Bergechester','North Dakota','Bouvet Island (Bouvetoya)','married',NULL,'Marine Engineer',NULL,NULL,'not baptized','1983-06-29',NULL,'2026-01-04 23:39:33','2026-01-04 23:39:33');
INSERT INTO profiles VALUES(143,566,1,'Dora','Brakus','other','1973-01-01','1-469-537-8556',NULL,'karelle07@example.com','617 Blanda Burgs Suite 949','South Virgie','Colorado','Peru','widowed',NULL,'Photographic Restorer',NULL,NULL,'baptized','1982-07-26',NULL,'2026-01-04 23:39:35','2026-01-04 23:39:35');
INSERT INTO profiles VALUES(144,567,1,'Janet','McLaughlin','female','1978-03-30','+1.830.403.6226',NULL,'kristofer.hoeger@example.org','48932 Kihn Junction','West Kendrickmouth','West Virginia','Greece','widowed',NULL,'Business Operations Specialist',NULL,NULL,'baptized','2000-08-14',NULL,'2026-01-04 23:39:39','2026-01-04 23:39:39');
INSERT INTO profiles VALUES(145,568,1,'Syble','Wiza','other','1972-04-03','1-949-558-6225',NULL,'emard.jett@example.net','41864 Torey Isle','North Ellen','North Dakota','India','widowed',NULL,'Photographer',NULL,NULL,'not baptized','2016-10-18',NULL,'2026-01-04 23:39:43','2026-01-04 23:39:43');
INSERT INTO profiles VALUES(146,569,1,'Hilario','Feil','other','1992-12-31','445.503.3015',NULL,'emma.kuhic@example.com','77408 Dallin Shoals','Murphystad','Alaska','Czech Republic','married',NULL,'Tire Changer',NULL,NULL,'baptized','1986-04-19',NULL,'2026-01-04 23:39:46','2026-01-04 23:39:46');
INSERT INTO profiles VALUES(147,570,1,'Mellie','Waters','male','1980-03-28','(559) 688-0743',NULL,'uhoeger@example.org','476 Konopelski Mission Apt. 211','Johnsshire','Montana','Ethiopia','married',NULL,'Foundry Mold and Coremaker',NULL,NULL,'not baptized','1990-10-07',NULL,'2026-01-04 23:39:51','2026-01-04 23:39:51');
INSERT INTO profiles VALUES(148,571,1,'Frances','Bradtke','female','1983-07-21','+1 (920) 271-9016',NULL,'ryan.hellen@example.net','6106 Micaela Path Suite 844','West Hallie','Rhode Island','Chad','widowed',NULL,'Computer-Controlled Machine Tool Operator',NULL,NULL,'not baptized','1975-11-05',NULL,'2026-01-04 23:39:55','2026-01-04 23:39:55');
INSERT INTO profiles VALUES(149,572,1,'Corine','Witting','other','1984-07-08','+1.346.840.4401',NULL,'nikolaus.nathan@example.org','9242 Watsica View','Trinityville','Kansas','Comoros','widowed',NULL,'Nuclear Monitoring Technician',NULL,NULL,'not baptized','1986-02-01',NULL,'2026-01-04 23:39:58','2026-01-04 23:39:58');
INSERT INTO profiles VALUES(150,573,1,'Chad','Pouros','female','1979-03-04','458-377-6174',NULL,'ehackett@example.net','2996 Pauline Avenue Suite 173','Xanderbury','Nebraska','Pakistan','single',NULL,'Tailor',NULL,NULL,'baptized','2014-09-07',NULL,'2026-01-04 23:40:01','2026-01-04 23:40:01');
INSERT INTO profiles VALUES(151,574,1,'Lisette','Hudson','male','1992-05-26','605-424-4242',NULL,'collins.westley@example.com','67359 Wisoky Grove','Helenaport','Kansas','Colombia','single',NULL,'Detective',NULL,NULL,'baptized','2012-10-25',NULL,'2026-01-04 23:40:06','2026-01-04 23:40:06');
INSERT INTO profiles VALUES(152,575,1,'Mitchel','Baumbach','male','1986-12-06','1-732-306-5183',NULL,'karine.satterfield@example.net','7708 Rohan Crossing Apt. 657','West Genevieve','Maryland','Poland','single',NULL,'Director Religious Activities',NULL,NULL,'baptized','1974-07-21',NULL,'2026-01-04 23:40:09','2026-01-04 23:40:09');
INSERT INTO profiles VALUES(153,576,1,'Samir','Sawayn','male','1989-03-08','478.944.7989',NULL,'ehalvorson@example.net','1795 Herman Creek','South Jolieville','Minnesota','British Virgin Islands','single',NULL,'Umpire and Referee',NULL,NULL,'baptized','2004-04-28',NULL,'2026-01-04 23:40:11','2026-01-04 23:40:11');
INSERT INTO profiles VALUES(154,577,1,'Elody','Lakin','other','1992-10-22','1-516-641-6113',NULL,'mhyatt@example.net','75934 Dane Road','South Fredericbury','Kansas','Italy','single',NULL,'Night Shift',NULL,NULL,'not baptized','1979-04-27',NULL,'2026-01-04 23:40:14','2026-01-04 23:40:14');
INSERT INTO profiles VALUES(155,578,1,'Mathilde','Doyle','other','1974-04-15','+1 (442) 781-2608',NULL,'fred49@example.com','69521 Mollie River','Port Rosellaborough','Kansas','Lithuania','single',NULL,'Command Control Center Officer',NULL,NULL,'baptized','2013-12-08',NULL,'2026-01-04 23:40:16','2026-01-04 23:40:16');
INSERT INTO profiles VALUES(156,579,1,'Lorna','Feeney','other','1981-01-02','+1-817-637-5214',NULL,'von.stephen@example.com','626 Crooks Ramp Suite 848','West Pamela','New Hampshire','Peru','married',NULL,'Geographer',NULL,NULL,'baptized','1987-10-23',NULL,'2026-01-04 23:40:18','2026-01-04 23:40:18');
INSERT INTO profiles VALUES(157,580,1,'Johnnie','Keeling','other','1974-11-11','(225) 550-3286',NULL,'verdie.volkman@example.com','8614 Kirstin Wells Suite 387','New Lyda','Connecticut','Comoros','married',NULL,'Professional Photographer',NULL,NULL,'not baptized','1975-02-04',NULL,'2026-01-04 23:40:20','2026-01-04 23:40:20');
INSERT INTO profiles VALUES(158,581,1,'Raleigh','Hilpert','other','1979-11-08','1-740-277-9934',NULL,'donald81@example.com','50389 Paolo Isle Suite 615','Fadelshire','Illinois','Georgia','widowed',NULL,'Structural Iron and Steel Worker',NULL,NULL,'not baptized','1987-09-04',NULL,'2026-01-04 23:40:25','2026-01-04 23:40:25');
INSERT INTO profiles VALUES(159,582,1,'Devyn','Morissette','male','1987-11-08','1-646-476-4806',NULL,'woodrow62@example.com','209 Rosetta Oval Apt. 715','Luciotown','Arizona','Cameroon','single',NULL,'Entertainment Attendant',NULL,NULL,'baptized','2013-02-08',NULL,'2026-01-04 23:40:29','2026-01-04 23:40:29');
INSERT INTO profiles VALUES(160,583,1,'Spencer','Cummings','female','1976-07-07','1-415-805-3775',NULL,'kozey.reese@example.net','8331 Harber Views Apt. 925','Pfannerstillmouth','South Dakota','Hungary','married',NULL,'Industrial-Organizational Psychologist',NULL,NULL,'baptized','1991-11-03',NULL,'2026-01-04 23:40:34','2026-01-04 23:40:34');
INSERT INTO profiles VALUES(161,584,1,'Mason','Wisoky','male','1978-02-19','260-685-5813',NULL,'godfrey24@example.net','423 Swift Spurs','Lake Ottis','Georgia','Mauritius','single',NULL,'Command Control Center Specialist',NULL,NULL,'baptized','1983-05-14',NULL,'2026-01-04 23:40:37','2026-01-04 23:40:37');
INSERT INTO profiles VALUES(162,585,1,'Joaquin','Waelchi','female','1985-09-27','484-658-9308',NULL,'marilie.mckenzie@example.com','842 Kamren Junction','Lake Jovany','Vermont','Serbia','married',NULL,'Ship Pilot',NULL,NULL,'baptized','1987-07-05',NULL,'2026-01-04 23:40:39','2026-01-04 23:40:39');
INSERT INTO profiles VALUES(163,586,1,'Chaya','Koss','female','1970-02-08','1-402-472-2843',NULL,'koss.ben@example.com','2540 Jesus Dam','East Eloisebury','South Carolina','Tuvalu','widowed',NULL,'Tractor-Trailer Truck Driver',NULL,NULL,'not baptized','1987-09-16',NULL,'2026-01-04 23:40:42','2026-01-04 23:40:42');
INSERT INTO profiles VALUES(164,587,1,'Nickolas','Haag','female','1980-07-28','+1-657-719-8388',NULL,'ischmitt@example.net','2169 Jeremie Road','Abernathystad','Oregon','Heard Island and McDonald Islands','widowed',NULL,'Nutritionist',NULL,NULL,'baptized','2012-12-01',NULL,'2026-01-04 23:40:48','2026-01-04 23:40:48');
INSERT INTO profiles VALUES(165,588,1,'Hobart','Stanton','male','1979-07-30','716.524.4112',NULL,'reese05@example.com','8955 Dewayne Light Apt. 867','Bennettfurt','Maryland','Montenegro','married',NULL,'Cleaners of Vehicles',NULL,NULL,'baptized','2005-03-02',NULL,'2026-01-04 23:40:50','2026-01-04 23:40:50');
INSERT INTO profiles VALUES(166,589,1,'Ethelyn','Boyle','male','1994-08-15','+1 (520) 676-9427',NULL,'white.annetta@example.net','4673 Nicole Highway','Patfurt','Massachusetts','Kazakhstan','single',NULL,'Actor',NULL,NULL,'baptized','1993-02-16',NULL,'2026-01-04 23:40:53','2026-01-04 23:40:53');
INSERT INTO profiles VALUES(167,590,1,'Isai','Wehner','other','1990-01-16','(331) 679-2824',NULL,'russell70@example.org','42516 Moen Square Apt. 055','Brakusport','Minnesota','Brazil','single',NULL,'Textile Worker',NULL,NULL,'baptized','1999-12-05',NULL,'2026-01-04 23:40:55','2026-01-04 23:40:55');
INSERT INTO profiles VALUES(168,591,1,'Lavina','Hegmann','male','1975-03-12','+1-478-867-0267',NULL,'mfahey@example.org','426 Ledner Road Suite 542','Port Rosalyn','Illinois','Burkina Faso','single',NULL,'Construction Equipment Operator',NULL,NULL,'baptized','1985-06-29',NULL,'2026-01-04 23:40:59','2026-01-04 23:40:59');
INSERT INTO profiles VALUES(169,592,1,'Rahsaan','Brakus','other','1972-01-03','551.718.6167',NULL,'leannon.gudrun@example.org','5844 Dannie Forks','New Elzamouth','Connecticut','Singapore','single',NULL,'Interviewer',NULL,NULL,'baptized','2019-08-11',NULL,'2026-01-04 23:41:02','2026-01-04 23:41:02');
INSERT INTO profiles VALUES(170,593,1,'Tate','Gleichner','other','1971-05-27','1-502-798-5454',NULL,'fwolff@example.net','90329 Rau Hill','South Kelli','North Dakota','Panama','widowed',NULL,'Numerical Control Machine Tool Operator',NULL,NULL,'not baptized','1979-01-13',NULL,'2026-01-04 23:41:04','2026-01-04 23:41:04');
INSERT INTO profiles VALUES(171,594,1,'Kirstin','Zemlak','male','1990-10-17','(660) 709-5960',NULL,'schoen.maximillian@example.org','208 Mona Lock','Lake Lea','Oklahoma','China','widowed',NULL,'Hoist and Winch Operator',NULL,NULL,'not baptized','2003-09-13',NULL,'2026-01-04 23:41:08','2026-01-04 23:41:08');
INSERT INTO profiles VALUES(172,595,1,'Marquis','Donnelly','other','1971-02-09','+1.507.254.9290',NULL,'jaiden.jacobs@example.org','560 Wolf Divide Apt. 320','Kirstinport','Kentucky','Reunion','married',NULL,'Instrument Sales Representative',NULL,NULL,'not baptized','1992-06-25',NULL,'2026-01-04 23:41:11','2026-01-04 23:41:11');
INSERT INTO profiles VALUES(173,596,1,'Willis','Von','female','1983-10-10','220-562-9679',NULL,'kconroy@example.org','5020 Kautzer Drives','Goyetteport','North Dakota','Sierra Leone','widowed',NULL,'Precision Pattern and Die Caster',NULL,NULL,'baptized','1989-07-04',NULL,'2026-01-04 23:41:14','2026-01-04 23:41:14');
INSERT INTO profiles VALUES(174,597,1,'Stefan','Conroy','male','1979-07-25','+1.253.592.4592',NULL,'kristina40@example.org','23303 Nienow Via','Kulaschester','Delaware','Jordan','widowed',NULL,'Power Distributors OR Dispatcher',NULL,NULL,'not baptized','1991-10-30',NULL,'2026-01-04 23:41:19','2026-01-04 23:41:19');
INSERT INTO profiles VALUES(175,598,1,'Kurtis','Gaylord','other','1985-02-25','1-828-905-5483',NULL,'carli37@example.com','51908 Hilda Port','Lake Aliciaburgh','Rhode Island','Ireland','single',NULL,'Credit Checkers Clerk',NULL,NULL,'baptized','1993-10-20',NULL,'2026-01-04 23:41:23','2026-01-04 23:41:23');
INSERT INTO profiles VALUES(176,599,1,'Hope','Cummings','other','1973-09-06','901.418.1101',NULL,'vwisoky@example.com','27640 McGlynn Park Suite 090','Port Angela','Rhode Island','Malaysia','widowed',NULL,'Logging Worker',NULL,NULL,'not baptized','1980-07-05',NULL,'2026-01-04 23:41:27','2026-01-04 23:41:27');
INSERT INTO profiles VALUES(177,600,1,'Wava','Runolfsson','male','1989-02-13','(219) 993-6460',NULL,'walker.legros@example.net','41103 Valerie Plain Apt. 749','South Lottie','Texas','Cape Verde','widowed',NULL,'Housekeeping Supervisor',NULL,NULL,'not baptized','1997-10-28',NULL,'2026-01-04 23:41:30','2026-01-04 23:41:30');
INSERT INTO profiles VALUES(178,601,1,'Mertie','Stracke','male','1993-01-05','(276) 946-4402',NULL,'sam.walsh@example.com','71607 Lempi Stravenue Apt. 155','New Linda','Wisconsin','Croatia','married',NULL,'Municipal Clerk',NULL,NULL,'not baptized','1978-11-01',NULL,'2026-01-04 23:41:35','2026-01-04 23:41:35');
INSERT INTO profiles VALUES(179,602,1,'Veronica','Erdman','male','1972-02-19','801-785-6696',NULL,'celestino.reichert@example.com','671 Buford Courts Suite 169','Violahaven','Illinois','Afghanistan','married',NULL,'Electrical and Electronic Inspector and Tester',NULL,NULL,'baptized','1992-08-06',NULL,'2026-01-04 23:41:38','2026-01-04 23:41:38');
INSERT INTO profiles VALUES(180,603,1,'Jeremie','Ledner','other','1987-01-13','+19719022050',NULL,'mcdermott.camden@example.com','48994 Susan Mission','Auerview','Vermont','Heard Island and McDonald Islands','single',NULL,'Steel Worker',NULL,NULL,'not baptized','1990-07-21',NULL,'2026-01-04 23:41:40','2026-01-04 23:41:40');
INSERT INTO profiles VALUES(181,604,1,'Jevon','D''Amore','male','1978-06-19','+18065068327',NULL,'kareem.breitenberg@example.org','8206 O''Connell Inlet','Gleasonbury','Wyoming','Brunei Darussalam','widowed',NULL,'Music Arranger and Orchestrator',NULL,NULL,'baptized','1999-03-25',NULL,'2026-01-04 23:41:44','2026-01-04 23:41:44');
INSERT INTO profiles VALUES(182,605,1,'Elmore','Ratke','other','1987-07-28','(802) 653-0995',NULL,'agustin15@example.org','10986 Ziemann Freeway Suite 816','South Candace','Georgia','Tonga','married',NULL,'Instrument Sales Representative',NULL,NULL,'not baptized','1984-06-09',NULL,'2026-01-04 23:41:48','2026-01-04 23:41:48');
INSERT INTO profiles VALUES(183,606,1,'Courtney','Baumbach','other','1970-09-20','+1 (463) 457-7867',NULL,'morris66@example.org','5120 Cremin Spurs Suite 183','Port Rosaleeview','Nebraska','Wallis and Futuna','single',NULL,'Psychiatric Technician',NULL,NULL,'baptized','1990-02-23',NULL,'2026-01-04 23:41:52','2026-01-04 23:41:52');
INSERT INTO profiles VALUES(184,607,1,'Cielo','Dickens','other','1981-05-15','+1 (336) 804-5458',NULL,'oconner.christina@example.com','96651 Ceasar Overpass Suite 999','Langworthside','Alaska','Lesotho','single',NULL,'Telephone Station Installer and Repairer',NULL,NULL,'not baptized','2009-08-08',NULL,'2026-01-04 23:41:58','2026-01-04 23:41:58');
INSERT INTO profiles VALUES(185,608,1,'Tevin','Roberts','male','1979-05-06','+1.410.431.6351',NULL,'cschroeder@example.net','8777 Elijah Forges Apt. 798','North Eltonville','Iowa','British Virgin Islands','married',NULL,'Home Economics Teacher',NULL,NULL,'baptized','1982-01-26',NULL,'2026-01-04 23:42:03','2026-01-04 23:42:03');
INSERT INTO profiles VALUES(186,609,1,'Uriel','Lehner','male','1982-03-26','+1-920-377-7571',NULL,'bauch.maximillia@example.com','901 Mallie Summit','Darionhaven','Kansas','Nigeria','widowed',NULL,'Animal Scientist',NULL,NULL,'not baptized','2008-01-23',NULL,'2026-01-04 23:42:08','2026-01-04 23:42:08');
INSERT INTO profiles VALUES(187,610,1,'Nigel','Kunze','female','1989-09-12','+1.607.954.9994',NULL,'sallie.johns@example.net','64156 Connelly Crest','Reillychester','Arizona','Latvia','single',NULL,'Equal Opportunity Representative',NULL,NULL,'baptized','1990-06-27',NULL,'2026-01-04 23:42:11','2026-01-04 23:42:11');
INSERT INTO profiles VALUES(188,611,1,'Elouise','Ratke','female','1983-05-03','+1 (872) 469-7694',NULL,'kulas.alexzander@example.com','252 Bettie Isle Suite 957','West Aricbury','Connecticut','Sao Tome and Principe','widowed',NULL,'Engineer',NULL,NULL,'baptized','1996-11-14',NULL,'2026-01-04 23:42:17','2026-01-04 23:42:17');
INSERT INTO profiles VALUES(189,612,1,'Giovanna','O''Kon','male','1987-08-14','224-285-7918',NULL,'qlowe@example.net','578 Windler Loaf Apt. 260','Rubenview','North Carolina','Afghanistan','widowed',NULL,'Sales and Related Workers',NULL,NULL,'not baptized','1974-08-01',NULL,'2026-01-04 23:42:22','2026-01-04 23:42:22');
INSERT INTO profiles VALUES(190,613,1,'Nicolas','Cassin','female','1970-05-28','+1-430-253-4896',NULL,'schuster.mortimer@example.org','176 Lakin Lights Suite 304','Sybleborough','California','Albania','married',NULL,'Parking Lot Attendant',NULL,NULL,'baptized','1979-01-21',NULL,'2026-01-04 23:42:26','2026-01-04 23:42:26');
INSERT INTO profiles VALUES(191,614,1,'Elian','Jacobs','female','1982-02-07','+1-854-889-7164',NULL,'jenkins.paris@example.org','11752 Hayes Lock','Marvinport','Missouri','Algeria','married',NULL,'Packer and Packager',NULL,NULL,'not baptized','2018-03-16',NULL,'2026-01-04 23:42:32','2026-01-04 23:42:32');
INSERT INTO profiles VALUES(192,615,1,'Anabelle','Will','female','1975-02-11','430.437.1336',NULL,'nikolaus.monty@example.net','71094 Wehner Extensions Apt. 574','Nicolaston','Delaware','Papua New Guinea','single',NULL,'Mechanical Inspector',NULL,NULL,'baptized','2006-10-09',NULL,'2026-01-04 23:42:37','2026-01-04 23:42:37');
INSERT INTO profiles VALUES(193,616,1,'Geovanny','Reilly','other','1992-10-04','+1-272-654-1741',NULL,'lysanne.cummerata@example.com','221 Adrian Corner Suite 812','West Shakiramouth','Missouri','Brunei Darussalam','widowed',NULL,'Portable Power Tool Repairer',NULL,NULL,'baptized','1988-05-27',NULL,'2026-01-04 23:42:43','2026-01-04 23:42:43');
INSERT INTO profiles VALUES(194,617,1,'Frieda','Farrell','other','1986-05-31','678.926.5457',NULL,'jazlyn.turcotte@example.net','24840 Howell Ranch','North Garrisonchester','Idaho','Spain','married',NULL,'Psychiatrist',NULL,NULL,'not baptized','1988-03-29',NULL,'2026-01-04 23:42:49','2026-01-04 23:42:49');
INSERT INTO profiles VALUES(195,618,1,'Dan','Wuckert','female','1992-07-07','+1 (660) 871-8385',NULL,'colt.quigley@example.org','29372 Altenwerth Road','Port Oral','Vermont','Indonesia','widowed',NULL,'Material Moving Worker',NULL,NULL,'not baptized','1993-10-29',NULL,'2026-01-04 23:42:56','2026-01-04 23:42:56');
INSERT INTO profiles VALUES(196,619,1,'Audrey','Mraz','female','1991-09-23','240.795.6018',NULL,'sonny.goyette@example.org','4945 Kiehn Trafficway','Newelltown','Nevada','Kuwait','single',NULL,'Logging Worker',NULL,NULL,'not baptized','2007-04-20',NULL,'2026-01-04 23:43:00','2026-01-04 23:43:00');
INSERT INTO profiles VALUES(197,620,1,'Quinton','Crooks','female','1988-11-16','925.301.6584',NULL,'raymond.collins@example.net','425 Muller Light','Schillerfurt','Connecticut','Iraq','widowed',NULL,'Law Clerk',NULL,NULL,'baptized','1999-04-09',NULL,'2026-01-04 23:43:05','2026-01-04 23:43:05');
INSERT INTO profiles VALUES(198,621,1,'Ahmad','Swift','female','1982-01-12','269-243-2421',NULL,'kemmer.modesto@example.net','5429 Conn Port Apt. 560','Lake Leonardo','Missouri','Bolivia','single',NULL,'Stringed Instrument Repairer and Tuner',NULL,NULL,'baptized','2004-02-05',NULL,'2026-01-04 23:43:14','2026-01-04 23:43:14');
INSERT INTO profiles VALUES(199,622,1,'Josephine','Barrows','female','1981-12-12','+1-762-356-2885',NULL,'bruen.joesph@example.com','18400 Rohan Drive Suite 846','Rheafort','New York','Kazakhstan','single',NULL,'Environmental Science Teacher',NULL,NULL,'baptized','2018-12-09',NULL,'2026-01-04 23:43:17','2026-01-04 23:43:17');
INSERT INTO profiles VALUES(200,623,1,'Verona','Prohaska','male','1971-05-22','1-878-556-2941',NULL,'mrice@example.net','726 Joseph Flats Suite 466','West Eunice','Nevada','Nigeria','single',NULL,'Cultural Studies Teacher',NULL,NULL,'baptized','1990-05-07',NULL,'2026-01-04 23:43:22','2026-01-04 23:43:22');
INSERT INTO profiles VALUES(201,624,1,'Clemens','Beahan','other','1970-10-27','1-972-548-2117',NULL,'ciara.crooks@example.org','7538 Champlin Branch','Willmshaven','Arkansas','Saint Helena','single',NULL,'Structural Metal Fabricator',NULL,NULL,'not baptized','2014-11-26',NULL,'2026-01-04 23:43:27','2026-01-04 23:43:27');
INSERT INTO profiles VALUES(202,625,1,'Camren','Kutch','other','1978-06-21','+1-949-444-7329',NULL,'autumn.bosco@example.net','18530 Cormier Corners Suite 817','Lake Velmaville','Georgia','Peru','single',NULL,'Mental Health Counselor',NULL,NULL,'not baptized','2011-02-07',NULL,'2026-01-04 23:43:32','2026-01-04 23:43:32');
INSERT INTO profiles VALUES(203,626,1,'Dayne','Hyatt','male','1972-12-23','+1.972.604.4275',NULL,'jast.kayley@example.org','7946 Glover Island','New Myriam','Georgia','Sudan','single',NULL,'Video Editor',NULL,NULL,'baptized','2017-10-02',NULL,'2026-01-04 23:43:35','2026-01-04 23:43:35');
INSERT INTO profiles VALUES(204,627,1,'Angie','Schaefer','female','1972-08-29','407.854.2972',NULL,'turcotte.estrella@example.net','4602 Myles Haven','New Scarlett','Delaware','Estonia','widowed',NULL,'Manager Tactical Operations',NULL,NULL,'not baptized','1996-01-09',NULL,'2026-01-04 23:43:39','2026-01-04 23:43:39');
INSERT INTO profiles VALUES(205,628,2,'Kim','Walker','female','1987-03-27','430-396-1234',NULL,'fgleichner@example.org','9386 Ullrich Forge','East Dayna','Montana','San Marino','widowed',NULL,'Entertainment Attendant',NULL,NULL,'baptized','2006-05-10',NULL,'2026-01-04 23:43:46','2026-01-04 23:43:46');
INSERT INTO profiles VALUES(206,629,2,'Selina','Nikolaus','female','1991-10-12','1-562-968-3387',NULL,'ygreenfelder@example.org','49679 Stephen Camp Apt. 032','South Sincere','New York','Singapore','single',NULL,'Waiter',NULL,NULL,'baptized','1975-08-01',NULL,'2026-01-04 23:43:50','2026-01-04 23:43:50');
INSERT INTO profiles VALUES(207,630,2,'Myron','Ortiz','female','1993-12-11','+1-270-548-9865',NULL,'nzboncak@example.org','55703 Landen Pike','New Clementineshire','Texas','Lithuania','single',NULL,'Chemist',NULL,NULL,'not baptized','2004-01-13',NULL,'2026-01-04 23:43:55','2026-01-04 23:43:55');
INSERT INTO profiles VALUES(208,631,2,'Vincenzo','Towne','male','1985-01-02','952.765.8229',NULL,'lubowitz.elijah@example.org','7596 Borer Parkway Apt. 752','Port Claudie','Ohio','Saint Pierre and Miquelon','widowed',NULL,'Power Distributors OR Dispatcher',NULL,NULL,'not baptized','2006-11-04',NULL,'2026-01-04 23:44:01','2026-01-04 23:44:01');
INSERT INTO profiles VALUES(209,632,2,'Vada','Mertz','female','1992-02-06','+1-435-683-1677',NULL,'kmiller@example.net','254 Mckenzie Circles Apt. 084','Koeppmouth','California','Timor-Leste','single',NULL,'Motorboat Mechanic',NULL,NULL,'not baptized','1980-01-18',NULL,'2026-01-04 23:44:06','2026-01-04 23:44:06');
INSERT INTO profiles VALUES(210,633,2,'Devyn','Bruen','other','1978-05-08','+1-904-724-2796',NULL,'pwiza@example.com','98257 Weimann Motorway','Carrollhaven','Ohio','Niger','widowed',NULL,'Drilling and Boring Machine Tool Setter',NULL,NULL,'baptized','1982-05-24',NULL,'2026-01-04 23:44:11','2026-01-04 23:44:11');
INSERT INTO profiles VALUES(211,634,2,'Elisa','Barton','female','1991-05-27','1-717-236-2538',NULL,'dgoyette@example.org','2626 Stamm Estate Apt. 932','Lake Justineside','Rhode Island','Trinidad and Tobago','married',NULL,'Self-Enrichment Education Teacher',NULL,NULL,'baptized','1986-05-06',NULL,'2026-01-04 23:44:15','2026-01-04 23:44:15');
INSERT INTO profiles VALUES(212,635,2,'Yessenia','Macejkovic','other','1978-11-08','574.989.3686',NULL,'fstroman@example.com','5463 Von Forge','Fernandofort','Minnesota','Peru','married',NULL,'Film Laboratory Technician',NULL,NULL,'not baptized','1970-07-23',NULL,'2026-01-04 23:44:19','2026-01-04 23:44:19');
INSERT INTO profiles VALUES(213,636,2,'Jerrold','Gutmann','other','1991-01-04','+1-269-657-1461',NULL,'irma04@example.org','8930 Jeffery Rest Apt. 705','Brakusberg','New Jersey','Jamaica','widowed',NULL,'Transit Police OR Railroad Police',NULL,NULL,'not baptized','2004-08-12',NULL,'2026-01-04 23:44:24','2026-01-04 23:44:24');
INSERT INTO profiles VALUES(214,637,2,'Josianne','Hansen','female','1981-02-07','+1-920-695-0971',NULL,'zeichmann@example.org','261 Citlalli Glens Suite 617','Darylton','Vermont','Tunisia','married',NULL,'Airframe Mechanic',NULL,NULL,'baptized','1980-07-25',NULL,'2026-01-04 23:44:28','2026-01-04 23:44:28');
INSERT INTO profiles VALUES(215,638,2,'Selena','Mraz','other','1972-05-25','267-935-3211',NULL,'elena.purdy@example.com','42699 Murray Mountain','West Roselyn','Florida','Greece','single',NULL,'Refractory Materials Repairer',NULL,NULL,'baptized','2010-04-28',NULL,'2026-01-04 23:44:33','2026-01-04 23:44:33');
INSERT INTO profiles VALUES(216,639,2,'Hailee','O''Keefe','other','1976-02-21','208-928-6803',NULL,'cullen.krajcik@example.net','67382 Kathryn Spur','Lake Roselynton','Tennessee','Bouvet Island (Bouvetoya)','single',NULL,'Biochemist',NULL,NULL,'baptized','1978-02-21',NULL,'2026-01-04 23:44:37','2026-01-04 23:44:37');
INSERT INTO profiles VALUES(217,640,2,'Mavis','Reichert','female','1991-05-05','+1-240-344-8026',NULL,'reilly.stefan@example.org','63984 Isac Square Suite 288','New Clark','Virginia','Guyana','widowed',NULL,'Personal Financial Advisor',NULL,NULL,'baptized','2013-11-11',NULL,'2026-01-04 23:44:43','2026-01-04 23:44:43');
INSERT INTO profiles VALUES(218,641,2,'Jazmyne','Fritsch','other','1993-03-26','202-932-5680',NULL,'destany.bailey@example.com','2511 Ratke Ford Suite 465','Reichertport','Arizona','Singapore','single',NULL,'Precious Stone Worker',NULL,NULL,'not baptized','1973-02-26',NULL,'2026-01-04 23:44:47','2026-01-04 23:44:47');
INSERT INTO profiles VALUES(219,642,2,'Rita','Schmidt','male','1985-01-28','+17796996419',NULL,'fdeckow@example.com','95957 Velda Key Apt. 259','Manteland','Wisconsin','Bouvet Island (Bouvetoya)','married',NULL,'Statistician',NULL,NULL,'not baptized','1999-01-31',NULL,'2026-01-04 23:44:49','2026-01-04 23:44:49');
INSERT INTO profiles VALUES(220,643,2,'Elaina','Ullrich','other','1978-09-04','616-634-8306',NULL,'kiehn.bo@example.net','98772 Mertz Camp','East Yeseniahaven','New York','Greece','single',NULL,'Able Seamen',NULL,NULL,'not baptized','1991-09-09',NULL,'2026-01-04 23:44:52','2026-01-04 23:44:52');
INSERT INTO profiles VALUES(221,644,2,'Sven','Dickinson','male','1989-09-06','872.869.5538',NULL,'alexys82@example.net','2651 Tania Locks Apt. 998','East Alfonzo','Missouri','San Marino','widowed',NULL,'Electro-Mechanical Technician',NULL,NULL,'baptized','2012-11-03',NULL,'2026-01-04 23:44:55','2026-01-04 23:44:55');
INSERT INTO profiles VALUES(222,645,2,'Titus','Marks','male','1983-05-01','+1-346-288-1629',NULL,'heller.ruthie@example.org','34825 Rusty Throughway','New Margareteview','Arkansas','Saint Kitts and Nevis','married',NULL,'Automotive Specialty Technician',NULL,NULL,'not baptized','1972-02-20',NULL,'2026-01-04 23:44:59','2026-01-04 23:44:59');
INSERT INTO profiles VALUES(223,646,2,'Eve','Waters','male','1992-09-19','(626) 522-1450',NULL,'jewel.lemke@example.org','3649 Amanda Ford Apt. 144','North Carissashire','Idaho','Albania','widowed',NULL,'Product Safety Engineer',NULL,NULL,'baptized','1985-04-15',NULL,'2026-01-04 23:45:01','2026-01-04 23:45:01');
INSERT INTO profiles VALUES(224,647,2,'Claudine','Kuhic','other','1977-09-15','262.215.2387',NULL,'jacobi.delpha@example.com','8692 Emilie Forges','Mosheland','Maine','Costa Rica','single',NULL,'Secondary School Teacher',NULL,NULL,'baptized','1999-09-26',NULL,'2026-01-04 23:45:05','2026-01-04 23:45:05');
INSERT INTO profiles VALUES(225,648,2,'Wyman','Sawayn','female','1980-08-21','+1-484-236-3310',NULL,'kelly96@example.com','883 Koss Spurs Apt. 185','Osinskiview','South Dakota','Colombia','single',NULL,'Postal Service Clerk',NULL,NULL,'baptized','1984-02-04',NULL,'2026-01-04 23:45:08','2026-01-04 23:45:08');
INSERT INTO profiles VALUES(226,649,2,'Damaris','Schuppe','male','1992-06-11','+1-727-400-7075',NULL,'hudson.dayna@example.org','7678 Angelo Street','Arnaldoberg','Maryland','Morocco','single',NULL,'Transit Police OR Railroad Police',NULL,NULL,'baptized','2014-07-24',NULL,'2026-01-04 23:45:10','2026-01-04 23:45:10');
INSERT INTO profiles VALUES(227,650,2,'Zelma','Heaney','male','1974-10-31','302-914-6428',NULL,'schuster.marisa@example.org','884 Rigoberto Viaduct Apt. 064','Lake Horaceview','Maine','Niger','single',NULL,'Medical Laboratory Technologist',NULL,NULL,'not baptized','2004-11-15',NULL,'2026-01-04 23:45:14','2026-01-04 23:45:14');
INSERT INTO profiles VALUES(228,651,2,'Darron','Fritsch','other','1982-05-03','+1.726.967.1040',NULL,'zgottlieb@example.net','9243 Ansel Green Suite 453','Lebsackland','Kansas','Liberia','married',NULL,'Supervisor Fire Fighting Worker',NULL,NULL,'not baptized','2016-02-02',NULL,'2026-01-04 23:45:16','2026-01-04 23:45:16');
INSERT INTO profiles VALUES(229,652,2,'Brett','Graham','male','1975-12-18','+19066693178',NULL,'kovacek.adonis@example.com','9669 Beier Junction Apt. 314','South Rogelio','New Hampshire','Switzerland','married',NULL,'Naval Architects',NULL,NULL,'baptized','2007-07-25',NULL,'2026-01-04 23:45:18','2026-01-04 23:45:18');
INSERT INTO profiles VALUES(230,653,2,'Curt','Goodwin','male','1972-11-12','928-262-7978',NULL,'billie.howe@example.org','75526 Kemmer Lakes','New Urbanfort','Indiana','British Virgin Islands','married',NULL,'Refractory Materials Repairer',NULL,NULL,'baptized','1985-11-22',NULL,'2026-01-04 23:45:21','2026-01-04 23:45:21');
INSERT INTO profiles VALUES(231,654,2,'Irwin','Ledner','female','1973-10-07','+1-341-247-3350',NULL,'jprice@example.org','35338 Cora Shore','Lake Charleymouth','New Jersey','Mozambique','married',NULL,'Compacting Machine Operator',NULL,NULL,'baptized','2009-10-13',NULL,'2026-01-04 23:45:24','2026-01-04 23:45:24');
INSERT INTO profiles VALUES(232,655,2,'Emilie','Bergnaum','male','1972-10-17','1-786-572-3038',NULL,'eugene.simonis@example.org','189 Larry Stream','South Maxine','Minnesota','Chad','married',NULL,'Special Force',NULL,NULL,'not baptized','2001-11-09',NULL,'2026-01-04 23:45:27','2026-01-04 23:45:27');
INSERT INTO profiles VALUES(233,656,2,'Ola','Towne','other','1970-04-22','+1-380-273-8774',NULL,'klakin@example.com','5934 Kirk Fall','East Ines','New Jersey','Bermuda','married',NULL,'Natural Sciences Manager',NULL,NULL,'not baptized','1993-01-08',NULL,'2026-01-04 23:45:31','2026-01-04 23:45:31');
INSERT INTO profiles VALUES(234,657,2,'Gerson','Ruecker','female','1980-06-20','+1.281.880.0774',NULL,'imani.feest@example.org','510 Schimmel Mission','East Ernestineshire','Nevada','Latvia','married',NULL,'Aircraft Structure Assemblers',NULL,NULL,'not baptized','1995-07-14',NULL,'2026-01-04 23:45:34','2026-01-04 23:45:34');
INSERT INTO profiles VALUES(235,658,2,'Guiseppe','Armstrong','male','1970-08-09','+1-267-788-8570',NULL,'kimberly48@example.net','2550 Adriel Heights Apt. 809','Greenholtchester','Nevada','Papua New Guinea','married',NULL,'Housekeeping Supervisor',NULL,NULL,'baptized','2007-03-04',NULL,'2026-01-04 23:45:39','2026-01-04 23:45:39');
INSERT INTO profiles VALUES(236,659,2,'Ramiro','Littel','female','1973-01-30','680.251.5611',NULL,'nwuckert@example.net','310 Lois Garden','Dionhaven','Idaho','Korea','widowed',NULL,'Training Manager OR Development Manager',NULL,NULL,'baptized','1979-12-20',NULL,'2026-01-04 23:45:42','2026-01-04 23:45:42');
INSERT INTO profiles VALUES(237,660,2,'Selena','Wehner','female','1987-03-10','463.310.1301',NULL,'araceli.torphy@example.org','61234 Nolan Greens Apt. 303','Lake Devanmouth','Louisiana','Palestinian Territories','widowed',NULL,'Media and Communication Worker',NULL,NULL,'not baptized','2017-01-03',NULL,'2026-01-04 23:45:46','2026-01-04 23:45:46');
INSERT INTO profiles VALUES(238,661,2,'Arnoldo','Zieme','female','1981-11-08','1-220-698-6584',NULL,'meghan37@example.net','9967 Jerde Fork Suite 159','West Garrett','Texas','Iceland','widowed',NULL,'Hoist and Winch Operator',NULL,NULL,'not baptized','1993-10-24',NULL,'2026-01-04 23:45:49','2026-01-04 23:45:49');
INSERT INTO profiles VALUES(239,662,2,'Gerhard','Emmerich','female','1970-09-25','318-225-4309',NULL,'lilyan.lemke@example.net','3346 Felipa Path Apt. 609','Owenborough','Kansas','Fiji','widowed',NULL,'Landscaping',NULL,NULL,'baptized','2002-04-12',NULL,'2026-01-04 23:45:51','2026-01-04 23:45:51');
INSERT INTO profiles VALUES(240,663,2,'Tressa','Mitchell','male','1991-02-05','470.746.9816',NULL,'lang.maeve@example.org','36385 Lamar Freeway','New Garrick','Arkansas','Falkland Islands (Malvinas)','single',NULL,'Barber',NULL,NULL,'baptized','1974-10-06',NULL,'2026-01-04 23:45:55','2026-01-04 23:45:55');
INSERT INTO profiles VALUES(241,664,2,'Marquis','Runte','male','1986-07-23','+1 (551) 279-9517',NULL,'williamson.ellie@example.net','252 Schimmel Forest','West Tomstad','Connecticut','Monaco','single',NULL,'Pharmacy Technician',NULL,NULL,'baptized','1981-05-21',NULL,'2026-01-04 23:45:59','2026-01-04 23:45:59');
INSERT INTO profiles VALUES(242,665,2,'Desiree','Robel','female','1985-03-31','+1-281-415-2645',NULL,'prohaska.keanu@example.com','820 Collier Way Apt. 690','North Pamela','South Dakota','Australia','widowed',NULL,'Wholesale Buyer',NULL,NULL,'not baptized','2018-04-07',NULL,'2026-01-04 23:46:03','2026-01-04 23:46:03');
INSERT INTO profiles VALUES(243,666,2,'Wade','Nader','male','1974-06-13','215-389-0252',NULL,'emard.nora@example.org','9179 Auer Springs','South Aricshire','New York','Hungary','married',NULL,'Environmental Engineering Technician',NULL,NULL,'not baptized','1998-11-28',NULL,'2026-01-04 23:46:07','2026-01-04 23:46:07');
INSERT INTO profiles VALUES(244,667,2,'Zachariah','Berge','male','1993-06-26','(682) 983-3266',NULL,'cschamberger@example.org','23992 Haskell Extension Apt. 818','Maureenstad','New Jersey','Bosnia and Herzegovina','married',NULL,'Signal Repairer OR Track Switch Repairer',NULL,NULL,'not baptized','1981-11-29',NULL,'2026-01-04 23:46:10','2026-01-04 23:46:10');
INSERT INTO profiles VALUES(245,668,2,'Claire','Abbott','other','1972-08-30','+1-501-964-5216',NULL,'homenick.shaun@example.org','92785 Kilback Station','Lake Aidan','Kentucky','France','widowed',NULL,'Drycleaning Machine Operator',NULL,NULL,'baptized','1971-10-07',NULL,'2026-01-04 23:46:13','2026-01-04 23:46:13');
INSERT INTO profiles VALUES(246,669,2,'Jessy','Reinger','other','1982-11-07','419.593.6152',NULL,'dweimann@example.org','2449 Upton Creek Apt. 524','West Helenside','South Dakota','Papua New Guinea','married',NULL,'Sculptor',NULL,NULL,'baptized','1976-11-04',NULL,'2026-01-04 23:46:17','2026-01-04 23:46:17');
INSERT INTO profiles VALUES(247,670,2,'Hugh','Barrows','female','1988-12-29','(845) 977-5636',NULL,'tremblay.albina@example.net','444 Frederic Fort Suite 571','Marvintown','Indiana','Saint Helena','single',NULL,'Operating Engineer',NULL,NULL,'baptized','1992-03-14',NULL,'2026-01-04 23:46:20','2026-01-04 23:46:20');
INSERT INTO profiles VALUES(248,671,2,'Reagan','Doyle','female','1980-09-29','623-879-1561',NULL,'rosalia.hammes@example.com','19779 Janelle Crescent','Jastland','Rhode Island','Afghanistan','single',NULL,'Landscaping',NULL,NULL,'baptized','1999-07-21',NULL,'2026-01-04 23:46:22','2026-01-04 23:46:22');
INSERT INTO profiles VALUES(249,672,2,'Freddy','Little','male','1992-08-15','+1-614-903-9729',NULL,'idella.schroeder@example.com','961 Corwin Keys','Fletaton','Georgia','United States Minor Outlying Islands','married',NULL,'Production Inspector',NULL,NULL,'baptized','2013-04-24',NULL,'2026-01-04 23:46:26','2026-01-04 23:46:26');
INSERT INTO profiles VALUES(250,673,2,'Antonietta','Stamm','other','1980-11-29','(551) 683-1751',NULL,'darlene58@example.net','63565 Goldner Branch Apt. 834','West Tierra','Alabama','Ecuador','widowed',NULL,'School Bus Driver',NULL,NULL,'baptized','1998-01-15',NULL,'2026-01-04 23:46:29','2026-01-04 23:46:29');
INSERT INTO profiles VALUES(251,674,2,'Jazmyn','Batz','female','1987-03-18','(870) 480-7159',NULL,'natasha.leannon@example.org','1082 D''Amore Ports','North Ross','Wyoming','Bhutan','married',NULL,'HVAC Mechanic',NULL,NULL,'not baptized','1991-03-23',NULL,'2026-01-04 23:46:31','2026-01-04 23:46:31');
INSERT INTO profiles VALUES(252,675,2,'Rhiannon','Gulgowski','male','1989-11-05','+1-210-930-1691',NULL,'bobbie.goldner@example.org','9256 Nichole Gateway Apt. 641','Rockybury','Washington','Chile','married',NULL,'Anthropologist',NULL,NULL,'baptized','1981-06-01',NULL,'2026-01-04 23:46:33','2026-01-04 23:46:33');
INSERT INTO profiles VALUES(253,676,2,'Wyman','Mohr','male','1978-03-23','+17726753876',NULL,'baumbach.asia@example.org','7175 Stoltenberg Wells','New Alvera','Vermont','Bolivia','married',NULL,'Financial Specialist',NULL,NULL,'baptized','1970-04-20',NULL,'2026-01-04 23:46:37','2026-01-04 23:46:37');
INSERT INTO profiles VALUES(254,677,2,'Bernie','Lakin','female','1994-03-27','+1-570-293-4758',NULL,'lwindler@example.com','727 Abbigail Rue','East Andresmouth','Alaska','Slovenia','single',NULL,'Aircraft Launch Specialist',NULL,NULL,'not baptized','2015-09-18',NULL,'2026-01-04 23:46:39','2026-01-04 23:46:39');
INSERT INTO profiles VALUES(255,678,2,'Kiara','Heathcote','male','1973-06-01','+12607096866',NULL,'cordia.boyer@example.com','962 Annetta Street Suite 029','Larsonberg','Mississippi','Cuba','married',NULL,'Command Control Center Officer',NULL,NULL,'baptized','2013-11-01',NULL,'2026-01-04 23:46:42','2026-01-04 23:46:42');
INSERT INTO profiles VALUES(256,679,2,'Chance','Marquardt','male','1988-08-25','+1.385.971.4134',NULL,'wwolff@example.com','246 Hermann Streets','Macejkovicmouth','Alaska','Ecuador','widowed',NULL,'Heat Treating Equipment Operator',NULL,NULL,'baptized','2007-03-19',NULL,'2026-01-04 23:46:45','2026-01-04 23:46:45');
INSERT INTO profiles VALUES(257,680,2,'Fredy','Ankunding','male','1984-09-13','(636) 250-8026',NULL,'max.murray@example.org','805 Johns Walks Suite 761','North Emilieport','Hawaii','Libyan Arab Jamahiriya','single',NULL,'Singer',NULL,NULL,'baptized','1974-02-07',NULL,'2026-01-04 23:46:48','2026-01-04 23:46:48');
INSERT INTO profiles VALUES(258,681,2,'Justine','Hilpert','female','1986-01-07','270.364.7313',NULL,'maggio.marilou@example.net','83262 Giovanny Route Suite 484','Lake Lulu','Texas','Aruba','single',NULL,'Operations Research Analyst',NULL,NULL,'baptized','2018-10-07',NULL,'2026-01-04 23:46:51','2026-01-04 23:46:51');
INSERT INTO profiles VALUES(259,682,2,'Carley','Bosco','male','1986-08-23','620-673-0459',NULL,'vella48@example.com','297 Elyse Pines','South Greenland','Indiana','Thailand','widowed',NULL,'Boat Builder and Shipwright',NULL,NULL,'not baptized','1989-09-26',NULL,'2026-01-04 23:46:53','2026-01-04 23:46:53');
INSERT INTO profiles VALUES(260,683,2,'Lura','Considine','female','1994-09-22','1-580-687-8751',NULL,'roel.price@example.com','4166 McClure Glen Suite 879','Albertafurt','Massachusetts','Niger','widowed',NULL,'Computer Scientist',NULL,NULL,'not baptized','2008-10-14',NULL,'2026-01-04 23:46:57','2026-01-04 23:46:57');
INSERT INTO profiles VALUES(261,684,2,'Russell','Schuppe','female','1981-09-21','+1.571.941.4319',NULL,'dietrich.eve@example.org','17551 Irwin Mission','Maxiestad','Iowa','Malta','single',NULL,'Farmer',NULL,NULL,'baptized','1975-02-11',NULL,'2026-01-04 23:46:59','2026-01-04 23:46:59');
INSERT INTO profiles VALUES(262,685,2,'Finn','Bernier','other','1984-04-14','+1-941-799-7062',NULL,'deven.price@example.org','618 Myrl Ranch','New Tommietown','Wyoming','Panama','single',NULL,'Sociology Teacher',NULL,NULL,'not baptized','1984-11-17',NULL,'2026-01-04 23:47:03','2026-01-04 23:47:03');
INSERT INTO profiles VALUES(263,686,2,'Donavon','Marks','other','1971-03-09','+1-681-593-6017',NULL,'shaun.tillman@example.net','341 Deanna Trail','Port Jaylenmouth','Mississippi','France','single',NULL,'Municipal Fire Fighter',NULL,NULL,'baptized','2015-02-26',NULL,'2026-01-04 23:47:06','2026-01-04 23:47:06');
INSERT INTO profiles VALUES(264,687,2,'Robin','Buckridge','female','1979-02-09','(828) 472-9113',NULL,'zane.schroeder@example.net','89441 Aliyah Mission','Delfinaburgh','Idaho','Equatorial Guinea','married',NULL,'Musician',NULL,NULL,'not baptized','1984-12-17',NULL,'2026-01-04 23:47:10','2026-01-04 23:47:10');
INSERT INTO profiles VALUES(265,688,2,'Kylie','Rohan','other','1974-10-20','515-226-4141',NULL,'morar.armand@example.net','79156 Oliver Radial Suite 305','New Tristianborough','Oregon','Nigeria','widowed',NULL,'House Cleaner',NULL,NULL,'baptized','1981-05-27',NULL,'2026-01-04 23:47:12','2026-01-04 23:47:12');
INSERT INTO profiles VALUES(266,689,2,'Lew','Heathcote','female','1991-10-16','+1-220-559-4376',NULL,'jay69@example.net','304 Joy Shore','Grahammouth','Arizona','Libyan Arab Jamahiriya','married',NULL,'Poultry Cutter',NULL,NULL,'baptized','1993-01-01',NULL,'2026-01-04 23:47:16','2026-01-04 23:47:16');
INSERT INTO profiles VALUES(267,690,2,'Lue','Reichel','other','1993-03-12','626-264-9161',NULL,'hintz.alycia@example.net','612 Powlowski Inlet','Camilleborough','Hawaii','Malaysia','widowed',NULL,'Real Estate Appraiser',NULL,NULL,'not baptized','2007-08-22',NULL,'2026-01-04 23:47:19','2026-01-04 23:47:19');
INSERT INTO profiles VALUES(268,691,2,'Marcelle','Windler','male','1985-11-02','(424) 478-2961',NULL,'gudrun92@example.org','4156 Friesen Street','Boyleville','Alabama','Benin','single',NULL,'Environmental Science Technician',NULL,NULL,'baptized','2001-05-12',NULL,'2026-01-04 23:47:21','2026-01-04 23:47:21');
INSERT INTO profiles VALUES(269,692,2,'Arch','Robel','male','1971-01-17','(954) 455-1101',NULL,'qfunk@example.org','5401 Darius Estates Suite 042','Wymanmouth','Kentucky','Australia','single',NULL,'Engineering Manager',NULL,NULL,'not baptized','2016-01-13',NULL,'2026-01-04 23:47:24','2026-01-04 23:47:24');
INSERT INTO profiles VALUES(270,693,2,'Danny','Botsford','female','1992-06-19','+1.424.539.4469',NULL,'jeanne08@example.net','3912 Turcotte Fort Suite 456','Willardshire','Washington','Niue','widowed',NULL,'Talent Acquisition Manager',NULL,NULL,'baptized','1994-11-06',NULL,'2026-01-04 23:47:26','2026-01-04 23:47:26');
INSERT INTO profiles VALUES(271,694,2,'Jack','Lemke','male','1990-07-21','(930) 341-6195',NULL,'wisoky.neha@example.org','74281 McKenzie Union','South Katlynnfort','District of Columbia','Japan','single',NULL,'Packer and Packager',NULL,NULL,'baptized','2010-12-17',NULL,'2026-01-04 23:47:29','2026-01-04 23:47:29');
INSERT INTO profiles VALUES(272,695,2,'Vesta','Friesen','other','1975-09-15','+15517037410',NULL,'bertram91@example.org','325 Huel Corner Apt. 653','East Leann','California','Venezuela','single',NULL,'Motion Picture Projectionist',NULL,NULL,'not baptized','2015-09-30',NULL,'2026-01-04 23:47:32','2026-01-04 23:47:32');
INSERT INTO profiles VALUES(273,696,2,'Columbus','Johnston','male','1972-02-06','231-247-1571',NULL,'xterry@example.org','723 Breitenberg Points Suite 590','South Lauryland','Wisconsin','South Africa','widowed',NULL,'Nuclear Medicine Technologist',NULL,NULL,'baptized','2014-10-18',NULL,'2026-01-04 23:47:34','2026-01-04 23:47:34');
INSERT INTO profiles VALUES(274,697,2,'Roberto','Jacobson','other','1977-06-20','(727) 454-0590',NULL,'ona.predovic@example.org','553 Unique Trace Suite 248','New Mariela','Georgia','Russian Federation','widowed',NULL,'Chef',NULL,NULL,'baptized','2008-04-16',NULL,'2026-01-04 23:47:37','2026-01-04 23:47:37');
INSERT INTO profiles VALUES(275,698,2,'Cali','Herman','male','1979-08-13','920-508-6764',NULL,'pollich.elna@example.com','7381 Mann Groves Suite 053','Cartermouth','Washington','Sudan','widowed',NULL,'Precious Stone Worker',NULL,NULL,'not baptized','1989-02-03',NULL,'2026-01-04 23:47:41','2026-01-04 23:47:41');
INSERT INTO profiles VALUES(276,699,2,'Noemi','Rempel','other','1980-05-27','+19303075254',NULL,'sauer.bonnie@example.org','29208 Jermey Squares Apt. 755','McLaughlinchester','Minnesota','Australia','married',NULL,'Animal Scientist',NULL,NULL,'not baptized','1985-04-03',NULL,'2026-01-04 23:47:44','2026-01-04 23:47:44');
INSERT INTO profiles VALUES(277,700,2,'Justina','DuBuque','male','1983-05-30','1-321-608-7769',NULL,'pagac.lawson@example.net','8238 Kub Brook','Wardland','Mississippi','Martinique','single',NULL,'Postmasters',NULL,NULL,'not baptized','1998-07-16',NULL,'2026-01-04 23:47:47','2026-01-04 23:47:47');
INSERT INTO profiles VALUES(278,701,2,'Larue','Parker','other','1971-04-27','(570) 228-6004',NULL,'haskell07@example.net','626 Declan Ramp Apt. 778','Johnsonton','Oklahoma','New Caledonia','single',NULL,'Traffic Technician',NULL,NULL,'baptized','2005-09-02',NULL,'2026-01-04 23:47:50','2026-01-04 23:47:50');
INSERT INTO profiles VALUES(279,702,2,'Claudia','Green','male','1978-01-04','816-610-2593',NULL,'ethel90@example.net','866 Senger Terrace','Lake Celia','South Dakota','Suriname','married',NULL,'Philosophy and Religion Teacher',NULL,NULL,'not baptized','2006-06-02',NULL,'2026-01-04 23:47:53','2026-01-04 23:47:53');
INSERT INTO profiles VALUES(280,703,2,'Pearlie','Ledner','female','1986-09-13','650-743-6171',NULL,'sedrick37@example.net','307 McLaughlin Drive','North Ross','Louisiana','Bolivia','widowed',NULL,'Architectural Drafter OR Civil Drafter',NULL,NULL,'not baptized','2011-09-24',NULL,'2026-01-04 23:47:56','2026-01-04 23:47:56');
INSERT INTO profiles VALUES(281,704,2,'Alessandro','Russel','other','1982-09-12','520-474-8393',NULL,'zfarrell@example.org','8119 Roob Tunnel Apt. 029','New Lorine','Nevada','Martinique','widowed',NULL,'Industrial Engineering Technician',NULL,NULL,'not baptized','1995-05-06',NULL,'2026-01-04 23:48:00','2026-01-04 23:48:00');
INSERT INTO profiles VALUES(282,705,2,'Trystan','Beatty','male','1971-09-25','(712) 299-9544',NULL,'beer.judson@example.net','35021 Lockman Inlet','Port Alfonsochester','Minnesota','Egypt','single',NULL,'Material Moving Worker',NULL,NULL,'baptized','2013-02-07',NULL,'2026-01-04 23:48:03','2026-01-04 23:48:03');
INSERT INTO profiles VALUES(283,706,2,'Easton','Russel','male','1975-05-01','+1.757.507.9047',NULL,'klocko.pansy@example.com','19663 Hoeger Plains','Amirbury','Michigan','Sweden','married',NULL,'Dietetic Technician',NULL,NULL,'baptized','2002-10-07',NULL,'2026-01-04 23:48:06','2026-01-04 23:48:06');
INSERT INTO profiles VALUES(284,707,2,'Brenda','Nicolas','male','1981-10-01','+1-856-459-5125',NULL,'aliya90@example.org','991 Stamm Cliff Apt. 916','Paolomouth','Kentucky','Holy See (Vatican City State)','widowed',NULL,'Executive Secretary',NULL,NULL,'baptized','1998-07-01',NULL,'2026-01-04 23:48:10','2026-01-04 23:48:10');
INSERT INTO profiles VALUES(285,708,2,'Jason','Emard','male','1989-05-24','+1-817-438-0204',NULL,'pgerhold@example.net','1334 Carmine Plaza Suite 781','Alveraport','Pennsylvania','Cyprus','married',NULL,'Technical Director',NULL,NULL,'not baptized','1998-08-18',NULL,'2026-01-04 23:48:14','2026-01-04 23:48:14');
INSERT INTO profiles VALUES(286,709,2,'Sylvester','Lueilwitz','other','1980-01-11','(430) 984-4178',NULL,'williamson.eryn@example.net','589 Wiegand Vista Apt. 087','Port Jaylenhaven','Washington','Greece','single',NULL,'Forest Fire Fighter',NULL,NULL,'baptized','1995-04-26',NULL,'2026-01-04 23:48:18','2026-01-04 23:48:18');
INSERT INTO profiles VALUES(287,1,NULL,'Ilem','Admin','male','1984-06-07','463.386.8144',NULL,'ilem@gmail.com','5440 O''Kon Square Suite 267','New Crystel','Pennsylvania','Djibouti','single',NULL,'Administrator',NULL,NULL,'baptized','1973-01-16',NULL,'2026-01-05 12:24:01','2026-01-05 12:24:01');
CREATE TABLE IF NOT EXISTS "units" ("id" integer primary key autoincrement not null, "team_id" integer not null, "chapter_id" integer, "name" varchar not null, "short" varchar, "created_at" datetime, "updated_at" datetime, foreign key("team_id") references "teams"("id") on delete cascade);
INSERT INTO units VALUES(1,1,1,'voluptatum Unit','KAO','2025-11-24 03:04:08','2025-11-24 03:04:08');
INSERT INTO units VALUES(2,1,1,'ut Unit','MPK','2025-11-24 03:04:09','2025-11-24 03:04:09');
INSERT INTO units VALUES(3,1,1,'officiis Unit','AZF','2025-11-24 03:04:10','2025-11-24 03:04:10');
INSERT INTO units VALUES(4,1,1,'facilis Unit','YXJ','2025-11-24 03:04:11','2025-11-24 03:04:11');
INSERT INTO units VALUES(5,1,1,'amet Unit','JAS','2025-11-24 03:04:12','2025-11-24 03:04:12');
INSERT INTO units VALUES(6,1,1,'quis Unit','TUE','2025-11-24 03:04:13','2025-11-24 03:04:13');
INSERT INTO units VALUES(7,1,1,'nesciunt Unit','ZLT','2025-11-24 03:04:14','2025-11-24 03:04:14');
INSERT INTO units VALUES(8,1,1,'odit Unit','BIZ','2025-11-24 03:04:15','2025-11-24 03:04:15');
INSERT INTO units VALUES(9,1,1,'et Unit','ARC','2025-11-24 03:04:16','2025-11-24 03:04:16');
INSERT INTO units VALUES(10,1,1,'magnam Unit','EFV','2025-11-24 03:04:17','2025-11-24 03:04:17');
INSERT INTO units VALUES(11,2,1,'officiis Unit','ZYN','2025-11-24 03:04:18','2025-11-24 03:04:18');
INSERT INTO units VALUES(12,2,1,'quasi Unit','OCN','2025-11-24 03:04:19','2025-11-24 03:04:19');
INSERT INTO units VALUES(13,2,1,'quidem Unit','AXO','2025-11-24 03:04:20','2025-11-24 03:04:20');
INSERT INTO units VALUES(14,2,1,'optio Unit','CHM','2025-11-24 03:04:22','2025-11-24 03:04:22');
INSERT INTO units VALUES(15,2,1,'placeat Unit','RRT','2025-11-24 03:04:22','2025-11-24 03:04:22');
INSERT INTO units VALUES(16,2,1,'accusamus Unit','NDA','2025-11-24 03:04:24','2025-11-24 03:04:24');
INSERT INTO units VALUES(17,2,1,'in Unit','EKX','2025-11-24 03:04:24','2025-11-24 03:04:24');
INSERT INTO units VALUES(18,2,1,'aut Unit','WGQ','2025-11-24 03:04:25','2025-11-24 03:04:25');
INSERT INTO units VALUES(19,2,1,'voluptates Unit','LWF','2025-11-24 03:04:27','2025-11-24 03:04:27');
INSERT INTO units VALUES(20,2,1,'veniam Unit','LSA','2025-11-24 03:04:28','2025-11-24 03:04:28');
INSERT INTO units VALUES(21,3,1,'qui Unit','QDK','2025-11-24 03:04:30','2025-11-24 03:04:30');
INSERT INTO units VALUES(22,3,1,'est Unit','WUA','2025-11-24 03:04:31','2025-11-24 03:04:31');
INSERT INTO units VALUES(23,3,1,'placeat Unit','MWR','2025-11-24 03:04:32','2025-11-24 03:04:32');
INSERT INTO units VALUES(24,3,1,'pariatur Unit','MVA','2025-11-24 03:04:34','2025-11-24 03:04:34');
INSERT INTO units VALUES(25,3,1,'dolor Unit','CWD','2025-11-24 03:04:35','2025-11-24 03:04:35');
INSERT INTO units VALUES(26,3,1,'ut Unit','OLB','2025-11-24 03:04:36','2025-11-24 03:04:36');
INSERT INTO units VALUES(27,3,1,'atque Unit','IPR','2025-11-24 03:04:37','2025-11-24 03:04:37');
INSERT INTO units VALUES(28,3,1,'ut Unit','AOD','2025-11-24 03:04:38','2025-11-24 03:04:38');
INSERT INTO units VALUES(29,3,1,'tenetur Unit','ROE','2025-11-24 03:04:39','2025-11-24 03:04:39');
INSERT INTO units VALUES(30,3,1,'est Unit','IDW','2025-11-24 03:04:41','2025-11-24 03:04:41');
INSERT INTO units VALUES(31,4,1,'totam Unit','ISW','2025-11-24 03:04:44','2025-11-24 03:04:44');
INSERT INTO units VALUES(32,4,1,'consequatur Unit','KHP','2025-11-24 03:04:45','2025-11-24 03:04:45');
INSERT INTO units VALUES(33,4,1,'dignissimos Unit','KAC','2025-11-24 03:04:46','2025-11-24 03:04:46');
INSERT INTO units VALUES(34,4,1,'fugit Unit','YRH','2025-11-24 03:04:47','2025-11-24 03:04:47');
INSERT INTO units VALUES(35,4,1,'fugit Unit','PFS','2025-11-24 03:04:49','2025-11-24 03:04:49');
INSERT INTO units VALUES(36,4,1,'dolorem Unit','BWR','2025-11-24 03:04:50','2025-11-24 03:04:50');
INSERT INTO units VALUES(37,4,1,'eaque Unit','ZOA','2025-11-24 03:04:52','2025-11-24 03:04:52');
INSERT INTO units VALUES(38,4,1,'ab Unit','NMI','2025-11-24 03:04:53','2025-11-24 03:04:53');
INSERT INTO units VALUES(39,4,1,'est Unit','PGJ','2025-11-24 03:04:55','2025-11-24 03:04:55');
INSERT INTO units VALUES(40,4,1,'recusandae Unit','LMM','2025-11-24 03:04:56','2025-11-24 03:04:56');
INSERT INTO units VALUES(41,5,1,'sed Unit','GGU','2025-11-24 03:04:59','2025-11-24 03:04:59');
INSERT INTO units VALUES(42,5,1,'quis Unit','DXC','2025-11-24 03:05:02','2025-11-24 03:05:02');
INSERT INTO units VALUES(43,5,1,'omnis Unit','HHC','2025-11-24 03:05:04','2025-11-24 03:05:04');
INSERT INTO units VALUES(44,5,1,'itaque Unit','HKE','2025-11-24 03:05:06','2025-11-24 03:05:06');
INSERT INTO units VALUES(45,5,1,'eius Unit','GQG','2025-11-24 03:05:08','2025-11-24 03:05:08');
INSERT INTO units VALUES(46,5,1,'pariatur Unit','SPG','2025-11-24 03:05:11','2025-11-24 03:05:11');
INSERT INTO units VALUES(47,5,1,'non Unit','RAT','2025-11-24 03:05:14','2025-11-24 03:05:14');
INSERT INTO units VALUES(48,5,1,'quod Unit','ABI','2025-11-24 03:05:16','2025-11-24 03:05:16');
INSERT INTO units VALUES(49,5,1,'tempore Unit','TSE','2025-11-24 03:05:18','2025-11-24 03:05:18');
INSERT INTO units VALUES(50,5,1,'est Unit','CYC','2025-11-24 03:05:20','2025-11-24 03:05:20');
INSERT INTO units VALUES(51,6,1,'repellat Unit','WTX','2025-11-24 03:05:24','2025-11-24 03:05:24');
INSERT INTO units VALUES(52,6,1,'nam Unit','WDA','2025-11-24 03:05:26','2025-11-24 03:05:26');
INSERT INTO units VALUES(53,6,1,'eum Unit','LRH','2025-11-24 03:05:27','2025-11-24 03:05:27');
INSERT INTO units VALUES(54,6,1,'debitis Unit','XTO','2025-11-24 03:05:30','2025-11-24 03:05:30');
INSERT INTO units VALUES(55,6,1,'assumenda Unit','TKG','2025-11-24 03:05:32','2025-11-24 03:05:32');
INSERT INTO units VALUES(56,6,1,'non Unit','NFT','2025-11-24 03:05:36','2025-11-24 03:05:36');
INSERT INTO units VALUES(57,6,1,'corporis Unit','LZU','2025-11-24 03:05:38','2025-11-24 03:05:38');
INSERT INTO units VALUES(58,6,1,'doloremque Unit','EUA','2025-11-24 03:05:41','2025-11-24 03:05:41');
INSERT INTO units VALUES(59,6,1,'occaecati Unit','HZA','2025-11-24 03:05:44','2025-11-24 03:05:44');
INSERT INTO units VALUES(60,6,1,'eius Unit','NAR','2025-11-24 03:05:46','2025-11-24 03:05:46');
INSERT INTO units VALUES(61,7,1,'et Unit','NZH','2025-11-24 03:05:51','2025-11-24 03:05:51');
INSERT INTO units VALUES(62,7,1,'sed Unit','PAY','2025-11-24 03:05:52','2025-11-24 03:05:52');
INSERT INTO units VALUES(63,7,1,'sequi Unit','LGJ','2025-11-24 03:05:53','2025-11-24 03:05:53');
INSERT INTO units VALUES(64,7,1,'nobis Unit','LJF','2025-11-24 03:05:55','2025-11-24 03:05:55');
INSERT INTO units VALUES(65,7,1,'ducimus Unit','MAA','2025-11-24 03:05:57','2025-11-24 03:05:57');
INSERT INTO units VALUES(66,7,1,'et Unit','XON','2025-11-24 03:05:59','2025-11-24 03:05:59');
INSERT INTO units VALUES(67,7,1,'quos Unit','YXZ','2025-11-24 03:06:03','2025-11-24 03:06:03');
INSERT INTO units VALUES(68,7,1,'excepturi Unit','ZWH','2025-11-24 03:06:06','2025-11-24 03:06:06');
INSERT INTO units VALUES(69,7,1,'quod Unit','GVC','2025-11-24 03:06:09','2025-11-24 03:06:09');
INSERT INTO units VALUES(70,7,1,'amet Unit','WSX','2025-11-24 03:06:13','2025-11-24 03:06:13');
INSERT INTO units VALUES(71,8,1,'earum Unit','IFG','2025-11-24 03:06:18','2025-11-24 03:06:18');
INSERT INTO units VALUES(72,8,1,'voluptas Unit','WMN','2025-11-24 03:06:21','2025-11-24 03:06:21');
INSERT INTO units VALUES(73,8,1,'ipsum Unit','EOX','2025-11-24 03:06:24','2025-11-24 03:06:24');
INSERT INTO units VALUES(74,8,1,'error Unit','HJX','2025-11-24 03:06:28','2025-11-24 03:06:28');
INSERT INTO units VALUES(75,8,1,'rem Unit','LFO','2025-11-24 03:06:31','2025-11-24 03:06:31');
INSERT INTO units VALUES(76,8,1,'enim Unit','HJR','2025-11-24 03:06:34','2025-11-24 03:06:34');
INSERT INTO units VALUES(77,8,1,'iure Unit','QFP','2025-11-24 03:06:36','2025-11-24 03:06:36');
INSERT INTO units VALUES(78,8,1,'occaecati Unit','XJU','2025-11-24 03:06:38','2025-11-24 03:06:38');
INSERT INTO units VALUES(79,8,1,'in Unit','YDE','2025-11-24 03:06:41','2025-11-24 03:06:41');
INSERT INTO units VALUES(80,8,1,'sint Unit','BZX','2025-11-24 03:06:42','2025-11-24 03:06:42');
INSERT INTO units VALUES(81,9,1,'recusandae Unit','HIO','2025-11-24 03:06:47','2025-11-24 03:06:47');
INSERT INTO units VALUES(82,9,1,'quia Unit','QUJ','2025-11-24 03:06:48','2025-11-24 03:06:48');
INSERT INTO units VALUES(83,9,1,'et Unit','NSQ','2025-11-24 03:06:50','2025-11-24 03:06:50');
INSERT INTO units VALUES(84,9,1,'deserunt Unit','TWK','2025-11-24 03:06:52','2025-11-24 03:06:52');
INSERT INTO units VALUES(85,9,1,'qui Unit','RMW','2025-11-24 03:06:55','2025-11-24 03:06:55');
INSERT INTO units VALUES(86,9,1,'exercitationem Unit','IEZ','2025-11-24 03:06:57','2025-11-24 03:06:57');
INSERT INTO units VALUES(87,9,1,'repellendus Unit','QOL','2025-11-24 03:06:58','2025-11-24 03:06:58');
INSERT INTO units VALUES(88,9,1,'ea Unit','GLC','2025-11-24 03:07:01','2025-11-24 03:07:01');
INSERT INTO units VALUES(89,9,1,'deserunt Unit','UWW','2025-11-24 03:07:03','2025-11-24 03:07:03');
INSERT INTO units VALUES(90,9,1,'repellat Unit','HWD','2025-11-24 03:07:05','2025-11-24 03:07:05');
INSERT INTO units VALUES(91,10,1,'sed Unit','WSC','2025-11-24 03:07:08','2025-11-24 03:07:08');
INSERT INTO units VALUES(92,10,1,'quo Unit','DGE','2025-11-24 03:07:09','2025-11-24 03:07:09');
INSERT INTO units VALUES(93,10,1,'nisi Unit','DLX','2025-11-24 03:07:10','2025-11-24 03:07:10');
INSERT INTO units VALUES(94,10,1,'et Unit','XIC','2025-11-24 03:07:11','2025-11-24 03:07:11');
INSERT INTO units VALUES(95,10,1,'dolorem Unit','OIV','2025-11-24 03:07:12','2025-11-24 03:07:12');
INSERT INTO units VALUES(96,10,1,'et Unit','JQY','2025-11-24 03:07:13','2025-11-24 03:07:13');
INSERT INTO units VALUES(97,10,1,'beatae Unit','VEG','2025-11-24 03:07:14','2025-11-24 03:07:14');
INSERT INTO units VALUES(98,10,1,'molestias Unit','QJC','2025-11-24 03:07:15','2025-11-24 03:07:15');
INSERT INTO units VALUES(99,10,1,'aliquid Unit','YZL','2025-11-24 03:07:17','2025-11-24 03:07:17');
INSERT INTO units VALUES(100,10,1,'eos Unit','FJY','2025-11-24 03:07:18','2025-11-24 03:07:18');
INSERT INTO units VALUES(101,11,2,'et Unit','BYJ','2025-11-24 03:07:20','2025-11-24 03:07:20');
INSERT INTO units VALUES(102,11,2,'non Unit','BHN','2025-11-24 03:07:21','2025-11-24 03:07:21');
INSERT INTO units VALUES(103,11,2,'quis Unit','NFG','2025-11-24 03:07:22','2025-11-24 03:07:22');
INSERT INTO units VALUES(104,11,2,'in Unit','GDV','2025-11-24 03:07:23','2025-11-24 03:07:23');
INSERT INTO units VALUES(105,11,2,'in Unit','LGG','2025-11-24 03:07:24','2025-11-24 03:07:24');
INSERT INTO units VALUES(106,11,2,'deleniti Unit','WQI','2025-11-24 03:07:26','2025-11-24 03:07:26');
INSERT INTO units VALUES(107,11,2,'aperiam Unit','PQR','2025-11-24 03:07:27','2025-11-24 03:07:27');
INSERT INTO units VALUES(108,11,2,'consequatur Unit','XPB','2025-11-24 03:07:28','2025-11-24 03:07:28');
INSERT INTO units VALUES(109,11,2,'quam Unit','VGW','2025-11-24 03:07:29','2025-11-24 03:07:29');
INSERT INTO units VALUES(110,11,2,'non Unit','QVV','2025-11-24 03:07:30','2025-11-24 03:07:30');
INSERT INTO units VALUES(111,12,2,'quisquam Unit','RFA','2025-11-24 03:07:32','2025-11-24 03:07:32');
INSERT INTO units VALUES(112,12,2,'possimus Unit','BXB','2025-11-24 03:07:33','2025-11-24 03:07:33');
INSERT INTO units VALUES(113,12,2,'id Unit','HAS','2025-11-24 03:07:34','2025-11-24 03:07:34');
INSERT INTO units VALUES(114,12,2,'labore Unit','IQC','2025-11-24 03:07:35','2025-11-24 03:07:35');
INSERT INTO units VALUES(115,12,2,'a Unit','IQV','2025-11-24 03:07:36','2025-11-24 03:07:36');
INSERT INTO units VALUES(116,12,2,'illo Unit','CFZ','2025-11-24 03:07:38','2025-11-24 03:07:38');
INSERT INTO units VALUES(117,12,2,'in Unit','KHU','2025-11-24 03:07:39','2025-11-24 03:07:39');
INSERT INTO units VALUES(118,12,2,'repellendus Unit','XDS','2025-11-24 03:07:40','2025-11-24 03:07:40');
INSERT INTO units VALUES(119,12,2,'officia Unit','VBC','2025-11-24 03:07:41','2025-11-24 03:07:41');
INSERT INTO units VALUES(120,12,2,'ipsa Unit','DWZ','2025-11-24 03:07:42','2025-11-24 03:07:42');
INSERT INTO units VALUES(121,13,2,'maxime Unit','TQO','2025-11-24 03:07:45','2025-11-24 03:07:45');
INSERT INTO units VALUES(122,13,2,'et Unit','JKY','2025-11-24 03:07:46','2025-11-24 03:07:46');
INSERT INTO units VALUES(123,13,2,'error Unit','MYW','2025-11-24 03:07:47','2025-11-24 03:07:47');
INSERT INTO units VALUES(124,13,2,'aut Unit','WUT','2025-11-24 03:07:48','2025-11-24 03:07:48');
INSERT INTO units VALUES(125,13,2,'qui Unit','TOT','2025-11-24 03:07:49','2025-11-24 03:07:49');
INSERT INTO units VALUES(126,13,2,'dolore Unit','FTN','2025-11-24 03:07:50','2025-11-24 03:07:50');
INSERT INTO units VALUES(127,13,2,'consectetur Unit','VEM','2025-11-24 03:07:51','2025-11-24 03:07:51');
INSERT INTO units VALUES(128,13,2,'facilis Unit','YJN','2025-11-24 03:07:52','2025-11-24 03:07:52');
INSERT INTO units VALUES(129,13,2,'omnis Unit','DNC','2025-11-24 03:07:53','2025-11-24 03:07:53');
INSERT INTO units VALUES(130,13,2,'natus Unit','SDK','2025-11-24 03:07:54','2025-11-24 03:07:54');
INSERT INTO units VALUES(131,14,2,'sint Unit','PXJ','2025-11-24 03:07:57','2025-11-24 03:07:57');
INSERT INTO units VALUES(132,14,2,'nesciunt Unit','ERP','2025-11-24 03:07:58','2025-11-24 03:07:58');
INSERT INTO units VALUES(133,14,2,'vero Unit','WZR','2025-11-24 03:07:59','2025-11-24 03:07:59');
INSERT INTO units VALUES(134,14,2,'iure Unit','PMI','2025-11-24 03:08:00','2025-11-24 03:08:00');
INSERT INTO units VALUES(135,14,2,'distinctio Unit','LXU','2025-11-24 03:08:01','2025-11-24 03:08:01');
INSERT INTO units VALUES(136,14,2,'consequatur Unit','VPF','2025-11-24 03:08:02','2025-11-24 03:08:02');
INSERT INTO units VALUES(137,14,2,'commodi Unit','ZPD','2025-11-24 03:08:03','2025-11-24 03:08:03');
INSERT INTO units VALUES(138,14,2,'repellendus Unit','MBO','2025-11-24 03:08:04','2025-11-24 03:08:04');
INSERT INTO units VALUES(139,14,2,'amet Unit','HKF','2025-11-24 03:08:05','2025-11-24 03:08:05');
INSERT INTO units VALUES(140,14,2,'id Unit','VCP','2025-11-24 03:08:06','2025-11-24 03:08:06');
INSERT INTO units VALUES(141,15,2,'officiis Unit','BDC','2025-11-24 03:08:09','2025-11-24 03:08:09');
INSERT INTO units VALUES(142,15,2,'incidunt Unit','XHW','2025-11-24 03:08:10','2025-11-24 03:08:10');
INSERT INTO units VALUES(143,15,2,'pariatur Unit','NIN','2025-11-24 03:08:11','2025-11-24 03:08:11');
INSERT INTO units VALUES(144,15,2,'odit Unit','LVR','2025-11-24 03:08:12','2025-11-24 03:08:12');
INSERT INTO units VALUES(145,15,2,'aliquam Unit','EPU','2025-11-24 03:08:13','2025-11-24 03:08:13');
INSERT INTO units VALUES(146,15,2,'consequatur Unit','RVC','2025-11-24 03:08:14','2025-11-24 03:08:14');
INSERT INTO units VALUES(147,15,2,'dolor Unit','NJA','2025-11-24 03:08:16','2025-11-24 03:08:16');
INSERT INTO units VALUES(148,15,2,'vero Unit','EVO','2025-11-24 03:08:17','2025-11-24 03:08:17');
INSERT INTO units VALUES(149,15,2,'commodi Unit','ZVG','2025-11-24 03:08:18','2025-11-24 03:08:18');
INSERT INTO units VALUES(150,15,2,'placeat Unit','SMY','2025-11-24 03:08:19','2025-11-24 03:08:19');
INSERT INTO units VALUES(151,16,2,'rerum Unit','KCA','2025-11-24 03:08:21','2025-11-24 03:08:21');
INSERT INTO units VALUES(152,16,2,'nihil Unit','XSA','2025-11-24 03:08:23','2025-11-24 03:08:23');
INSERT INTO units VALUES(153,16,2,'quisquam Unit','GKO','2025-11-24 03:08:24','2025-11-24 03:08:24');
INSERT INTO units VALUES(154,16,2,'corporis Unit','WQO','2025-11-24 03:08:25','2025-11-24 03:08:25');
INSERT INTO units VALUES(155,16,2,'aut Unit','KNR','2025-11-24 03:08:26','2025-11-24 03:08:26');
INSERT INTO units VALUES(156,16,2,'in Unit','SJJ','2025-11-24 03:08:27','2025-11-24 03:08:27');
INSERT INTO units VALUES(157,16,2,'consectetur Unit','IPH','2025-11-24 03:08:28','2025-11-24 03:08:28');
INSERT INTO units VALUES(158,16,2,'illo Unit','ZBR','2025-11-24 03:08:29','2025-11-24 03:08:29');
INSERT INTO units VALUES(159,16,2,'ipsa Unit','EUU','2025-11-24 03:08:30','2025-11-24 03:08:30');
INSERT INTO units VALUES(160,16,2,'ex Unit','HHB','2025-11-24 03:08:31','2025-11-24 03:08:31');
INSERT INTO units VALUES(161,17,2,'nostrum Unit','ATS','2025-11-24 03:08:34','2025-11-24 03:08:34');
INSERT INTO units VALUES(162,17,2,'eius Unit','UML','2025-11-24 03:08:35','2025-11-24 03:08:35');
INSERT INTO units VALUES(163,17,2,'distinctio Unit','NUL','2025-11-24 03:08:36','2025-11-24 03:08:36');
INSERT INTO units VALUES(164,17,2,'fugit Unit','OYG','2025-11-24 03:08:37','2025-11-24 03:08:37');
INSERT INTO units VALUES(165,17,2,'libero Unit','NXL','2025-11-24 03:08:38','2025-11-24 03:08:38');
INSERT INTO units VALUES(166,17,2,'quaerat Unit','HDZ','2025-11-24 03:08:40','2025-11-24 03:08:40');
INSERT INTO units VALUES(167,17,2,'saepe Unit','PAB','2025-11-24 03:08:41','2025-11-24 03:08:41');
INSERT INTO units VALUES(168,17,2,'molestiae Unit','LYZ','2025-11-24 03:08:42','2025-11-24 03:08:42');
INSERT INTO units VALUES(169,17,2,'sapiente Unit','JZE','2025-11-24 03:08:43','2025-11-24 03:08:43');
INSERT INTO units VALUES(170,17,2,'quisquam Unit','CEM','2025-11-24 03:08:44','2025-11-24 03:08:44');
INSERT INTO units VALUES(171,18,2,'cupiditate Unit','DQT','2025-11-24 03:08:47','2025-11-24 03:08:47');
INSERT INTO units VALUES(172,18,2,'omnis Unit','UFG','2025-11-24 03:08:48','2025-11-24 03:08:48');
INSERT INTO units VALUES(173,18,2,'rerum Unit','UGG','2025-11-24 03:08:49','2025-11-24 03:08:49');
INSERT INTO units VALUES(174,18,2,'fugiat Unit','CRK','2025-11-24 03:08:50','2025-11-24 03:08:50');
INSERT INTO units VALUES(175,18,2,'non Unit','HEV','2025-11-24 03:08:51','2025-11-24 03:08:51');
INSERT INTO units VALUES(176,18,2,'possimus Unit','DVC','2025-11-24 03:08:52','2025-11-24 03:08:52');
INSERT INTO units VALUES(177,18,2,'enim Unit','SDM','2025-11-24 03:08:53','2025-11-24 03:08:53');
INSERT INTO units VALUES(178,18,2,'quod Unit','QJB','2025-11-24 03:08:54','2025-11-24 03:08:54');
INSERT INTO units VALUES(179,18,2,'qui Unit','WZV','2025-11-24 03:08:55','2025-11-24 03:08:55');
INSERT INTO units VALUES(180,18,2,'ducimus Unit','AGW','2025-11-24 03:08:57','2025-11-24 03:08:57');
INSERT INTO units VALUES(181,19,2,'voluptatibus Unit','DCH','2025-11-24 03:08:59','2025-11-24 03:08:59');
INSERT INTO units VALUES(182,19,2,'quia Unit','SRX','2025-11-24 03:09:00','2025-11-24 03:09:00');
INSERT INTO units VALUES(183,19,2,'quod Unit','MRL','2025-11-24 03:09:01','2025-11-24 03:09:01');
INSERT INTO units VALUES(184,19,2,'at Unit','CTW','2025-11-24 03:09:03','2025-11-24 03:09:03');
INSERT INTO units VALUES(185,19,2,'sint Unit','KQP','2025-11-24 03:09:04','2025-11-24 03:09:04');
INSERT INTO units VALUES(186,19,2,'sunt Unit','VLN','2025-11-24 03:09:05','2025-11-24 03:09:05');
INSERT INTO units VALUES(187,19,2,'laudantium Unit','OPO','2025-11-24 03:09:06','2025-11-24 03:09:06');
INSERT INTO units VALUES(188,19,2,'qui Unit','QUR','2025-11-24 03:09:07','2025-11-24 03:09:07');
INSERT INTO units VALUES(189,19,2,'eligendi Unit','WSZ','2025-11-24 03:09:08','2025-11-24 03:09:08');
INSERT INTO units VALUES(190,19,2,'ea Unit','TAB','2025-11-24 03:09:09','2025-11-24 03:09:09');
INSERT INTO units VALUES(191,20,2,'ab Unit','NZN','2025-11-24 03:09:11','2025-11-24 03:09:11');
INSERT INTO units VALUES(192,20,2,'magni Unit','VHZ','2025-11-24 03:09:12','2025-11-24 03:09:12');
INSERT INTO units VALUES(193,20,2,'est Unit','GOS','2025-11-24 03:09:13','2025-11-24 03:09:13');
INSERT INTO units VALUES(194,20,2,'aliquam Unit','XVM','2025-11-24 03:09:14','2025-11-24 03:09:14');
INSERT INTO units VALUES(195,20,2,'modi Unit','QAJ','2025-11-24 03:09:15','2025-11-24 03:09:15');
INSERT INTO units VALUES(196,20,2,'amet Unit','DBU','2025-11-24 03:09:16','2025-11-24 03:09:16');
INSERT INTO units VALUES(197,20,2,'dolor Unit','TSD','2025-11-24 03:09:17','2025-11-24 03:09:17');
INSERT INTO units VALUES(198,20,2,'debitis Unit','PEQ','2025-11-24 03:09:18','2025-11-24 03:09:18');
INSERT INTO units VALUES(199,20,2,'sit Unit','AFZ','2025-11-24 03:09:19','2025-11-24 03:09:19');
INSERT INTO units VALUES(200,20,2,'exercitationem Unit','NBR','2025-11-24 03:09:20','2025-11-24 03:09:20');
INSERT INTO units VALUES(201,21,3,'blanditiis Unit','IHB','2025-11-24 03:09:23','2025-11-24 03:09:23');
INSERT INTO units VALUES(202,21,3,'ut Unit','VFT','2025-11-24 03:09:24','2025-11-24 03:09:24');
INSERT INTO units VALUES(203,21,3,'quia Unit','NVI','2025-11-24 03:09:25','2025-11-24 03:09:25');
INSERT INTO units VALUES(204,21,3,'aliquam Unit','ABM','2025-11-24 03:09:26','2025-11-24 03:09:26');
INSERT INTO units VALUES(205,21,3,'consequatur Unit','EEE','2025-11-24 03:09:27','2025-11-24 03:09:27');
INSERT INTO units VALUES(206,21,3,'exercitationem Unit','HJJ','2025-11-24 03:09:28','2025-11-24 03:09:28');
INSERT INTO units VALUES(207,21,3,'repellat Unit','EPN','2025-11-24 03:09:29','2025-11-24 03:09:29');
INSERT INTO units VALUES(208,21,3,'quo Unit','JKS','2025-11-24 03:09:30','2025-11-24 03:09:30');
INSERT INTO units VALUES(209,21,3,'quaerat Unit','WRA','2025-11-24 03:09:32','2025-11-24 03:09:32');
INSERT INTO units VALUES(210,21,3,'vitae Unit','TLF','2025-11-24 03:09:33','2025-11-24 03:09:33');
INSERT INTO units VALUES(211,22,3,'ea Unit','ELL','2025-11-24 03:09:35','2025-11-24 03:09:35');
INSERT INTO units VALUES(212,22,3,'error Unit','KPJ','2025-11-24 03:09:36','2025-11-24 03:09:36');
INSERT INTO units VALUES(213,22,3,'explicabo Unit','JAE','2025-11-24 03:09:37','2025-11-24 03:09:37');
INSERT INTO units VALUES(214,22,3,'fugiat Unit','KQM','2025-11-24 03:09:38','2025-11-24 03:09:38');
INSERT INTO units VALUES(215,22,3,'omnis Unit','VPL','2025-11-24 03:09:39','2025-11-24 03:09:39');
INSERT INTO units VALUES(216,22,3,'laudantium Unit','XHY','2025-11-24 03:09:41','2025-11-24 03:09:41');
INSERT INTO units VALUES(217,22,3,'et Unit','DLI','2025-11-24 03:09:42','2025-11-24 03:09:42');
INSERT INTO units VALUES(218,22,3,'aliquid Unit','QDH','2025-11-24 03:09:43','2025-11-24 03:09:43');
INSERT INTO units VALUES(219,22,3,'dolor Unit','DWI','2025-11-24 03:09:44','2025-11-24 03:09:44');
INSERT INTO units VALUES(220,22,3,'deleniti Unit','MVG','2025-11-24 03:09:45','2025-11-24 03:09:45');
INSERT INTO units VALUES(221,23,3,'hic Unit','REF','2025-11-24 03:09:47','2025-11-24 03:09:47');
INSERT INTO units VALUES(222,23,3,'est Unit','LTV','2025-11-24 03:09:48','2025-11-24 03:09:48');
INSERT INTO units VALUES(223,23,3,'hic Unit','JKB','2025-11-24 03:09:49','2025-11-24 03:09:49');
INSERT INTO units VALUES(224,23,3,'et Unit','BKA','2025-11-24 03:09:50','2025-11-24 03:09:50');
INSERT INTO units VALUES(225,23,3,'placeat Unit','UVS','2025-11-24 03:09:51','2025-11-24 03:09:51');
INSERT INTO units VALUES(226,23,3,'odit Unit','FDD','2025-11-24 03:09:53','2025-11-24 03:09:53');
INSERT INTO units VALUES(227,23,3,'facilis Unit','WEI','2025-11-24 03:09:54','2025-11-24 03:09:54');
INSERT INTO units VALUES(228,23,3,'nam Unit','PLN','2025-11-24 03:09:55','2025-11-24 03:09:55');
INSERT INTO units VALUES(229,23,3,'at Unit','LIX','2025-11-24 03:09:56','2025-11-24 03:09:56');
INSERT INTO units VALUES(230,23,3,'veritatis Unit','PWQ','2025-11-24 03:09:57','2025-11-24 03:09:57');
INSERT INTO units VALUES(231,24,3,'dolores Unit','TTT','2025-11-24 03:09:59','2025-11-24 03:09:59');
INSERT INTO units VALUES(232,24,3,'et Unit','ADC','2025-11-24 03:10:00','2025-11-24 03:10:00');
INSERT INTO units VALUES(233,24,3,'mollitia Unit','EEY','2025-11-24 03:10:01','2025-11-24 03:10:01');
INSERT INTO units VALUES(234,24,3,'atque Unit','WWP','2025-11-24 03:10:02','2025-11-24 03:10:02');
INSERT INTO units VALUES(235,24,3,'dolore Unit','DUZ','2025-11-24 03:10:04','2025-11-24 03:10:04');
INSERT INTO units VALUES(236,24,3,'sunt Unit','FGM','2025-11-24 03:10:05','2025-11-24 03:10:05');
INSERT INTO units VALUES(237,24,3,'quis Unit','HYZ','2025-11-24 03:10:06','2025-11-24 03:10:06');
INSERT INTO units VALUES(238,24,3,'rem Unit','NFT','2025-11-24 03:10:07','2025-11-24 03:10:07');
INSERT INTO units VALUES(239,24,3,'numquam Unit','NZR','2025-11-24 03:10:08','2025-11-24 03:10:08');
INSERT INTO units VALUES(240,24,3,'accusantium Unit','RYP','2025-11-24 03:10:09','2025-11-24 03:10:09');
INSERT INTO units VALUES(241,25,3,'minima Unit','MPV','2025-11-24 03:10:12','2025-11-24 03:10:12');
INSERT INTO units VALUES(242,25,3,'nobis Unit','BYG','2025-11-24 03:10:13','2025-11-24 03:10:13');
INSERT INTO units VALUES(243,25,3,'qui Unit','DHF','2025-11-24 03:10:15','2025-11-24 03:10:15');
INSERT INTO units VALUES(244,25,3,'voluptatem Unit','DGJ','2025-11-24 03:10:16','2025-11-24 03:10:16');
INSERT INTO units VALUES(245,25,3,'veritatis Unit','NYA','2025-11-24 03:10:18','2025-11-24 03:10:18');
INSERT INTO units VALUES(246,25,3,'doloremque Unit','AZY','2025-11-24 03:10:20','2025-11-24 03:10:20');
INSERT INTO units VALUES(247,25,3,'quaerat Unit','ISF','2025-11-24 03:10:22','2025-11-24 03:10:22');
INSERT INTO units VALUES(248,25,3,'accusantium Unit','AHQ','2025-11-24 03:10:23','2025-11-24 03:10:23');
INSERT INTO units VALUES(249,25,3,'ipsa Unit','ETW','2025-11-24 03:10:24','2025-11-24 03:10:24');
INSERT INTO units VALUES(250,25,3,'quis Unit','NGO','2025-11-24 03:10:25','2025-11-24 03:10:25');
INSERT INTO units VALUES(251,26,3,'nulla Unit','TUY','2025-11-24 03:10:28','2025-11-24 03:10:28');
INSERT INTO units VALUES(252,26,3,'ut Unit','NCK','2025-11-24 03:10:29','2025-11-24 03:10:29');
INSERT INTO units VALUES(253,26,3,'nulla Unit','MUH','2025-11-24 03:10:30','2025-11-24 03:10:30');
INSERT INTO units VALUES(254,26,3,'quo Unit','JVE','2025-11-24 03:10:31','2025-11-24 03:10:31');
INSERT INTO units VALUES(255,26,3,'a Unit','NCU','2025-11-24 03:10:32','2025-11-24 03:10:32');
INSERT INTO units VALUES(256,26,3,'quia Unit','VXX','2025-11-24 03:10:34','2025-11-24 03:10:34');
INSERT INTO units VALUES(257,26,3,'et Unit','DRX','2025-11-24 03:10:35','2025-11-24 03:10:35');
INSERT INTO units VALUES(258,26,3,'est Unit','JQW','2025-11-24 03:10:36','2025-11-24 03:10:36');
INSERT INTO units VALUES(259,26,3,'qui Unit','YHS','2025-11-24 03:10:37','2025-11-24 03:10:37');
INSERT INTO units VALUES(260,26,3,'adipisci Unit','LWH','2025-11-24 03:10:38','2025-11-24 03:10:38');
INSERT INTO units VALUES(261,27,3,'provident Unit','ZWC','2025-11-24 03:10:40','2025-11-24 03:10:40');
INSERT INTO units VALUES(262,27,3,'quia Unit','ROJ','2025-11-24 03:10:41','2025-11-24 03:10:41');
INSERT INTO units VALUES(263,27,3,'quam Unit','RVY','2025-11-24 03:10:42','2025-11-24 03:10:42');
INSERT INTO units VALUES(264,27,3,'nihil Unit','YED','2025-11-24 03:10:43','2025-11-24 03:10:43');
INSERT INTO units VALUES(265,27,3,'aliquam Unit','ERG','2025-11-24 03:10:44','2025-11-24 03:10:44');
INSERT INTO units VALUES(266,27,3,'a Unit','OHO','2025-11-24 03:10:46','2025-11-24 03:10:46');
INSERT INTO units VALUES(267,27,3,'enim Unit','HQJ','2025-11-24 03:10:47','2025-11-24 03:10:47');
INSERT INTO units VALUES(268,27,3,'dolor Unit','LID','2025-11-24 03:10:48','2025-11-24 03:10:48');
INSERT INTO units VALUES(269,27,3,'est Unit','TKV','2025-11-24 03:10:49','2025-11-24 03:10:49');
INSERT INTO units VALUES(270,27,3,'et Unit','FQT','2025-11-24 03:10:50','2025-11-24 03:10:50');
INSERT INTO units VALUES(271,28,3,'possimus Unit','DTR','2025-11-24 03:10:53','2025-11-24 03:10:53');
INSERT INTO units VALUES(272,28,3,'molestiae Unit','PKP','2025-11-24 03:10:54','2025-11-24 03:10:54');
INSERT INTO units VALUES(273,28,3,'impedit Unit','SBO','2025-11-24 03:10:55','2025-11-24 03:10:55');
INSERT INTO units VALUES(274,28,3,'harum Unit','IVA','2025-11-24 03:10:56','2025-11-24 03:10:56');
INSERT INTO units VALUES(275,28,3,'aut Unit','QVW','2025-11-24 03:10:57','2025-11-24 03:10:57');
INSERT INTO units VALUES(276,28,3,'dolor Unit','ATA','2025-11-24 03:10:58','2025-11-24 03:10:58');
INSERT INTO units VALUES(277,28,3,'expedita Unit','DSU','2025-11-24 03:11:00','2025-11-24 03:11:00');
INSERT INTO units VALUES(278,28,3,'veritatis Unit','QCE','2025-11-24 03:11:01','2025-11-24 03:11:01');
INSERT INTO units VALUES(279,28,3,'blanditiis Unit','OFK','2025-11-24 03:11:02','2025-11-24 03:11:02');
INSERT INTO units VALUES(280,28,3,'voluptatem Unit','JYX','2025-11-24 03:11:03','2025-11-24 03:11:03');
INSERT INTO units VALUES(281,29,3,'aspernatur Unit','GAI','2025-11-24 03:11:05','2025-11-24 03:11:05');
INSERT INTO units VALUES(282,29,3,'voluptates Unit','MDE','2025-11-24 03:11:06','2025-11-24 03:11:06');
INSERT INTO units VALUES(283,29,3,'blanditiis Unit','VSN','2025-11-24 03:11:07','2025-11-24 03:11:07');
INSERT INTO units VALUES(284,29,3,'quo Unit','KWA','2025-11-24 03:11:08','2025-11-24 03:11:08');
INSERT INTO units VALUES(285,29,3,'asperiores Unit','JUL','2025-11-24 03:11:09','2025-11-24 03:11:09');
INSERT INTO units VALUES(286,29,3,'dignissimos Unit','BIA','2025-11-24 03:11:10','2025-11-24 03:11:10');
INSERT INTO units VALUES(287,29,3,'amet Unit','KGS','2025-11-24 03:11:11','2025-11-24 03:11:11');
INSERT INTO units VALUES(288,29,3,'nisi Unit','AHZ','2025-11-24 03:11:12','2025-11-24 03:11:12');
INSERT INTO units VALUES(289,29,3,'laudantium Unit','TBI','2025-11-24 03:11:13','2025-11-24 03:11:13');
INSERT INTO units VALUES(290,29,3,'accusamus Unit','RCH','2025-11-24 03:11:14','2025-11-24 03:11:14');
INSERT INTO units VALUES(291,30,3,'ad Unit','EIO','2025-11-24 03:11:16','2025-11-24 03:11:16');
INSERT INTO units VALUES(292,30,3,'sint Unit','GZM','2025-11-24 03:11:17','2025-11-24 03:11:17');
INSERT INTO units VALUES(293,30,3,'voluptate Unit','EVR','2025-11-24 03:11:18','2025-11-24 03:11:18');
INSERT INTO units VALUES(294,30,3,'voluptatem Unit','XMQ','2025-11-24 03:11:19','2025-11-24 03:11:19');
INSERT INTO units VALUES(295,30,3,'sit Unit','DBZ','2025-11-24 03:11:20','2025-11-24 03:11:20');
INSERT INTO units VALUES(296,30,3,'vitae Unit','GBV','2025-11-24 03:11:21','2025-11-24 03:11:21');
INSERT INTO units VALUES(297,30,3,'qui Unit','DDC','2025-11-24 03:11:22','2025-11-24 03:11:22');
INSERT INTO units VALUES(298,30,3,'iste Unit','SWD','2025-11-24 03:11:23','2025-11-24 03:11:23');
INSERT INTO units VALUES(299,30,3,'id Unit','MNH','2025-11-24 03:11:24','2025-11-24 03:11:24');
INSERT INTO units VALUES(300,30,3,'nobis Unit','PBA','2025-11-24 03:11:25','2025-11-24 03:11:25');
INSERT INTO units VALUES(301,1,1,'minima Unit','XHM','2026-01-04 23:37:18','2026-01-04 23:37:18');
INSERT INTO units VALUES(302,1,1,'quia Unit','VGA','2026-01-04 23:37:20','2026-01-04 23:37:20');
INSERT INTO units VALUES(303,1,1,'sint Unit','WNA','2026-01-04 23:37:22','2026-01-04 23:37:22');
INSERT INTO units VALUES(304,1,1,'non Unit','ONF','2026-01-04 23:37:24','2026-01-04 23:37:24');
INSERT INTO units VALUES(305,1,1,'inventore Unit','CMM','2026-01-04 23:37:26','2026-01-04 23:37:26');
INSERT INTO units VALUES(306,1,1,'neque Unit','YCT','2026-01-04 23:37:28','2026-01-04 23:37:28');
INSERT INTO units VALUES(307,1,1,'molestiae Unit','XXU','2026-01-04 23:37:31','2026-01-04 23:37:31');
INSERT INTO units VALUES(308,1,1,'accusamus Unit','NDK','2026-01-04 23:37:32','2026-01-04 23:37:32');
INSERT INTO units VALUES(309,1,1,'nihil Unit','UGZ','2026-01-04 23:37:35','2026-01-04 23:37:35');
INSERT INTO units VALUES(310,1,1,'quod Unit','TKJ','2026-01-04 23:37:37','2026-01-04 23:37:37');
INSERT INTO units VALUES(311,2,1,'corporis Unit','EYR','2026-01-04 23:37:41','2026-01-04 23:37:41');
INSERT INTO units VALUES(312,2,1,'eius Unit','BTJ','2026-01-04 23:37:43','2026-01-04 23:37:43');
INSERT INTO units VALUES(313,2,1,'quasi Unit','ISQ','2026-01-04 23:37:45','2026-01-04 23:37:45');
INSERT INTO units VALUES(314,2,1,'molestiae Unit','GKO','2026-01-04 23:37:47','2026-01-04 23:37:47');
INSERT INTO units VALUES(315,2,1,'sed Unit','KMC','2026-01-04 23:37:48','2026-01-04 23:37:48');
INSERT INTO units VALUES(316,2,1,'est Unit','FIR','2026-01-04 23:37:51','2026-01-04 23:37:51');
INSERT INTO units VALUES(317,2,1,'dolorem Unit','FUB','2026-01-04 23:37:53','2026-01-04 23:37:53');
INSERT INTO units VALUES(318,2,1,'autem Unit','YBC','2026-01-04 23:37:55','2026-01-04 23:37:55');
INSERT INTO units VALUES(319,2,1,'in Unit','FPY','2026-01-04 23:37:58','2026-01-04 23:37:58');
INSERT INTO units VALUES(320,2,1,'eius Unit','BQJ','2026-01-04 23:38:00','2026-01-04 23:38:00');
INSERT INTO units VALUES(321,3,1,'quam Unit','VFL','2026-01-04 23:38:04','2026-01-04 23:38:04');
INSERT INTO units VALUES(322,3,1,'et Unit','DLD','2026-01-04 23:38:06','2026-01-04 23:38:06');
INSERT INTO units VALUES(323,3,1,'reiciendis Unit','EPB','2026-01-04 23:38:07','2026-01-04 23:38:07');
INSERT INTO units VALUES(324,3,1,'repudiandae Unit','UIZ','2026-01-04 23:38:09','2026-01-04 23:38:09');
INSERT INTO units VALUES(325,3,1,'in Unit','NUG','2026-01-04 23:38:12','2026-01-04 23:38:12');
INSERT INTO units VALUES(326,3,1,'non Unit','SKL','2026-01-04 23:38:14','2026-01-04 23:38:14');
INSERT INTO units VALUES(327,3,1,'eum Unit','NRA','2026-01-04 23:38:17','2026-01-04 23:38:17');
INSERT INTO units VALUES(328,3,1,'repellat Unit','HYR','2026-01-04 23:38:22','2026-01-04 23:38:22');
INSERT INTO units VALUES(329,3,1,'dolor Unit','OWC','2026-01-04 23:38:25','2026-01-04 23:38:25');
INSERT INTO units VALUES(330,3,1,'eligendi Unit','BEA','2026-01-04 23:38:30','2026-01-04 23:38:30');
INSERT INTO units VALUES(331,4,1,'quam Unit','TTO','2026-01-04 23:38:39','2026-01-04 23:38:39');
INSERT INTO units VALUES(332,4,1,'sed Unit','CCA','2026-01-04 23:38:44','2026-01-04 23:38:44');
INSERT INTO units VALUES(333,4,1,'quis Unit','LAT','2026-01-04 23:38:46','2026-01-04 23:38:46');
INSERT INTO units VALUES(334,4,1,'consequatur Unit','QSA','2026-01-04 23:38:49','2026-01-04 23:38:49');
INSERT INTO units VALUES(335,4,1,'soluta Unit','EMH','2026-01-04 23:38:54','2026-01-04 23:38:54');
INSERT INTO units VALUES(336,4,1,'nulla Unit','XUY','2026-01-04 23:38:58','2026-01-04 23:38:58');
INSERT INTO units VALUES(337,4,1,'officiis Unit','HEZ','2026-01-04 23:39:00','2026-01-04 23:39:00');
INSERT INTO units VALUES(338,4,1,'ut Unit','KQE','2026-01-04 23:39:06','2026-01-04 23:39:06');
INSERT INTO units VALUES(339,4,1,'aut Unit','DYU','2026-01-04 23:39:11','2026-01-04 23:39:11');
INSERT INTO units VALUES(340,4,1,'iste Unit','KFM','2026-01-04 23:39:15','2026-01-04 23:39:15');
INSERT INTO units VALUES(341,5,1,'id Unit','WAV','2026-01-04 23:39:23','2026-01-04 23:39:23');
INSERT INTO units VALUES(342,5,1,'qui Unit','AVI','2026-01-04 23:39:25','2026-01-04 23:39:25');
INSERT INTO units VALUES(343,5,1,'exercitationem Unit','NIM','2026-01-04 23:39:28','2026-01-04 23:39:28');
INSERT INTO units VALUES(344,5,1,'veniam Unit','JFF','2026-01-04 23:39:33','2026-01-04 23:39:33');
INSERT INTO units VALUES(345,5,1,'quasi Unit','COG','2026-01-04 23:39:35','2026-01-04 23:39:35');
INSERT INTO units VALUES(346,5,1,'aut Unit','ETN','2026-01-04 23:39:39','2026-01-04 23:39:39');
INSERT INTO units VALUES(347,5,1,'soluta Unit','RRB','2026-01-04 23:39:43','2026-01-04 23:39:43');
INSERT INTO units VALUES(348,5,1,'libero Unit','PAW','2026-01-04 23:39:46','2026-01-04 23:39:46');
INSERT INTO units VALUES(349,5,1,'necessitatibus Unit','FNK','2026-01-04 23:39:51','2026-01-04 23:39:51');
INSERT INTO units VALUES(350,5,1,'est Unit','XRM','2026-01-04 23:39:55','2026-01-04 23:39:55');
INSERT INTO units VALUES(351,6,1,'quibusdam Unit','RPC','2026-01-04 23:40:01','2026-01-04 23:40:01');
INSERT INTO units VALUES(352,6,1,'vero Unit','FMI','2026-01-04 23:40:06','2026-01-04 23:40:06');
INSERT INTO units VALUES(353,6,1,'voluptatem Unit','AEG','2026-01-04 23:40:09','2026-01-04 23:40:09');
INSERT INTO units VALUES(354,6,1,'nihil Unit','HGL','2026-01-04 23:40:11','2026-01-04 23:40:11');
INSERT INTO units VALUES(355,6,1,'velit Unit','UZH','2026-01-04 23:40:14','2026-01-04 23:40:14');
INSERT INTO units VALUES(356,6,1,'repellendus Unit','KNY','2026-01-04 23:40:16','2026-01-04 23:40:16');
INSERT INTO units VALUES(357,6,1,'et Unit','KBI','2026-01-04 23:40:18','2026-01-04 23:40:18');
INSERT INTO units VALUES(358,6,1,'beatae Unit','ILS','2026-01-04 23:40:21','2026-01-04 23:40:21');
INSERT INTO units VALUES(359,6,1,'ad Unit','EBS','2026-01-04 23:40:25','2026-01-04 23:40:25');
INSERT INTO units VALUES(360,6,1,'nesciunt Unit','LAP','2026-01-04 23:40:29','2026-01-04 23:40:29');
INSERT INTO units VALUES(361,7,1,'ex Unit','WUF','2026-01-04 23:40:37','2026-01-04 23:40:37');
INSERT INTO units VALUES(362,7,1,'commodi Unit','MCX','2026-01-04 23:40:40','2026-01-04 23:40:40');
INSERT INTO units VALUES(363,7,1,'nihil Unit','VSM','2026-01-04 23:40:42','2026-01-04 23:40:42');
INSERT INTO units VALUES(364,7,1,'ipsa Unit','AUS','2026-01-04 23:40:48','2026-01-04 23:40:48');
INSERT INTO units VALUES(365,7,1,'odit Unit','FIV','2026-01-04 23:40:50','2026-01-04 23:40:50');
INSERT INTO units VALUES(366,7,1,'voluptatem Unit','RHV','2026-01-04 23:40:53','2026-01-04 23:40:53');
INSERT INTO units VALUES(367,7,1,'ex Unit','LSA','2026-01-04 23:40:55','2026-01-04 23:40:55');
INSERT INTO units VALUES(368,7,1,'explicabo Unit','WQA','2026-01-04 23:40:59','2026-01-04 23:40:59');
INSERT INTO units VALUES(369,7,1,'quo Unit','FEG','2026-01-04 23:41:02','2026-01-04 23:41:02');
INSERT INTO units VALUES(370,7,1,'deleniti Unit','JRG','2026-01-04 23:41:04','2026-01-04 23:41:04');
INSERT INTO units VALUES(371,8,1,'ut Unit','GII','2026-01-04 23:41:11','2026-01-04 23:41:11');
INSERT INTO units VALUES(372,8,1,'natus Unit','TZF','2026-01-04 23:41:14','2026-01-04 23:41:14');
INSERT INTO units VALUES(373,8,1,'ut Unit','NHF','2026-01-04 23:41:19','2026-01-04 23:41:19');
INSERT INTO units VALUES(374,8,1,'mollitia Unit','ZSY','2026-01-04 23:41:23','2026-01-04 23:41:23');
INSERT INTO units VALUES(375,8,1,'sit Unit','KAH','2026-01-04 23:41:27','2026-01-04 23:41:27');
INSERT INTO units VALUES(376,8,1,'et Unit','ZDR','2026-01-04 23:41:30','2026-01-04 23:41:30');
INSERT INTO units VALUES(377,8,1,'itaque Unit','UWE','2026-01-04 23:41:35','2026-01-04 23:41:35');
INSERT INTO units VALUES(378,8,1,'vel Unit','MRL','2026-01-04 23:41:38','2026-01-04 23:41:38');
INSERT INTO units VALUES(379,8,1,'nulla Unit','MKZ','2026-01-04 23:41:40','2026-01-04 23:41:40');
INSERT INTO units VALUES(380,8,1,'et Unit','DGP','2026-01-04 23:41:44','2026-01-04 23:41:44');
INSERT INTO units VALUES(381,9,1,'ad Unit','WQB','2026-01-04 23:41:52','2026-01-04 23:41:52');
INSERT INTO units VALUES(382,9,1,'sapiente Unit','XBV','2026-01-04 23:41:58','2026-01-04 23:41:58');
INSERT INTO units VALUES(383,9,1,'esse Unit','DVQ','2026-01-04 23:42:04','2026-01-04 23:42:04');
INSERT INTO units VALUES(384,9,1,'recusandae Unit','VSD','2026-01-04 23:42:08','2026-01-04 23:42:08');
INSERT INTO units VALUES(385,9,1,'laudantium Unit','LTA','2026-01-04 23:42:11','2026-01-04 23:42:11');
INSERT INTO units VALUES(386,9,1,'libero Unit','GJG','2026-01-04 23:42:17','2026-01-04 23:42:17');
INSERT INTO units VALUES(387,9,1,'aut Unit','TIA','2026-01-04 23:42:23','2026-01-04 23:42:23');
INSERT INTO units VALUES(388,9,1,'nisi Unit','DYG','2026-01-04 23:42:26','2026-01-04 23:42:26');
INSERT INTO units VALUES(389,9,1,'quia Unit','OBR','2026-01-04 23:42:32','2026-01-04 23:42:32');
INSERT INTO units VALUES(390,9,1,'in Unit','XLU','2026-01-04 23:42:38','2026-01-04 23:42:38');
INSERT INTO units VALUES(391,10,1,'qui Unit','QXB','2026-01-04 23:42:49','2026-01-04 23:42:49');
INSERT INTO units VALUES(392,10,1,'molestiae Unit','JHM','2026-01-04 23:42:56','2026-01-04 23:42:56');
INSERT INTO units VALUES(393,10,1,'iste Unit','JVD','2026-01-04 23:43:00','2026-01-04 23:43:00');
INSERT INTO units VALUES(394,10,1,'accusamus Unit','LOI','2026-01-04 23:43:06','2026-01-04 23:43:06');
INSERT INTO units VALUES(395,10,1,'laborum Unit','LPY','2026-01-04 23:43:14','2026-01-04 23:43:14');
INSERT INTO units VALUES(396,10,1,'excepturi Unit','JOW','2026-01-04 23:43:18','2026-01-04 23:43:18');
INSERT INTO units VALUES(397,10,1,'quia Unit','SEN','2026-01-04 23:43:22','2026-01-04 23:43:22');
INSERT INTO units VALUES(398,10,1,'neque Unit','AMP','2026-01-04 23:43:28','2026-01-04 23:43:28');
INSERT INTO units VALUES(399,10,1,'voluptatibus Unit','ELD','2026-01-04 23:43:32','2026-01-04 23:43:32');
INSERT INTO units VALUES(400,10,1,'ut Unit','KCN','2026-01-04 23:43:35','2026-01-04 23:43:35');
INSERT INTO units VALUES(401,11,2,'aut Unit','ZSB','2026-01-04 23:43:46','2026-01-04 23:43:46');
INSERT INTO units VALUES(402,11,2,'distinctio Unit','QQV','2026-01-04 23:43:50','2026-01-04 23:43:50');
INSERT INTO units VALUES(403,11,2,'tempora Unit','RVV','2026-01-04 23:43:55','2026-01-04 23:43:55');
INSERT INTO units VALUES(404,11,2,'deleniti Unit','VZI','2026-01-04 23:44:01','2026-01-04 23:44:01');
INSERT INTO units VALUES(405,11,2,'facere Unit','BAD','2026-01-04 23:44:06','2026-01-04 23:44:06');
INSERT INTO units VALUES(406,11,2,'quis Unit','GWV','2026-01-04 23:44:11','2026-01-04 23:44:11');
INSERT INTO units VALUES(407,11,2,'eveniet Unit','XYV','2026-01-04 23:44:16','2026-01-04 23:44:16');
INSERT INTO units VALUES(408,11,2,'id Unit','TGL','2026-01-04 23:44:20','2026-01-04 23:44:20');
INSERT INTO units VALUES(409,11,2,'minima Unit','TXH','2026-01-04 23:44:24','2026-01-04 23:44:24');
INSERT INTO units VALUES(410,11,2,'quia Unit','XIW','2026-01-04 23:44:29','2026-01-04 23:44:29');
INSERT INTO units VALUES(411,12,2,'voluptatum Unit','HXC','2026-01-04 23:44:38','2026-01-04 23:44:38');
INSERT INTO units VALUES(412,12,2,'omnis Unit','IUK','2026-01-04 23:44:43','2026-01-04 23:44:43');
INSERT INTO units VALUES(413,12,2,'magni Unit','ZWU','2026-01-04 23:44:47','2026-01-04 23:44:47');
INSERT INTO units VALUES(414,12,2,'qui Unit','DGA','2026-01-04 23:44:50','2026-01-04 23:44:50');
INSERT INTO units VALUES(415,12,2,'similique Unit','QMI','2026-01-04 23:44:52','2026-01-04 23:44:52');
INSERT INTO units VALUES(416,12,2,'aperiam Unit','BFJ','2026-01-04 23:44:55','2026-01-04 23:44:55');
INSERT INTO units VALUES(417,12,2,'ex Unit','HHK','2026-01-04 23:44:59','2026-01-04 23:44:59');
INSERT INTO units VALUES(418,12,2,'quam Unit','ZBV','2026-01-04 23:45:01','2026-01-04 23:45:01');
INSERT INTO units VALUES(419,12,2,'aliquid Unit','NUW','2026-01-04 23:45:05','2026-01-04 23:45:05');
INSERT INTO units VALUES(420,12,2,'sint Unit','NSN','2026-01-04 23:45:08','2026-01-04 23:45:08');
INSERT INTO units VALUES(421,13,2,'autem Unit','EJA','2026-01-04 23:45:14','2026-01-04 23:45:14');
INSERT INTO units VALUES(422,13,2,'quia Unit','EFI','2026-01-04 23:45:16','2026-01-04 23:45:16');
INSERT INTO units VALUES(423,13,2,'officiis Unit','FYC','2026-01-04 23:45:19','2026-01-04 23:45:19');
INSERT INTO units VALUES(424,13,2,'veniam Unit','VJC','2026-01-04 23:45:21','2026-01-04 23:45:21');
INSERT INTO units VALUES(425,13,2,'quis Unit','PDD','2026-01-04 23:45:24','2026-01-04 23:45:24');
INSERT INTO units VALUES(426,13,2,'voluptas Unit','RGK','2026-01-04 23:45:27','2026-01-04 23:45:27');
INSERT INTO units VALUES(427,13,2,'non Unit','XXQ','2026-01-04 23:45:31','2026-01-04 23:45:31');
INSERT INTO units VALUES(428,13,2,'vero Unit','LWI','2026-01-04 23:45:34','2026-01-04 23:45:34');
INSERT INTO units VALUES(429,13,2,'eligendi Unit','SZA','2026-01-04 23:45:40','2026-01-04 23:45:40');
INSERT INTO units VALUES(430,13,2,'et Unit','XWP','2026-01-04 23:45:42','2026-01-04 23:45:42');
INSERT INTO units VALUES(431,14,2,'nostrum Unit','YHU','2026-01-04 23:45:49','2026-01-04 23:45:49');
INSERT INTO units VALUES(432,14,2,'assumenda Unit','ROK','2026-01-04 23:45:52','2026-01-04 23:45:52');
INSERT INTO units VALUES(433,14,2,'et Unit','QWR','2026-01-04 23:45:55','2026-01-04 23:45:55');
INSERT INTO units VALUES(434,14,2,'autem Unit','CNW','2026-01-04 23:45:59','2026-01-04 23:45:59');
INSERT INTO units VALUES(435,14,2,'corrupti Unit','DHZ','2026-01-04 23:46:03','2026-01-04 23:46:03');
INSERT INTO units VALUES(436,14,2,'omnis Unit','EED','2026-01-04 23:46:07','2026-01-04 23:46:07');
INSERT INTO units VALUES(437,14,2,'nostrum Unit','LSJ','2026-01-04 23:46:11','2026-01-04 23:46:11');
INSERT INTO units VALUES(438,14,2,'iusto Unit','NDQ','2026-01-04 23:46:14','2026-01-04 23:46:14');
INSERT INTO units VALUES(439,14,2,'eveniet Unit','UET','2026-01-04 23:46:17','2026-01-04 23:46:17');
INSERT INTO units VALUES(440,14,2,'maxime Unit','QAL','2026-01-04 23:46:21','2026-01-04 23:46:21');
INSERT INTO units VALUES(441,15,2,'quidem Unit','SBQ','2026-01-04 23:46:26','2026-01-04 23:46:26');
INSERT INTO units VALUES(442,15,2,'laborum Unit','KSB','2026-01-04 23:46:29','2026-01-04 23:46:29');
INSERT INTO units VALUES(443,15,2,'optio Unit','VSQ','2026-01-04 23:46:32','2026-01-04 23:46:32');
INSERT INTO units VALUES(444,15,2,'ut Unit','KCJ','2026-01-04 23:46:34','2026-01-04 23:46:34');
INSERT INTO units VALUES(445,15,2,'ipsum Unit','QVJ','2026-01-04 23:46:37','2026-01-04 23:46:37');
INSERT INTO units VALUES(446,15,2,'ut Unit','XYN','2026-01-04 23:46:39','2026-01-04 23:46:39');
INSERT INTO units VALUES(447,15,2,'velit Unit','HMJ','2026-01-04 23:46:42','2026-01-04 23:46:42');
INSERT INTO units VALUES(448,15,2,'voluptatem Unit','XUB','2026-01-04 23:46:46','2026-01-04 23:46:46');
INSERT INTO units VALUES(449,15,2,'tempore Unit','YXE','2026-01-04 23:46:49','2026-01-04 23:46:49');
INSERT INTO units VALUES(450,15,2,'quod Unit','PDY','2026-01-04 23:46:51','2026-01-04 23:46:51');
INSERT INTO units VALUES(451,16,2,'nemo Unit','NGD','2026-01-04 23:46:57','2026-01-04 23:46:57');
INSERT INTO units VALUES(452,16,2,'aut Unit','GCD','2026-01-04 23:47:00','2026-01-04 23:47:00');
INSERT INTO units VALUES(453,16,2,'nobis Unit','XTU','2026-01-04 23:47:03','2026-01-04 23:47:03');
INSERT INTO units VALUES(454,16,2,'explicabo Unit','IAH','2026-01-04 23:47:07','2026-01-04 23:47:07');
INSERT INTO units VALUES(455,16,2,'dolorem Unit','WSC','2026-01-04 23:47:10','2026-01-04 23:47:10');
INSERT INTO units VALUES(456,16,2,'dolorem Unit','SSE','2026-01-04 23:47:13','2026-01-04 23:47:13');
INSERT INTO units VALUES(457,16,2,'quia Unit','RTV','2026-01-04 23:47:16','2026-01-04 23:47:16');
INSERT INTO units VALUES(458,16,2,'delectus Unit','PZJ','2026-01-04 23:47:19','2026-01-04 23:47:19');
INSERT INTO units VALUES(459,16,2,'autem Unit','VTA','2026-01-04 23:47:21','2026-01-04 23:47:21');
INSERT INTO units VALUES(460,16,2,'expedita Unit','XMH','2026-01-04 23:47:24','2026-01-04 23:47:24');
INSERT INTO units VALUES(461,17,2,'quo Unit','YNP','2026-01-04 23:47:29','2026-01-04 23:47:29');
INSERT INTO units VALUES(462,17,2,'facilis Unit','EXR','2026-01-04 23:47:32','2026-01-04 23:47:32');
INSERT INTO units VALUES(463,17,2,'veritatis Unit','YLJ','2026-01-04 23:47:35','2026-01-04 23:47:35');
INSERT INTO units VALUES(464,17,2,'voluptate Unit','YMY','2026-01-04 23:47:37','2026-01-04 23:47:37');
INSERT INTO units VALUES(465,17,2,'ullam Unit','OIH','2026-01-04 23:47:42','2026-01-04 23:47:42');
INSERT INTO units VALUES(466,17,2,'qui Unit','YHX','2026-01-04 23:47:44','2026-01-04 23:47:44');
INSERT INTO units VALUES(467,17,2,'voluptatum Unit','KDE','2026-01-04 23:47:47','2026-01-04 23:47:47');
INSERT INTO units VALUES(468,17,2,'voluptatem Unit','HNA','2026-01-04 23:47:50','2026-01-04 23:47:50');
INSERT INTO units VALUES(469,17,2,'ab Unit','ZZU','2026-01-04 23:47:53','2026-01-04 23:47:53');
INSERT INTO units VALUES(470,17,2,'eaque Unit','ZGI','2026-01-04 23:47:56','2026-01-04 23:47:56');
INSERT INTO units VALUES(471,18,2,'ut Unit','AGS','2026-01-04 23:48:04','2026-01-04 23:48:04');
INSERT INTO units VALUES(472,18,2,'suscipit Unit','RPP','2026-01-04 23:48:06','2026-01-04 23:48:06');
INSERT INTO units VALUES(473,18,2,'sint Unit','ZSE','2026-01-04 23:48:10','2026-01-04 23:48:10');
INSERT INTO units VALUES(474,18,2,'cum Unit','QJL','2026-01-04 23:48:14','2026-01-04 23:48:14');
INSERT INTO units VALUES(475,18,2,'ullam Unit','NNS','2026-01-04 23:48:18','2026-01-04 23:48:18');
CREATE TABLE IF NOT EXISTS "team_user" ("id" integer primary key autoincrement not null, "team_id" integer not null, "user_id" integer not null, "chapter_id" integer, "unit_id" integer, "role_in_team" varchar not null default 'member', "created_at" datetime, "updated_at" datetime, foreign key("team_id") references "teams"("id") on delete cascade, foreign key("user_id") references "users"("id") on delete cascade, foreign key("unit_id") references "units"("id") on delete cascade);
INSERT INTO team_user VALUES(631,1,518,1,NULL,'team-lead','2026-01-04 23:37:18','2026-01-04 23:37:18');
INSERT INTO team_user VALUES(632,1,519,1,301,'unit_head','2026-01-04 23:37:20','2026-01-04 23:37:20');
INSERT INTO team_user VALUES(633,1,520,1,302,'unit_head','2026-01-04 23:37:22','2026-01-04 23:37:22');
INSERT INTO team_user VALUES(634,1,521,1,303,'unit_head','2026-01-04 23:37:24','2026-01-04 23:37:24');
INSERT INTO team_user VALUES(635,1,522,1,304,'unit_head','2026-01-04 23:37:26','2026-01-04 23:37:26');
INSERT INTO team_user VALUES(636,1,523,1,305,'unit_head','2026-01-04 23:37:28','2026-01-04 23:37:28');
INSERT INTO team_user VALUES(637,1,524,1,306,'unit_head','2026-01-04 23:37:31','2026-01-04 23:37:31');
INSERT INTO team_user VALUES(638,1,525,1,307,'unit_head','2026-01-04 23:37:32','2026-01-04 23:37:32');
INSERT INTO team_user VALUES(639,1,526,1,308,'unit_head','2026-01-04 23:37:35','2026-01-04 23:37:35');
INSERT INTO team_user VALUES(640,1,527,1,309,'unit_head','2026-01-04 23:37:37','2026-01-04 23:37:37');
INSERT INTO team_user VALUES(641,1,528,1,310,'unit_head','2026-01-04 23:37:39','2026-01-04 23:37:39');
INSERT INTO team_user VALUES(642,2,529,1,NULL,'team-lead','2026-01-04 23:37:41','2026-01-04 23:37:41');
INSERT INTO team_user VALUES(643,2,530,1,311,'unit_head','2026-01-04 23:37:43','2026-01-04 23:37:43');
INSERT INTO team_user VALUES(644,2,531,1,312,'unit_head','2026-01-04 23:37:45','2026-01-04 23:37:45');
INSERT INTO team_user VALUES(645,2,532,1,313,'unit_head','2026-01-04 23:37:46','2026-01-04 23:37:46');
INSERT INTO team_user VALUES(646,2,533,1,314,'unit_head','2026-01-04 23:37:48','2026-01-04 23:37:48');
INSERT INTO team_user VALUES(647,2,534,1,315,'unit_head','2026-01-04 23:37:51','2026-01-04 23:37:51');
INSERT INTO team_user VALUES(648,2,535,1,316,'unit_head','2026-01-04 23:37:53','2026-01-04 23:37:53');
INSERT INTO team_user VALUES(649,2,536,1,317,'unit_head','2026-01-04 23:37:55','2026-01-04 23:37:55');
INSERT INTO team_user VALUES(650,2,537,1,318,'unit_head','2026-01-04 23:37:58','2026-01-04 23:37:58');
INSERT INTO team_user VALUES(651,2,538,1,319,'unit_head','2026-01-04 23:37:59','2026-01-04 23:37:59');
INSERT INTO team_user VALUES(652,2,539,1,320,'unit_head','2026-01-04 23:38:02','2026-01-04 23:38:02');
INSERT INTO team_user VALUES(653,3,540,1,NULL,'team-lead','2026-01-04 23:38:04','2026-01-04 23:38:04');
INSERT INTO team_user VALUES(654,3,541,1,321,'unit_head','2026-01-04 23:38:05','2026-01-04 23:38:05');
INSERT INTO team_user VALUES(655,3,542,1,322,'unit_head','2026-01-04 23:38:07','2026-01-04 23:38:07');
INSERT INTO team_user VALUES(656,3,543,1,323,'unit_head','2026-01-04 23:38:09','2026-01-04 23:38:09');
INSERT INTO team_user VALUES(657,3,544,1,324,'unit_head','2026-01-04 23:38:12','2026-01-04 23:38:12');
INSERT INTO team_user VALUES(658,3,545,1,325,'unit_head','2026-01-04 23:38:14','2026-01-04 23:38:14');
INSERT INTO team_user VALUES(659,3,546,1,326,'unit_head','2026-01-04 23:38:17','2026-01-04 23:38:17');
INSERT INTO team_user VALUES(660,3,547,1,327,'unit_head','2026-01-04 23:38:21','2026-01-04 23:38:21');
INSERT INTO team_user VALUES(661,3,548,1,328,'unit_head','2026-01-04 23:38:24','2026-01-04 23:38:24');
INSERT INTO team_user VALUES(662,3,549,1,329,'unit_head','2026-01-04 23:38:30','2026-01-04 23:38:30');
INSERT INTO team_user VALUES(663,3,550,1,330,'unit_head','2026-01-04 23:38:34','2026-01-04 23:38:34');
INSERT INTO team_user VALUES(664,4,551,1,NULL,'team-lead','2026-01-04 23:38:39','2026-01-04 23:38:39');
INSERT INTO team_user VALUES(665,4,552,1,331,'unit_head','2026-01-04 23:38:44','2026-01-04 23:38:44');
INSERT INTO team_user VALUES(666,4,553,1,332,'unit_head','2026-01-04 23:38:46','2026-01-04 23:38:46');
INSERT INTO team_user VALUES(667,4,554,1,333,'unit_head','2026-01-04 23:38:49','2026-01-04 23:38:49');
INSERT INTO team_user VALUES(668,4,555,1,334,'unit_head','2026-01-04 23:38:54','2026-01-04 23:38:54');
INSERT INTO team_user VALUES(669,4,556,1,335,'unit_head','2026-01-04 23:38:58','2026-01-04 23:38:58');
INSERT INTO team_user VALUES(670,4,557,1,336,'unit_head','2026-01-04 23:39:00','2026-01-04 23:39:00');
INSERT INTO team_user VALUES(671,4,558,1,337,'unit_head','2026-01-04 23:39:06','2026-01-04 23:39:06');
INSERT INTO team_user VALUES(672,4,559,1,338,'unit_head','2026-01-04 23:39:11','2026-01-04 23:39:11');
INSERT INTO team_user VALUES(673,4,560,1,339,'unit_head','2026-01-04 23:39:15','2026-01-04 23:39:15');
INSERT INTO team_user VALUES(674,4,561,1,340,'unit_head','2026-01-04 23:39:19','2026-01-04 23:39:19');
INSERT INTO team_user VALUES(675,5,562,1,NULL,'team-lead','2026-01-04 23:39:23','2026-01-04 23:39:23');
INSERT INTO team_user VALUES(676,5,563,1,341,'unit_head','2026-01-04 23:39:25','2026-01-04 23:39:25');
INSERT INTO team_user VALUES(677,5,564,1,342,'unit_head','2026-01-04 23:39:28','2026-01-04 23:39:28');
INSERT INTO team_user VALUES(678,5,565,1,343,'unit_head','2026-01-04 23:39:33','2026-01-04 23:39:33');
INSERT INTO team_user VALUES(679,5,566,1,344,'unit_head','2026-01-04 23:39:35','2026-01-04 23:39:35');
INSERT INTO team_user VALUES(680,5,567,1,345,'unit_head','2026-01-04 23:39:38','2026-01-04 23:39:38');
INSERT INTO team_user VALUES(681,5,568,1,346,'unit_head','2026-01-04 23:39:43','2026-01-04 23:39:43');
INSERT INTO team_user VALUES(682,5,569,1,347,'unit_head','2026-01-04 23:39:46','2026-01-04 23:39:46');
INSERT INTO team_user VALUES(683,5,570,1,348,'unit_head','2026-01-04 23:39:51','2026-01-04 23:39:51');
INSERT INTO team_user VALUES(684,5,571,1,349,'unit_head','2026-01-04 23:39:55','2026-01-04 23:39:55');
INSERT INTO team_user VALUES(685,5,572,1,350,'unit_head','2026-01-04 23:39:58','2026-01-04 23:39:58');
INSERT INTO team_user VALUES(686,6,573,1,NULL,'team-lead','2026-01-04 23:40:01','2026-01-04 23:40:01');
INSERT INTO team_user VALUES(687,6,574,1,351,'unit_head','2026-01-04 23:40:06','2026-01-04 23:40:06');
INSERT INTO team_user VALUES(688,6,575,1,352,'unit_head','2026-01-04 23:40:09','2026-01-04 23:40:09');
INSERT INTO team_user VALUES(689,6,576,1,353,'unit_head','2026-01-04 23:40:11','2026-01-04 23:40:11');
INSERT INTO team_user VALUES(690,6,577,1,354,'unit_head','2026-01-04 23:40:14','2026-01-04 23:40:14');
INSERT INTO team_user VALUES(691,6,578,1,355,'unit_head','2026-01-04 23:40:16','2026-01-04 23:40:16');
INSERT INTO team_user VALUES(692,6,579,1,356,'unit_head','2026-01-04 23:40:18','2026-01-04 23:40:18');
INSERT INTO team_user VALUES(693,6,580,1,357,'unit_head','2026-01-04 23:40:20','2026-01-04 23:40:20');
INSERT INTO team_user VALUES(694,6,581,1,358,'unit_head','2026-01-04 23:40:25','2026-01-04 23:40:25');
INSERT INTO team_user VALUES(695,6,582,1,359,'unit_head','2026-01-04 23:40:29','2026-01-04 23:40:29');
INSERT INTO team_user VALUES(696,6,583,1,360,'unit_head','2026-01-04 23:40:34','2026-01-04 23:40:34');
INSERT INTO team_user VALUES(697,7,584,1,NULL,'team-lead','2026-01-04 23:40:37','2026-01-04 23:40:37');
INSERT INTO team_user VALUES(698,7,585,1,361,'unit_head','2026-01-04 23:40:39','2026-01-04 23:40:39');
INSERT INTO team_user VALUES(699,7,586,1,362,'unit_head','2026-01-04 23:40:42','2026-01-04 23:40:42');
INSERT INTO team_user VALUES(700,7,587,1,363,'unit_head','2026-01-04 23:40:47','2026-01-04 23:40:47');
INSERT INTO team_user VALUES(701,7,588,1,364,'unit_head','2026-01-04 23:40:50','2026-01-04 23:40:50');
INSERT INTO team_user VALUES(702,7,589,1,365,'unit_head','2026-01-04 23:40:53','2026-01-04 23:40:53');
INSERT INTO team_user VALUES(703,7,590,1,366,'unit_head','2026-01-04 23:40:55','2026-01-04 23:40:55');
INSERT INTO team_user VALUES(704,7,591,1,367,'unit_head','2026-01-04 23:40:59','2026-01-04 23:40:59');
INSERT INTO team_user VALUES(705,7,592,1,368,'unit_head','2026-01-04 23:41:02','2026-01-04 23:41:02');
INSERT INTO team_user VALUES(706,7,593,1,369,'unit_head','2026-01-04 23:41:04','2026-01-04 23:41:04');
INSERT INTO team_user VALUES(707,7,594,1,370,'unit_head','2026-01-04 23:41:08','2026-01-04 23:41:08');
INSERT INTO team_user VALUES(708,8,595,1,NULL,'team-lead','2026-01-04 23:41:11','2026-01-04 23:41:11');
INSERT INTO team_user VALUES(709,8,596,1,371,'unit_head','2026-01-04 23:41:14','2026-01-04 23:41:14');
INSERT INTO team_user VALUES(710,8,597,1,372,'unit_head','2026-01-04 23:41:19','2026-01-04 23:41:19');
INSERT INTO team_user VALUES(711,8,598,1,373,'unit_head','2026-01-04 23:41:23','2026-01-04 23:41:23');
INSERT INTO team_user VALUES(712,8,599,1,374,'unit_head','2026-01-04 23:41:27','2026-01-04 23:41:27');
INSERT INTO team_user VALUES(713,8,600,1,375,'unit_head','2026-01-04 23:41:30','2026-01-04 23:41:30');
INSERT INTO team_user VALUES(714,8,601,1,376,'unit_head','2026-01-04 23:41:35','2026-01-04 23:41:35');
INSERT INTO team_user VALUES(715,8,602,1,377,'unit_head','2026-01-04 23:41:38','2026-01-04 23:41:38');
INSERT INTO team_user VALUES(716,8,603,1,378,'unit_head','2026-01-04 23:41:40','2026-01-04 23:41:40');
INSERT INTO team_user VALUES(717,8,604,1,379,'unit_head','2026-01-04 23:41:44','2026-01-04 23:41:44');
INSERT INTO team_user VALUES(718,8,605,1,380,'unit_head','2026-01-04 23:41:48','2026-01-04 23:41:48');
INSERT INTO team_user VALUES(719,9,606,1,NULL,'team-lead','2026-01-04 23:41:52','2026-01-04 23:41:52');
INSERT INTO team_user VALUES(720,9,607,1,381,'unit_head','2026-01-04 23:41:57','2026-01-04 23:41:57');
INSERT INTO team_user VALUES(721,9,608,1,382,'unit_head','2026-01-04 23:42:03','2026-01-04 23:42:03');
INSERT INTO team_user VALUES(722,9,609,1,383,'unit_head','2026-01-04 23:42:07','2026-01-04 23:42:07');
INSERT INTO team_user VALUES(723,9,610,1,384,'unit_head','2026-01-04 23:42:10','2026-01-04 23:42:10');
INSERT INTO team_user VALUES(724,9,611,1,385,'unit_head','2026-01-04 23:42:17','2026-01-04 23:42:17');
INSERT INTO team_user VALUES(725,9,612,1,386,'unit_head','2026-01-04 23:42:22','2026-01-04 23:42:22');
INSERT INTO team_user VALUES(726,9,613,1,387,'unit_head','2026-01-04 23:42:26','2026-01-04 23:42:26');
INSERT INTO team_user VALUES(727,9,614,1,388,'unit_head','2026-01-04 23:42:31','2026-01-04 23:42:31');
INSERT INTO team_user VALUES(728,9,615,1,389,'unit_head','2026-01-04 23:42:37','2026-01-04 23:42:37');
INSERT INTO team_user VALUES(729,9,616,1,390,'unit_head','2026-01-04 23:42:43','2026-01-04 23:42:43');
INSERT INTO team_user VALUES(730,10,617,1,NULL,'team-lead','2026-01-04 23:42:49','2026-01-04 23:42:49');
INSERT INTO team_user VALUES(731,10,618,1,391,'unit_head','2026-01-04 23:42:55','2026-01-04 23:42:55');
INSERT INTO team_user VALUES(732,10,619,1,392,'unit_head','2026-01-04 23:43:00','2026-01-04 23:43:00');
INSERT INTO team_user VALUES(733,10,620,1,393,'unit_head','2026-01-04 23:43:05','2026-01-04 23:43:05');
INSERT INTO team_user VALUES(734,10,621,1,394,'unit_head','2026-01-04 23:43:13','2026-01-04 23:43:13');
INSERT INTO team_user VALUES(735,10,622,1,395,'unit_head','2026-01-04 23:43:17','2026-01-04 23:43:17');
INSERT INTO team_user VALUES(736,10,623,1,396,'unit_head','2026-01-04 23:43:22','2026-01-04 23:43:22');
INSERT INTO team_user VALUES(737,10,624,1,397,'unit_head','2026-01-04 23:43:27','2026-01-04 23:43:27');
INSERT INTO team_user VALUES(738,10,625,1,398,'unit_head','2026-01-04 23:43:31','2026-01-04 23:43:31');
INSERT INTO team_user VALUES(739,10,626,1,399,'unit_head','2026-01-04 23:43:35','2026-01-04 23:43:35');
INSERT INTO team_user VALUES(740,10,627,1,400,'unit_head','2026-01-04 23:43:39','2026-01-04 23:43:39');
INSERT INTO team_user VALUES(741,11,628,2,NULL,'team-lead','2026-01-04 23:43:45','2026-01-04 23:43:45');
INSERT INTO team_user VALUES(742,11,629,2,401,'unit_head','2026-01-04 23:43:50','2026-01-04 23:43:50');
INSERT INTO team_user VALUES(743,11,630,2,402,'unit_head','2026-01-04 23:43:54','2026-01-04 23:43:54');
INSERT INTO team_user VALUES(744,11,631,2,403,'unit_head','2026-01-04 23:44:00','2026-01-04 23:44:00');
INSERT INTO team_user VALUES(745,11,632,2,404,'unit_head','2026-01-04 23:44:05','2026-01-04 23:44:05');
INSERT INTO team_user VALUES(746,11,633,2,405,'unit_head','2026-01-04 23:44:10','2026-01-04 23:44:10');
INSERT INTO team_user VALUES(747,11,634,2,406,'unit_head','2026-01-04 23:44:15','2026-01-04 23:44:15');
INSERT INTO team_user VALUES(748,11,635,2,407,'unit_head','2026-01-04 23:44:19','2026-01-04 23:44:19');
INSERT INTO team_user VALUES(749,11,636,2,408,'unit_head','2026-01-04 23:44:24','2026-01-04 23:44:24');
INSERT INTO team_user VALUES(750,11,637,2,409,'unit_head','2026-01-04 23:44:28','2026-01-04 23:44:28');
INSERT INTO team_user VALUES(751,11,638,2,410,'unit_head','2026-01-04 23:44:32','2026-01-04 23:44:32');
INSERT INTO team_user VALUES(752,12,639,2,NULL,'team-lead','2026-01-04 23:44:37','2026-01-04 23:44:37');
INSERT INTO team_user VALUES(753,12,640,2,411,'unit_head','2026-01-04 23:44:42','2026-01-04 23:44:42');
INSERT INTO team_user VALUES(754,12,641,2,412,'unit_head','2026-01-04 23:44:46','2026-01-04 23:44:46');
INSERT INTO team_user VALUES(755,12,642,2,413,'unit_head','2026-01-04 23:44:49','2026-01-04 23:44:49');
INSERT INTO team_user VALUES(756,12,643,2,414,'unit_head','2026-01-04 23:44:51','2026-01-04 23:44:51');
INSERT INTO team_user VALUES(757,12,644,2,415,'unit_head','2026-01-04 23:44:55','2026-01-04 23:44:55');
INSERT INTO team_user VALUES(758,12,645,2,416,'unit_head','2026-01-04 23:44:58','2026-01-04 23:44:58');
INSERT INTO team_user VALUES(759,12,646,2,417,'unit_head','2026-01-04 23:45:01','2026-01-04 23:45:01');
INSERT INTO team_user VALUES(760,12,647,2,418,'unit_head','2026-01-04 23:45:05','2026-01-04 23:45:05');
INSERT INTO team_user VALUES(761,12,648,2,419,'unit_head','2026-01-04 23:45:08','2026-01-04 23:45:08');
INSERT INTO team_user VALUES(762,12,649,2,420,'unit_head','2026-01-04 23:45:10','2026-01-04 23:45:10');
INSERT INTO team_user VALUES(763,13,650,2,NULL,'team-lead','2026-01-04 23:45:13','2026-01-04 23:45:13');
INSERT INTO team_user VALUES(764,13,651,2,421,'unit_head','2026-01-04 23:45:15','2026-01-04 23:45:15');
INSERT INTO team_user VALUES(765,13,652,2,422,'unit_head','2026-01-04 23:45:18','2026-01-04 23:45:18');
INSERT INTO team_user VALUES(766,13,653,2,423,'unit_head','2026-01-04 23:45:20','2026-01-04 23:45:20');
INSERT INTO team_user VALUES(767,13,654,2,424,'unit_head','2026-01-04 23:45:24','2026-01-04 23:45:24');
INSERT INTO team_user VALUES(768,13,655,2,425,'unit_head','2026-01-04 23:45:26','2026-01-04 23:45:26');
INSERT INTO team_user VALUES(769,13,656,2,426,'unit_head','2026-01-04 23:45:30','2026-01-04 23:45:30');
INSERT INTO team_user VALUES(770,13,657,2,427,'unit_head','2026-01-04 23:45:33','2026-01-04 23:45:33');
INSERT INTO team_user VALUES(771,13,658,2,428,'unit_head','2026-01-04 23:45:39','2026-01-04 23:45:39');
INSERT INTO team_user VALUES(772,13,659,2,429,'unit_head','2026-01-04 23:45:42','2026-01-04 23:45:42');
INSERT INTO team_user VALUES(773,13,660,2,430,'unit_head','2026-01-04 23:45:46','2026-01-04 23:45:46');
INSERT INTO team_user VALUES(774,14,661,2,NULL,'team-lead','2026-01-04 23:45:49','2026-01-04 23:45:49');
INSERT INTO team_user VALUES(775,14,662,2,431,'unit_head','2026-01-04 23:45:51','2026-01-04 23:45:51');
INSERT INTO team_user VALUES(776,14,663,2,432,'unit_head','2026-01-04 23:45:55','2026-01-04 23:45:55');
INSERT INTO team_user VALUES(777,14,664,2,433,'unit_head','2026-01-04 23:45:58','2026-01-04 23:45:58');
INSERT INTO team_user VALUES(778,14,665,2,434,'unit_head','2026-01-04 23:46:02','2026-01-04 23:46:02');
INSERT INTO team_user VALUES(779,14,666,2,435,'unit_head','2026-01-04 23:46:06','2026-01-04 23:46:06');
INSERT INTO team_user VALUES(780,14,667,2,436,'unit_head','2026-01-04 23:46:10','2026-01-04 23:46:10');
INSERT INTO team_user VALUES(781,14,668,2,437,'unit_head','2026-01-04 23:46:13','2026-01-04 23:46:13');
INSERT INTO team_user VALUES(782,14,669,2,438,'unit_head','2026-01-04 23:46:16','2026-01-04 23:46:16');
INSERT INTO team_user VALUES(783,14,670,2,439,'unit_head','2026-01-04 23:46:20','2026-01-04 23:46:20');
INSERT INTO team_user VALUES(784,14,671,2,440,'unit_head','2026-01-04 23:46:22','2026-01-04 23:46:22');
INSERT INTO team_user VALUES(785,15,672,2,NULL,'team-lead','2026-01-04 23:46:26','2026-01-04 23:46:26');
INSERT INTO team_user VALUES(786,15,673,2,441,'unit_head','2026-01-04 23:46:28','2026-01-04 23:46:28');
INSERT INTO team_user VALUES(787,15,674,2,442,'unit_head','2026-01-04 23:46:31','2026-01-04 23:46:31');
INSERT INTO team_user VALUES(788,15,675,2,443,'unit_head','2026-01-04 23:46:33','2026-01-04 23:46:33');
INSERT INTO team_user VALUES(789,15,676,2,444,'unit_head','2026-01-04 23:46:36','2026-01-04 23:46:36');
INSERT INTO team_user VALUES(790,15,677,2,445,'unit_head','2026-01-04 23:46:39','2026-01-04 23:46:39');
INSERT INTO team_user VALUES(791,15,678,2,446,'unit_head','2026-01-04 23:46:41','2026-01-04 23:46:41');
INSERT INTO team_user VALUES(792,15,679,2,447,'unit_head','2026-01-04 23:46:44','2026-01-04 23:46:44');
INSERT INTO team_user VALUES(793,15,680,2,448,'unit_head','2026-01-04 23:46:48','2026-01-04 23:46:48');
INSERT INTO team_user VALUES(794,15,681,2,449,'unit_head','2026-01-04 23:46:51','2026-01-04 23:46:51');
INSERT INTO team_user VALUES(795,15,682,2,450,'unit_head','2026-01-04 23:46:53','2026-01-04 23:46:53');
INSERT INTO team_user VALUES(796,16,683,2,NULL,'team-lead','2026-01-04 23:46:56','2026-01-04 23:46:56');
INSERT INTO team_user VALUES(797,16,684,2,451,'unit_head','2026-01-04 23:46:59','2026-01-04 23:46:59');
INSERT INTO team_user VALUES(798,16,685,2,452,'unit_head','2026-01-04 23:47:02','2026-01-04 23:47:02');
INSERT INTO team_user VALUES(799,16,686,2,453,'unit_head','2026-01-04 23:47:06','2026-01-04 23:47:06');
INSERT INTO team_user VALUES(800,16,687,2,454,'unit_head','2026-01-04 23:47:10','2026-01-04 23:47:10');
INSERT INTO team_user VALUES(801,16,688,2,455,'unit_head','2026-01-04 23:47:12','2026-01-04 23:47:12');
INSERT INTO team_user VALUES(802,16,689,2,456,'unit_head','2026-01-04 23:47:16','2026-01-04 23:47:16');
INSERT INTO team_user VALUES(803,16,690,2,457,'unit_head','2026-01-04 23:47:18','2026-01-04 23:47:18');
INSERT INTO team_user VALUES(804,16,691,2,458,'unit_head','2026-01-04 23:47:21','2026-01-04 23:47:21');
INSERT INTO team_user VALUES(805,16,692,2,459,'unit_head','2026-01-04 23:47:23','2026-01-04 23:47:23');
INSERT INTO team_user VALUES(806,16,693,2,460,'unit_head','2026-01-04 23:47:26','2026-01-04 23:47:26');
INSERT INTO team_user VALUES(807,17,694,2,NULL,'team-lead','2026-01-04 23:47:29','2026-01-04 23:47:29');
INSERT INTO team_user VALUES(808,17,695,2,461,'unit_head','2026-01-04 23:47:31','2026-01-04 23:47:31');
INSERT INTO team_user VALUES(809,17,696,2,462,'unit_head','2026-01-04 23:47:34','2026-01-04 23:47:34');
INSERT INTO team_user VALUES(810,17,697,2,463,'unit_head','2026-01-04 23:47:36','2026-01-04 23:47:36');
INSERT INTO team_user VALUES(811,17,698,2,464,'unit_head','2026-01-04 23:47:41','2026-01-04 23:47:41');
INSERT INTO team_user VALUES(812,17,699,2,465,'unit_head','2026-01-04 23:47:44','2026-01-04 23:47:44');
INSERT INTO team_user VALUES(813,17,700,2,466,'unit_head','2026-01-04 23:47:47','2026-01-04 23:47:47');
INSERT INTO team_user VALUES(814,17,701,2,467,'unit_head','2026-01-04 23:47:50','2026-01-04 23:47:50');
INSERT INTO team_user VALUES(815,17,702,2,468,'unit_head','2026-01-04 23:47:53','2026-01-04 23:47:53');
INSERT INTO team_user VALUES(816,17,703,2,469,'unit_head','2026-01-04 23:47:56','2026-01-04 23:47:56');
INSERT INTO team_user VALUES(817,17,704,2,470,'unit_head','2026-01-04 23:47:59','2026-01-04 23:47:59');
INSERT INTO team_user VALUES(818,18,705,2,NULL,'team-lead','2026-01-04 23:48:03','2026-01-04 23:48:03');
INSERT INTO team_user VALUES(819,18,706,2,471,'unit_head','2026-01-04 23:48:06','2026-01-04 23:48:06');
INSERT INTO team_user VALUES(820,18,707,2,472,'unit_head','2026-01-04 23:48:09','2026-01-04 23:48:09');
INSERT INTO team_user VALUES(821,18,708,2,473,'unit_head','2026-01-04 23:48:13','2026-01-04 23:48:13');
INSERT INTO team_user VALUES(822,18,709,2,474,'unit_head','2026-01-04 23:48:17','2026-01-04 23:48:17');
CREATE TABLE IF NOT EXISTS "permissions" ("id" integer primary key autoincrement not null, "name" varchar not null, "guard_name" varchar not null, "created_at" datetime, "updated_at" datetime);
INSERT INTO permissions VALUES(1,'create-members','web','2026-01-05 21:43:00','2026-01-05 21:43:00');
INSERT INTO permissions VALUES(2,'view-members','web','2026-01-05 21:43:00','2026-01-05 21:43:00');
INSERT INTO permissions VALUES(3,'edit-members','web','2026-01-05 21:43:00','2026-01-05 21:43:00');
INSERT INTO permissions VALUES(4,'delete-members','web','2026-01-05 21:43:01','2026-01-05 21:43:01');
INSERT INTO permissions VALUES(5,'create-teams','web','2026-01-05 21:43:01','2026-01-05 21:43:01');
INSERT INTO permissions VALUES(6,'view-teams','web','2026-01-05 21:43:01','2026-01-05 21:43:01');
INSERT INTO permissions VALUES(7,'edit-teams','web','2026-01-05 21:43:01','2026-01-05 21:43:01');
INSERT INTO permissions VALUES(8,'delete-teams','web','2026-01-05 21:43:01','2026-01-05 21:43:01');
INSERT INTO permissions VALUES(9,'create-finance','web','2026-01-05 21:43:01','2026-01-05 21:43:01');
INSERT INTO permissions VALUES(10,'view-finance','web','2026-01-05 21:43:02','2026-01-05 21:43:02');
INSERT INTO permissions VALUES(11,'edit-finance','web','2026-01-05 21:43:02','2026-01-05 21:43:02');
INSERT INTO permissions VALUES(12,'delete-finance','web','2026-01-05 21:43:02','2026-01-05 21:43:02');
INSERT INTO permissions VALUES(13,'export-finance','web','2026-01-05 21:43:02','2026-01-05 21:43:02');
INSERT INTO permissions VALUES(14,'create-events','web','2026-01-05 21:43:03','2026-01-05 21:43:03');
INSERT INTO permissions VALUES(15,'view-events','web','2026-01-05 21:43:03','2026-01-05 21:43:03');
INSERT INTO permissions VALUES(16,'edit-events','web','2026-01-05 21:43:03','2026-01-05 21:43:03');
INSERT INTO permissions VALUES(17,'delete-events','web','2026-01-05 21:43:03','2026-01-05 21:43:03');
INSERT INTO permissions VALUES(18,'create-appointments','web','2026-01-05 21:43:03','2026-01-05 21:43:03');
INSERT INTO permissions VALUES(19,'view-appointments','web','2026-01-05 21:43:04','2026-01-05 21:43:04');
INSERT INTO permissions VALUES(20,'edit-appointments','web','2026-01-05 21:43:04','2026-01-05 21:43:04');
INSERT INTO permissions VALUES(21,'delete-appointments','web','2026-01-05 21:43:04','2026-01-05 21:43:04');
INSERT INTO permissions VALUES(22,'view-prayer-requests','web','2026-01-05 21:43:04','2026-01-05 21:43:04');
INSERT INTO permissions VALUES(23,'respond-prayer-requests','web','2026-01-05 21:43:04','2026-01-05 21:43:04');
INSERT INTO permissions VALUES(24,'create-classes','web','2026-01-05 21:43:04','2026-01-05 21:43:04');
INSERT INTO permissions VALUES(25,'view-academy','web','2026-01-05 21:43:04','2026-01-05 21:43:04');
INSERT INTO permissions VALUES(26,'edit-academy','web','2026-01-05 21:43:04','2026-01-05 21:43:04');
INSERT INTO permissions VALUES(27,'delete-academy','web','2026-01-05 21:43:05','2026-01-05 21:43:05');
INSERT INTO permissions VALUES(28,'create-reports','web','2026-01-05 21:43:05','2026-01-05 21:43:05');
INSERT INTO permissions VALUES(29,'view-reports','web','2026-01-05 21:43:05','2026-01-05 21:43:05');
INSERT INTO permissions VALUES(30,'edit-reports','web','2026-01-05 21:43:05','2026-01-05 21:43:05');
INSERT INTO permissions VALUES(31,'delete-reports','web','2026-01-05 21:43:05','2026-01-05 21:43:05');
INSERT INTO permissions VALUES(32,'manage-settings','web','2026-01-05 21:43:05','2026-01-05 21:43:05');
INSERT INTO permissions VALUES(33,'manage-roles','web','2026-01-05 21:43:05','2026-01-05 21:43:05');
INSERT INTO permissions VALUES(34,'manage-permissions','web','2026-01-05 21:43:05','2026-01-05 21:43:05');
INSERT INTO permissions VALUES(35,'view-transport','web','2026-01-05 21:43:06','2026-01-05 21:43:06');
INSERT INTO permissions VALUES(36,'update-transport-status','web','2026-01-05 21:43:06','2026-01-05 21:43:06');
INSERT INTO permissions VALUES(37,'view-missions','web','2026-01-05 21:43:06','2026-01-05 21:43:06');
INSERT INTO permissions VALUES(38,'create-missions','web','2026-01-05 21:43:06','2026-01-05 21:43:06');
INSERT INTO permissions VALUES(39,'edit-missions','web','2026-01-05 21:43:06','2026-01-05 21:43:06');
INSERT INTO permissions VALUES(40,'view-medicals','web','2026-01-05 21:43:06','2026-01-05 21:43:06');
INSERT INTO permissions VALUES(41,'edit-medicals','web','2026-01-05 21:43:06','2026-01-05 21:43:06');
INSERT INTO permissions VALUES(42,'view-properties','web','2026-01-05 21:43:06','2026-01-05 21:43:06');
INSERT INTO permissions VALUES(43,'edit-properties','web','2026-01-05 21:43:07','2026-01-05 21:43:07');
INSERT INTO permissions VALUES(44,'view-scribes','web','2026-01-05 21:43:07','2026-01-05 21:43:07');
INSERT INTO permissions VALUES(45,'edit-scribes','web','2026-01-05 21:43:07','2026-01-05 21:43:07');
INSERT INTO permissions VALUES(46,'view-testimonies','web','2026-01-05 21:43:07','2026-01-05 21:43:07');
INSERT INTO permissions VALUES(47,'create-testimonies','web','2026-01-05 21:43:07','2026-01-05 21:43:07');
INSERT INTO permissions VALUES(48,'view-analytics','web','2026-01-05 21:43:07','2026-01-05 21:43:07');
CREATE TABLE IF NOT EXISTS "roles" ("id" integer primary key autoincrement not null, "name" varchar not null, "guard_name" varchar not null, "created_at" datetime, "updated_at" datetime);
INSERT INTO roles VALUES(1,'super-admin','web','2025-11-24 03:02:50','2025-11-24 03:02:50');
INSERT INTO roles VALUES(2,'admin','web','2025-11-24 03:02:50','2025-11-24 03:02:50');
INSERT INTO roles VALUES(3,'team-lead','web','2025-11-24 03:02:50','2025-11-24 03:02:50');
INSERT INTO roles VALUES(4,'lead_assist','web','2025-11-24 03:02:50','2025-11-24 03:02:50');
INSERT INTO roles VALUES(5,'unit_head','web','2025-11-24 03:02:50','2025-11-24 03:02:50');
INSERT INTO roles VALUES(6,'member','web','2025-11-24 03:02:50','2025-11-24 03:02:50');
CREATE TABLE IF NOT EXISTS "model_has_permissions" ("permission_id" integer not null, "model_type" varchar not null, "model_id" integer not null, foreign key("permission_id") references "permissions"("id") on delete cascade, primary key ("permission_id", "model_id", "model_type"));
CREATE TABLE IF NOT EXISTS "model_has_roles" ("role_id" integer not null, "model_type" varchar not null, "model_id" integer not null, foreign key("role_id") references "roles"("id") on delete cascade, primary key ("role_id", "model_id", "model_type"));
INSERT INTO model_has_roles VALUES(1,'App\Models\User',1);
INSERT INTO model_has_roles VALUES(2,'App\Models\User',2);
INSERT INTO model_has_roles VALUES(2,'App\Models\User',3);
INSERT INTO model_has_roles VALUES(2,'App\Models\User',4);
INSERT INTO model_has_roles VALUES(6,'App\Models\User',5);
INSERT INTO model_has_roles VALUES(6,'App\Models\User',6);
INSERT INTO model_has_roles VALUES(6,'App\Models\User',7);
INSERT INTO model_has_roles VALUES(6,'App\Models\User',8);
INSERT INTO model_has_roles VALUES(6,'App\Models\User',9);
INSERT INTO model_has_roles VALUES(6,'App\Models\User',10);
INSERT INTO model_has_roles VALUES(6,'App\Models\User',11);
INSERT INTO model_has_roles VALUES(6,'App\Models\User',12);
INSERT INTO model_has_roles VALUES(6,'App\Models\User',13);
INSERT INTO model_has_roles VALUES(6,'App\Models\User',14);
INSERT INTO model_has_roles VALUES(6,'App\Models\User',15);
INSERT INTO model_has_roles VALUES(6,'App\Models\User',16);
INSERT INTO model_has_roles VALUES(6,'App\Models\User',17);
INSERT INTO model_has_roles VALUES(6,'App\Models\User',18);
INSERT INTO model_has_roles VALUES(6,'App\Models\User',19);
INSERT INTO model_has_roles VALUES(6,'App\Models\User',20);
INSERT INTO model_has_roles VALUES(6,'App\Models\User',21);
INSERT INTO model_has_roles VALUES(6,'App\Models\User',22);
INSERT INTO model_has_roles VALUES(6,'App\Models\User',23);
INSERT INTO model_has_roles VALUES(6,'App\Models\User',24);
INSERT INTO model_has_roles VALUES(6,'App\Models\User',25);
INSERT INTO model_has_roles VALUES(6,'App\Models\User',26);
INSERT INTO model_has_roles VALUES(6,'App\Models\User',27);
INSERT INTO model_has_roles VALUES(6,'App\Models\User',28);
INSERT INTO model_has_roles VALUES(6,'App\Models\User',29);
INSERT INTO model_has_roles VALUES(6,'App\Models\User',30);
INSERT INTO model_has_roles VALUES(6,'App\Models\User',31);
INSERT INTO model_has_roles VALUES(6,'App\Models\User',32);
INSERT INTO model_has_roles VALUES(6,'App\Models\User',33);
INSERT INTO model_has_roles VALUES(6,'App\Models\User',34);
INSERT INTO model_has_roles VALUES(6,'App\Models\User',35);
INSERT INTO model_has_roles VALUES(6,'App\Models\User',36);
INSERT INTO model_has_roles VALUES(6,'App\Models\User',37);
INSERT INTO model_has_roles VALUES(6,'App\Models\User',38);
INSERT INTO model_has_roles VALUES(6,'App\Models\User',39);
INSERT INTO model_has_roles VALUES(6,'App\Models\User',40);
INSERT INTO model_has_roles VALUES(6,'App\Models\User',41);
INSERT INTO model_has_roles VALUES(6,'App\Models\User',42);
INSERT INTO model_has_roles VALUES(6,'App\Models\User',43);
INSERT INTO model_has_roles VALUES(6,'App\Models\User',44);
INSERT INTO model_has_roles VALUES(6,'App\Models\User',45);
INSERT INTO model_has_roles VALUES(6,'App\Models\User',46);
INSERT INTO model_has_roles VALUES(6,'App\Models\User',47);
INSERT INTO model_has_roles VALUES(6,'App\Models\User',48);
INSERT INTO model_has_roles VALUES(6,'App\Models\User',49);
INSERT INTO model_has_roles VALUES(6,'App\Models\User',50);
INSERT INTO model_has_roles VALUES(6,'App\Models\User',51);
INSERT INTO model_has_roles VALUES(6,'App\Models\User',52);
INSERT INTO model_has_roles VALUES(6,'App\Models\User',53);
INSERT INTO model_has_roles VALUES(6,'App\Models\User',54);
INSERT INTO model_has_roles VALUES(6,'App\Models\User',55);
INSERT INTO model_has_roles VALUES(6,'App\Models\User',56);
INSERT INTO model_has_roles VALUES(6,'App\Models\User',57);
INSERT INTO model_has_roles VALUES(6,'App\Models\User',58);
INSERT INTO model_has_roles VALUES(6,'App\Models\User',59);
INSERT INTO model_has_roles VALUES(6,'App\Models\User',60);
INSERT INTO model_has_roles VALUES(6,'App\Models\User',61);
INSERT INTO model_has_roles VALUES(6,'App\Models\User',62);
INSERT INTO model_has_roles VALUES(6,'App\Models\User',63);
INSERT INTO model_has_roles VALUES(6,'App\Models\User',64);
INSERT INTO model_has_roles VALUES(6,'App\Models\User',65);
INSERT INTO model_has_roles VALUES(6,'App\Models\User',66);
INSERT INTO model_has_roles VALUES(6,'App\Models\User',67);
INSERT INTO model_has_roles VALUES(6,'App\Models\User',68);
INSERT INTO model_has_roles VALUES(6,'App\Models\User',69);
INSERT INTO model_has_roles VALUES(6,'App\Models\User',70);
INSERT INTO model_has_roles VALUES(6,'App\Models\User',71);
INSERT INTO model_has_roles VALUES(6,'App\Models\User',72);
INSERT INTO model_has_roles VALUES(6,'App\Models\User',73);
INSERT INTO model_has_roles VALUES(6,'App\Models\User',74);
INSERT INTO model_has_roles VALUES(6,'App\Models\User',75);
INSERT INTO model_has_roles VALUES(6,'App\Models\User',76);
INSERT INTO model_has_roles VALUES(6,'App\Models\User',77);
INSERT INTO model_has_roles VALUES(6,'App\Models\User',78);
INSERT INTO model_has_roles VALUES(6,'App\Models\User',79);
INSERT INTO model_has_roles VALUES(6,'App\Models\User',80);
INSERT INTO model_has_roles VALUES(6,'App\Models\User',81);
INSERT INTO model_has_roles VALUES(6,'App\Models\User',82);
INSERT INTO model_has_roles VALUES(6,'App\Models\User',83);
INSERT INTO model_has_roles VALUES(6,'App\Models\User',84);
INSERT INTO model_has_roles VALUES(6,'App\Models\User',85);
INSERT INTO model_has_roles VALUES(6,'App\Models\User',86);
INSERT INTO model_has_roles VALUES(6,'App\Models\User',87);
INSERT INTO model_has_roles VALUES(6,'App\Models\User',88);
INSERT INTO model_has_roles VALUES(6,'App\Models\User',89);
INSERT INTO model_has_roles VALUES(6,'App\Models\User',90);
INSERT INTO model_has_roles VALUES(6,'App\Models\User',91);
INSERT INTO model_has_roles VALUES(6,'App\Models\User',92);
INSERT INTO model_has_roles VALUES(6,'App\Models\User',93);
INSERT INTO model_has_roles VALUES(6,'App\Models\User',94);
INSERT INTO model_has_roles VALUES(3,'App\Models\User',95);
INSERT INTO model_has_roles VALUES(5,'App\Models\User',96);
INSERT INTO model_has_roles VALUES(5,'App\Models\User',97);
INSERT INTO model_has_roles VALUES(5,'App\Models\User',98);
INSERT INTO model_has_roles VALUES(5,'App\Models\User',99);
INSERT INTO model_has_roles VALUES(5,'App\Models\User',100);
INSERT INTO model_has_roles VALUES(5,'App\Models\User',101);
INSERT INTO model_has_roles VALUES(5,'App\Models\User',102);
INSERT INTO model_has_roles VALUES(5,'App\Models\User',103);
INSERT INTO model_has_roles VALUES(5,'App\Models\User',104);
INSERT INTO model_has_roles VALUES(5,'App\Models\User',105);
INSERT INTO model_has_roles VALUES(3,'App\Models\User',106);
INSERT INTO model_has_roles VALUES(5,'App\Models\User',107);
INSERT INTO model_has_roles VALUES(5,'App\Models\User',108);
INSERT INTO model_has_roles VALUES(5,'App\Models\User',109);
INSERT INTO model_has_roles VALUES(5,'App\Models\User',110);
INSERT INTO model_has_roles VALUES(5,'App\Models\User',111);
INSERT INTO model_has_roles VALUES(5,'App\Models\User',112);
INSERT INTO model_has_roles VALUES(5,'App\Models\User',113);
INSERT INTO model_has_roles VALUES(5,'App\Models\User',114);
INSERT INTO model_has_roles VALUES(5,'App\Models\User',115);
INSERT INTO model_has_roles VALUES(5,'App\Models\User',116);
INSERT INTO model_has_roles VALUES(3,'App\Models\User',117);
INSERT INTO model_has_roles VALUES(5,'App\Models\User',118);
INSERT INTO model_has_roles VALUES(5,'App\Models\User',119);
INSERT INTO model_has_roles VALUES(5,'App\Models\User',120);
INSERT INTO model_has_roles VALUES(5,'App\Models\User',121);
INSERT INTO model_has_roles VALUES(5,'App\Models\User',122);
INSERT INTO model_has_roles VALUES(5,'App\Models\User',123);
INSERT INTO model_has_roles VALUES(5,'App\Models\User',124);
INSERT INTO model_has_roles VALUES(5,'App\Models\User',125);
INSERT INTO model_has_roles VALUES(5,'App\Models\User',126);
INSERT INTO model_has_roles VALUES(5,'App\Models\User',127);
INSERT INTO model_has_roles VALUES(3,'App\Models\User',128);
INSERT INTO model_has_roles VALUES(5,'App\Models\User',129);
INSERT INTO model_has_roles VALUES(5,'App\Models\User',130);
INSERT INTO model_has_roles VALUES(5,'App\Models\User',131);
INSERT INTO model_has_roles VALUES(5,'App\Models\User',132);
INSERT INTO model_has_roles VALUES(5,'App\Models\User',133);
INSERT INTO model_has_roles VALUES(5,'App\Models\User',134);
INSERT INTO model_has_roles VALUES(5,'App\Models\User',135);
INSERT INTO model_has_roles VALUES(5,'App\Models\User',136);
INSERT INTO model_has_roles VALUES(5,'App\Models\User',137);
INSERT INTO model_has_roles VALUES(5,'App\Models\User',138);
INSERT INTO model_has_roles VALUES(3,'App\Models\User',139);
INSERT INTO model_has_roles VALUES(5,'App\Models\User',140);
INSERT INTO model_has_roles VALUES(5,'App\Models\User',141);
INSERT INTO model_has_roles VALUES(5,'App\Models\User',142);
INSERT INTO model_has_roles VALUES(5,'App\Models\User',143);
INSERT INTO model_has_roles VALUES(5,'App\Models\User',144);
INSERT INTO model_has_roles VALUES(5,'App\Models\User',145);
INSERT INTO model_has_roles VALUES(5,'App\Models\User',146);
INSERT INTO model_has_roles VALUES(5,'App\Models\User',147);
INSERT INTO model_has_roles VALUES(5,'App\Models\User',148);
INSERT INTO model_has_roles VALUES(5,'App\Models\User',149);
INSERT INTO model_has_roles VALUES(3,'App\Models\User',150);
INSERT INTO model_has_roles VALUES(5,'App\Models\User',151);
INSERT INTO model_has_roles VALUES(5,'App\Models\User',152);
INSERT INTO model_has_roles VALUES(5,'App\Models\User',153);
INSERT INTO model_has_roles VALUES(5,'App\Models\User',154);
INSERT INTO model_has_roles VALUES(5,'App\Models\User',155);
INSERT INTO model_has_roles VALUES(5,'App\Models\User',156);
INSERT INTO model_has_roles VALUES(5,'App\Models\User',157);
INSERT INTO model_has_roles VALUES(5,'App\Models\User',158);
INSERT INTO model_has_roles VALUES(5,'App\Models\User',159);
INSERT INTO model_has_roles VALUES(5,'App\Models\User',160);
INSERT INTO model_has_roles VALUES(3,'App\Models\User',161);
INSERT INTO model_has_roles VALUES(5,'App\Models\User',162);
INSERT INTO model_has_roles VALUES(5,'App\Models\User',163);
INSERT INTO model_has_roles VALUES(5,'App\Models\User',164);
INSERT INTO model_has_roles VALUES(5,'App\Models\User',165);
INSERT INTO model_has_roles VALUES(5,'App\Models\User',166);
INSERT INTO model_has_roles VALUES(5,'App\Models\User',167);
INSERT INTO model_has_roles VALUES(5,'App\Models\User',168);
INSERT INTO model_has_roles VALUES(5,'App\Models\User',169);
INSERT INTO model_has_roles VALUES(5,'App\Models\User',170);
INSERT INTO model_has_roles VALUES(5,'App\Models\User',171);
INSERT INTO model_has_roles VALUES(3,'App\Models\User',172);
INSERT INTO model_has_roles VALUES(5,'App\Models\User',173);
INSERT INTO model_has_roles VALUES(5,'App\Models\User',174);
INSERT INTO model_has_roles VALUES(5,'App\Models\User',175);
INSERT INTO model_has_roles VALUES(5,'App\Models\User',176);
INSERT INTO model_has_roles VALUES(5,'App\Models\User',177);
INSERT INTO model_has_roles VALUES(5,'App\Models\User',178);
INSERT INTO model_has_roles VALUES(5,'App\Models\User',179);
INSERT INTO model_has_roles VALUES(5,'App\Models\User',180);
INSERT INTO model_has_roles VALUES(5,'App\Models\User',181);
INSERT INTO model_has_roles VALUES(5,'App\Models\User',182);
INSERT INTO model_has_roles VALUES(3,'App\Models\User',183);
INSERT INTO model_has_roles VALUES(5,'App\Models\User',184);
INSERT INTO model_has_roles VALUES(5,'App\Models\User',185);
INSERT INTO model_has_roles VALUES(5,'App\Models\User',186);
INSERT INTO model_has_roles VALUES(5,'App\Models\User',187);
INSERT INTO model_has_roles VALUES(5,'App\Models\User',188);
INSERT INTO model_has_roles VALUES(5,'App\Models\User',189);
INSERT INTO model_has_roles VALUES(5,'App\Models\User',190);
INSERT INTO model_has_roles VALUES(5,'App\Models\User',191);
INSERT INTO model_has_roles VALUES(5,'App\Models\User',192);
INSERT INTO model_has_roles VALUES(5,'App\Models\User',193);
INSERT INTO model_has_roles VALUES(3,'App\Models\User',194);
INSERT INTO model_has_roles VALUES(5,'App\Models\User',195);
INSERT INTO model_has_roles VALUES(5,'App\Models\User',196);
INSERT INTO model_has_roles VALUES(5,'App\Models\User',197);
INSERT INTO model_has_roles VALUES(5,'App\Models\User',198);
INSERT INTO model_has_roles VALUES(5,'App\Models\User',199);
INSERT INTO model_has_roles VALUES(5,'App\Models\User',200);
INSERT INTO model_has_roles VALUES(5,'App\Models\User',201);
INSERT INTO model_has_roles VALUES(5,'App\Models\User',202);
INSERT INTO model_has_roles VALUES(5,'App\Models\User',203);
INSERT INTO model_has_roles VALUES(5,'App\Models\User',204);
INSERT INTO model_has_roles VALUES(3,'App\Models\User',205);
INSERT INTO model_has_roles VALUES(5,'App\Models\User',206);
INSERT INTO model_has_roles VALUES(5,'App\Models\User',207);
INSERT INTO model_has_roles VALUES(5,'App\Models\User',208);
INSERT INTO model_has_roles VALUES(5,'App\Models\User',209);
INSERT INTO model_has_roles VALUES(5,'App\Models\User',210);
INSERT INTO model_has_roles VALUES(5,'App\Models\User',211);
INSERT INTO model_has_roles VALUES(5,'App\Models\User',212);
INSERT INTO model_has_roles VALUES(5,'App\Models\User',213);
INSERT INTO model_has_roles VALUES(5,'App\Models\User',214);
INSERT INTO model_has_roles VALUES(5,'App\Models\User',215);
INSERT INTO model_has_roles VALUES(3,'App\Models\User',216);
INSERT INTO model_has_roles VALUES(5,'App\Models\User',217);
INSERT INTO model_has_roles VALUES(5,'App\Models\User',218);
INSERT INTO model_has_roles VALUES(5,'App\Models\User',219);
INSERT INTO model_has_roles VALUES(5,'App\Models\User',220);
INSERT INTO model_has_roles VALUES(5,'App\Models\User',221);
INSERT INTO model_has_roles VALUES(5,'App\Models\User',222);
INSERT INTO model_has_roles VALUES(5,'App\Models\User',223);
INSERT INTO model_has_roles VALUES(5,'App\Models\User',224);
INSERT INTO model_has_roles VALUES(5,'App\Models\User',225);
INSERT INTO model_has_roles VALUES(5,'App\Models\User',226);
INSERT INTO model_has_roles VALUES(3,'App\Models\User',227);
INSERT INTO model_has_roles VALUES(5,'App\Models\User',228);
INSERT INTO model_has_roles VALUES(5,'App\Models\User',229);
INSERT INTO model_has_roles VALUES(5,'App\Models\User',230);
INSERT INTO model_has_roles VALUES(5,'App\Models\User',231);
INSERT INTO model_has_roles VALUES(5,'App\Models\User',232);
INSERT INTO model_has_roles VALUES(5,'App\Models\User',233);
INSERT INTO model_has_roles VALUES(5,'App\Models\User',234);
INSERT INTO model_has_roles VALUES(5,'App\Models\User',235);
INSERT INTO model_has_roles VALUES(5,'App\Models\User',236);
INSERT INTO model_has_roles VALUES(5,'App\Models\User',237);
INSERT INTO model_has_roles VALUES(3,'App\Models\User',238);
INSERT INTO model_has_roles VALUES(5,'App\Models\User',239);
INSERT INTO model_has_roles VALUES(5,'App\Models\User',240);
INSERT INTO model_has_roles VALUES(5,'App\Models\User',241);
INSERT INTO model_has_roles VALUES(5,'App\Models\User',242);
INSERT INTO model_has_roles VALUES(5,'App\Models\User',243);
INSERT INTO model_has_roles VALUES(5,'App\Models\User',244);
INSERT INTO model_has_roles VALUES(5,'App\Models\User',245);
INSERT INTO model_has_roles VALUES(5,'App\Models\User',246);
INSERT INTO model_has_roles VALUES(5,'App\Models\User',247);
INSERT INTO model_has_roles VALUES(5,'App\Models\User',248);
INSERT INTO model_has_roles VALUES(3,'App\Models\User',249);
INSERT INTO model_has_roles VALUES(5,'App\Models\User',250);
INSERT INTO model_has_roles VALUES(5,'App\Models\User',251);
INSERT INTO model_has_roles VALUES(5,'App\Models\User',252);
INSERT INTO model_has_roles VALUES(5,'App\Models\User',253);
INSERT INTO model_has_roles VALUES(5,'App\Models\User',254);
INSERT INTO model_has_roles VALUES(5,'App\Models\User',255);
INSERT INTO model_has_roles VALUES(5,'App\Models\User',256);
INSERT INTO model_has_roles VALUES(5,'App\Models\User',257);
INSERT INTO model_has_roles VALUES(5,'App\Models\User',258);
INSERT INTO model_has_roles VALUES(5,'App\Models\User',259);
INSERT INTO model_has_roles VALUES(3,'App\Models\User',260);
INSERT INTO model_has_roles VALUES(5,'App\Models\User',261);
INSERT INTO model_has_roles VALUES(5,'App\Models\User',262);
INSERT INTO model_has_roles VALUES(5,'App\Models\User',263);
INSERT INTO model_has_roles VALUES(5,'App\Models\User',264);
INSERT INTO model_has_roles VALUES(5,'App\Models\User',265);
INSERT INTO model_has_roles VALUES(5,'App\Models\User',266);
INSERT INTO model_has_roles VALUES(5,'App\Models\User',267);
INSERT INTO model_has_roles VALUES(5,'App\Models\User',268);
INSERT INTO model_has_roles VALUES(5,'App\Models\User',269);
INSERT INTO model_has_roles VALUES(5,'App\Models\User',270);
INSERT INTO model_has_roles VALUES(3,'App\Models\User',271);
INSERT INTO model_has_roles VALUES(5,'App\Models\User',272);
INSERT INTO model_has_roles VALUES(5,'App\Models\User',273);
INSERT INTO model_has_roles VALUES(5,'App\Models\User',274);
INSERT INTO model_has_roles VALUES(5,'App\Models\User',275);
INSERT INTO model_has_roles VALUES(5,'App\Models\User',276);
INSERT INTO model_has_roles VALUES(5,'App\Models\User',277);
INSERT INTO model_has_roles VALUES(5,'App\Models\User',278);
INSERT INTO model_has_roles VALUES(5,'App\Models\User',279);
INSERT INTO model_has_roles VALUES(5,'App\Models\User',280);
INSERT INTO model_has_roles VALUES(5,'App\Models\User',281);
INSERT INTO model_has_roles VALUES(3,'App\Models\User',282);
INSERT INTO model_has_roles VALUES(5,'App\Models\User',283);
INSERT INTO model_has_roles VALUES(5,'App\Models\User',284);
INSERT INTO model_has_roles VALUES(5,'App\Models\User',285);
INSERT INTO model_has_roles VALUES(5,'App\Models\User',286);
INSERT INTO model_has_roles VALUES(5,'App\Models\User',287);
INSERT INTO model_has_roles VALUES(5,'App\Models\User',288);
INSERT INTO model_has_roles VALUES(5,'App\Models\User',289);
INSERT INTO model_has_roles VALUES(5,'App\Models\User',290);
INSERT INTO model_has_roles VALUES(5,'App\Models\User',291);
INSERT INTO model_has_roles VALUES(5,'App\Models\User',292);
INSERT INTO model_has_roles VALUES(3,'App\Models\User',293);
INSERT INTO model_has_roles VALUES(5,'App\Models\User',294);
INSERT INTO model_has_roles VALUES(5,'App\Models\User',295);
INSERT INTO model_has_roles VALUES(5,'App\Models\User',296);
INSERT INTO model_has_roles VALUES(5,'App\Models\User',297);
INSERT INTO model_has_roles VALUES(5,'App\Models\User',298);
INSERT INTO model_has_roles VALUES(5,'App\Models\User',299);
INSERT INTO model_has_roles VALUES(5,'App\Models\User',300);
INSERT INTO model_has_roles VALUES(5,'App\Models\User',301);
INSERT INTO model_has_roles VALUES(5,'App\Models\User',302);
INSERT INTO model_has_roles VALUES(5,'App\Models\User',303);
INSERT INTO model_has_roles VALUES(3,'App\Models\User',304);
INSERT INTO model_has_roles VALUES(5,'App\Models\User',305);
INSERT INTO model_has_roles VALUES(5,'App\Models\User',306);
INSERT INTO model_has_roles VALUES(5,'App\Models\User',307);
INSERT INTO model_has_roles VALUES(5,'App\Models\User',308);
INSERT INTO model_has_roles VALUES(5,'App\Models\User',309);
INSERT INTO model_has_roles VALUES(5,'App\Models\User',310);
INSERT INTO model_has_roles VALUES(5,'App\Models\User',311);
INSERT INTO model_has_roles VALUES(5,'App\Models\User',312);
INSERT INTO model_has_roles VALUES(5,'App\Models\User',313);
INSERT INTO model_has_roles VALUES(5,'App\Models\User',314);
INSERT INTO model_has_roles VALUES(3,'App\Models\User',315);
INSERT INTO model_has_roles VALUES(5,'App\Models\User',316);
INSERT INTO model_has_roles VALUES(5,'App\Models\User',317);
INSERT INTO model_has_roles VALUES(5,'App\Models\User',318);
INSERT INTO model_has_roles VALUES(5,'App\Models\User',319);
INSERT INTO model_has_roles VALUES(5,'App\Models\User',320);
INSERT INTO model_has_roles VALUES(5,'App\Models\User',321);
INSERT INTO model_has_roles VALUES(5,'App\Models\User',322);
INSERT INTO model_has_roles VALUES(5,'App\Models\User',323);
INSERT INTO model_has_roles VALUES(5,'App\Models\User',324);
INSERT INTO model_has_roles VALUES(5,'App\Models\User',325);
INSERT INTO model_has_roles VALUES(3,'App\Models\User',326);
INSERT INTO model_has_roles VALUES(5,'App\Models\User',327);
INSERT INTO model_has_roles VALUES(5,'App\Models\User',328);
INSERT INTO model_has_roles VALUES(5,'App\Models\User',329);
INSERT INTO model_has_roles VALUES(5,'App\Models\User',330);
INSERT INTO model_has_roles VALUES(5,'App\Models\User',331);
INSERT INTO model_has_roles VALUES(5,'App\Models\User',332);
INSERT INTO model_has_roles VALUES(5,'App\Models\User',333);
INSERT INTO model_has_roles VALUES(5,'App\Models\User',334);
INSERT INTO model_has_roles VALUES(5,'App\Models\User',335);
INSERT INTO model_has_roles VALUES(5,'App\Models\User',336);
INSERT INTO model_has_roles VALUES(3,'App\Models\User',337);
INSERT INTO model_has_roles VALUES(5,'App\Models\User',338);
INSERT INTO model_has_roles VALUES(5,'App\Models\User',339);
INSERT INTO model_has_roles VALUES(5,'App\Models\User',340);
INSERT INTO model_has_roles VALUES(5,'App\Models\User',341);
INSERT INTO model_has_roles VALUES(5,'App\Models\User',342);
INSERT INTO model_has_roles VALUES(5,'App\Models\User',343);
INSERT INTO model_has_roles VALUES(5,'App\Models\User',344);
INSERT INTO model_has_roles VALUES(5,'App\Models\User',345);
INSERT INTO model_has_roles VALUES(5,'App\Models\User',346);
INSERT INTO model_has_roles VALUES(5,'App\Models\User',347);
INSERT INTO model_has_roles VALUES(3,'App\Models\User',348);
INSERT INTO model_has_roles VALUES(5,'App\Models\User',349);
INSERT INTO model_has_roles VALUES(5,'App\Models\User',350);
INSERT INTO model_has_roles VALUES(5,'App\Models\User',351);
INSERT INTO model_has_roles VALUES(5,'App\Models\User',352);
INSERT INTO model_has_roles VALUES(5,'App\Models\User',353);
INSERT INTO model_has_roles VALUES(5,'App\Models\User',354);
INSERT INTO model_has_roles VALUES(5,'App\Models\User',355);
INSERT INTO model_has_roles VALUES(5,'App\Models\User',356);
INSERT INTO model_has_roles VALUES(5,'App\Models\User',357);
INSERT INTO model_has_roles VALUES(5,'App\Models\User',358);
INSERT INTO model_has_roles VALUES(3,'App\Models\User',359);
INSERT INTO model_has_roles VALUES(5,'App\Models\User',360);
INSERT INTO model_has_roles VALUES(5,'App\Models\User',361);
INSERT INTO model_has_roles VALUES(5,'App\Models\User',362);
INSERT INTO model_has_roles VALUES(5,'App\Models\User',363);
INSERT INTO model_has_roles VALUES(5,'App\Models\User',364);
INSERT INTO model_has_roles VALUES(5,'App\Models\User',365);
INSERT INTO model_has_roles VALUES(5,'App\Models\User',366);
INSERT INTO model_has_roles VALUES(5,'App\Models\User',367);
INSERT INTO model_has_roles VALUES(5,'App\Models\User',368);
INSERT INTO model_has_roles VALUES(5,'App\Models\User',369);
INSERT INTO model_has_roles VALUES(3,'App\Models\User',370);
INSERT INTO model_has_roles VALUES(5,'App\Models\User',371);
INSERT INTO model_has_roles VALUES(5,'App\Models\User',372);
INSERT INTO model_has_roles VALUES(5,'App\Models\User',373);
INSERT INTO model_has_roles VALUES(5,'App\Models\User',374);
INSERT INTO model_has_roles VALUES(5,'App\Models\User',375);
INSERT INTO model_has_roles VALUES(5,'App\Models\User',376);
INSERT INTO model_has_roles VALUES(5,'App\Models\User',377);
INSERT INTO model_has_roles VALUES(5,'App\Models\User',378);
INSERT INTO model_has_roles VALUES(5,'App\Models\User',379);
INSERT INTO model_has_roles VALUES(5,'App\Models\User',380);
INSERT INTO model_has_roles VALUES(3,'App\Models\User',381);
INSERT INTO model_has_roles VALUES(5,'App\Models\User',382);
INSERT INTO model_has_roles VALUES(5,'App\Models\User',383);
INSERT INTO model_has_roles VALUES(5,'App\Models\User',384);
INSERT INTO model_has_roles VALUES(5,'App\Models\User',385);
INSERT INTO model_has_roles VALUES(5,'App\Models\User',386);
INSERT INTO model_has_roles VALUES(5,'App\Models\User',387);
INSERT INTO model_has_roles VALUES(5,'App\Models\User',388);
INSERT INTO model_has_roles VALUES(5,'App\Models\User',389);
INSERT INTO model_has_roles VALUES(5,'App\Models\User',390);
INSERT INTO model_has_roles VALUES(5,'App\Models\User',391);
INSERT INTO model_has_roles VALUES(3,'App\Models\User',392);
INSERT INTO model_has_roles VALUES(5,'App\Models\User',393);
INSERT INTO model_has_roles VALUES(5,'App\Models\User',394);
INSERT INTO model_has_roles VALUES(5,'App\Models\User',395);
INSERT INTO model_has_roles VALUES(5,'App\Models\User',396);
INSERT INTO model_has_roles VALUES(5,'App\Models\User',397);
INSERT INTO model_has_roles VALUES(5,'App\Models\User',398);
INSERT INTO model_has_roles VALUES(5,'App\Models\User',399);
INSERT INTO model_has_roles VALUES(5,'App\Models\User',400);
INSERT INTO model_has_roles VALUES(5,'App\Models\User',401);
INSERT INTO model_has_roles VALUES(5,'App\Models\User',402);
INSERT INTO model_has_roles VALUES(3,'App\Models\User',403);
INSERT INTO model_has_roles VALUES(5,'App\Models\User',404);
INSERT INTO model_has_roles VALUES(5,'App\Models\User',405);
INSERT INTO model_has_roles VALUES(5,'App\Models\User',406);
INSERT INTO model_has_roles VALUES(5,'App\Models\User',407);
INSERT INTO model_has_roles VALUES(5,'App\Models\User',408);
INSERT INTO model_has_roles VALUES(5,'App\Models\User',409);
INSERT INTO model_has_roles VALUES(5,'App\Models\User',410);
INSERT INTO model_has_roles VALUES(5,'App\Models\User',411);
INSERT INTO model_has_roles VALUES(5,'App\Models\User',412);
INSERT INTO model_has_roles VALUES(5,'App\Models\User',413);
INSERT INTO model_has_roles VALUES(3,'App\Models\User',414);
INSERT INTO model_has_roles VALUES(5,'App\Models\User',415);
INSERT INTO model_has_roles VALUES(5,'App\Models\User',416);
INSERT INTO model_has_roles VALUES(5,'App\Models\User',417);
INSERT INTO model_has_roles VALUES(5,'App\Models\User',418);
INSERT INTO model_has_roles VALUES(5,'App\Models\User',419);
INSERT INTO model_has_roles VALUES(5,'App\Models\User',420);
INSERT INTO model_has_roles VALUES(5,'App\Models\User',421);
INSERT INTO model_has_roles VALUES(5,'App\Models\User',422);
INSERT INTO model_has_roles VALUES(5,'App\Models\User',423);
INSERT INTO model_has_roles VALUES(5,'App\Models\User',424);
INSERT INTO model_has_roles VALUES(2,'App\Models\User',425);
INSERT INTO model_has_roles VALUES(2,'App\Models\User',426);
INSERT INTO model_has_roles VALUES(2,'App\Models\User',427);
INSERT INTO model_has_roles VALUES(6,'App\Models\User',428);
INSERT INTO model_has_roles VALUES(6,'App\Models\User',429);
INSERT INTO model_has_roles VALUES(6,'App\Models\User',430);
INSERT INTO model_has_roles VALUES(6,'App\Models\User',431);
INSERT INTO model_has_roles VALUES(6,'App\Models\User',432);
INSERT INTO model_has_roles VALUES(6,'App\Models\User',433);
INSERT INTO model_has_roles VALUES(6,'App\Models\User',434);
INSERT INTO model_has_roles VALUES(6,'App\Models\User',435);
INSERT INTO model_has_roles VALUES(6,'App\Models\User',436);
INSERT INTO model_has_roles VALUES(6,'App\Models\User',437);
INSERT INTO model_has_roles VALUES(6,'App\Models\User',438);
INSERT INTO model_has_roles VALUES(6,'App\Models\User',439);
INSERT INTO model_has_roles VALUES(6,'App\Models\User',440);
INSERT INTO model_has_roles VALUES(6,'App\Models\User',441);
INSERT INTO model_has_roles VALUES(6,'App\Models\User',442);
INSERT INTO model_has_roles VALUES(6,'App\Models\User',443);
INSERT INTO model_has_roles VALUES(6,'App\Models\User',444);
INSERT INTO model_has_roles VALUES(6,'App\Models\User',445);
INSERT INTO model_has_roles VALUES(6,'App\Models\User',446);
INSERT INTO model_has_roles VALUES(6,'App\Models\User',447);
INSERT INTO model_has_roles VALUES(6,'App\Models\User',448);
INSERT INTO model_has_roles VALUES(6,'App\Models\User',449);
INSERT INTO model_has_roles VALUES(6,'App\Models\User',450);
INSERT INTO model_has_roles VALUES(6,'App\Models\User',451);
INSERT INTO model_has_roles VALUES(6,'App\Models\User',452);
INSERT INTO model_has_roles VALUES(6,'App\Models\User',453);
INSERT INTO model_has_roles VALUES(6,'App\Models\User',454);
INSERT INTO model_has_roles VALUES(6,'App\Models\User',455);
INSERT INTO model_has_roles VALUES(6,'App\Models\User',456);
INSERT INTO model_has_roles VALUES(6,'App\Models\User',457);
INSERT INTO model_has_roles VALUES(6,'App\Models\User',458);
INSERT INTO model_has_roles VALUES(6,'App\Models\User',459);
INSERT INTO model_has_roles VALUES(6,'App\Models\User',460);
INSERT INTO model_has_roles VALUES(6,'App\Models\User',461);
INSERT INTO model_has_roles VALUES(6,'App\Models\User',462);
INSERT INTO model_has_roles VALUES(6,'App\Models\User',463);
INSERT INTO model_has_roles VALUES(6,'App\Models\User',464);
INSERT INTO model_has_roles VALUES(6,'App\Models\User',465);
INSERT INTO model_has_roles VALUES(6,'App\Models\User',466);
INSERT INTO model_has_roles VALUES(6,'App\Models\User',467);
INSERT INTO model_has_roles VALUES(6,'App\Models\User',468);
INSERT INTO model_has_roles VALUES(6,'App\Models\User',469);
INSERT INTO model_has_roles VALUES(6,'App\Models\User',470);
INSERT INTO model_has_roles VALUES(6,'App\Models\User',471);
INSERT INTO model_has_roles VALUES(6,'App\Models\User',472);
INSERT INTO model_has_roles VALUES(6,'App\Models\User',473);
INSERT INTO model_has_roles VALUES(6,'App\Models\User',474);
INSERT INTO model_has_roles VALUES(6,'App\Models\User',475);
INSERT INTO model_has_roles VALUES(6,'App\Models\User',476);
INSERT INTO model_has_roles VALUES(6,'App\Models\User',477);
INSERT INTO model_has_roles VALUES(6,'App\Models\User',478);
INSERT INTO model_has_roles VALUES(6,'App\Models\User',479);
INSERT INTO model_has_roles VALUES(6,'App\Models\User',480);
INSERT INTO model_has_roles VALUES(6,'App\Models\User',481);
INSERT INTO model_has_roles VALUES(6,'App\Models\User',482);
INSERT INTO model_has_roles VALUES(6,'App\Models\User',483);
INSERT INTO model_has_roles VALUES(6,'App\Models\User',484);
INSERT INTO model_has_roles VALUES(6,'App\Models\User',485);
INSERT INTO model_has_roles VALUES(6,'App\Models\User',486);
INSERT INTO model_has_roles VALUES(6,'App\Models\User',487);
INSERT INTO model_has_roles VALUES(6,'App\Models\User',488);
INSERT INTO model_has_roles VALUES(6,'App\Models\User',489);
INSERT INTO model_has_roles VALUES(6,'App\Models\User',490);
INSERT INTO model_has_roles VALUES(6,'App\Models\User',491);
INSERT INTO model_has_roles VALUES(6,'App\Models\User',492);
INSERT INTO model_has_roles VALUES(6,'App\Models\User',493);
INSERT INTO model_has_roles VALUES(6,'App\Models\User',494);
INSERT INTO model_has_roles VALUES(6,'App\Models\User',495);
INSERT INTO model_has_roles VALUES(6,'App\Models\User',496);
INSERT INTO model_has_roles VALUES(6,'App\Models\User',497);
INSERT INTO model_has_roles VALUES(6,'App\Models\User',498);
INSERT INTO model_has_roles VALUES(6,'App\Models\User',499);
INSERT INTO model_has_roles VALUES(6,'App\Models\User',500);
INSERT INTO model_has_roles VALUES(6,'App\Models\User',501);
INSERT INTO model_has_roles VALUES(6,'App\Models\User',502);
INSERT INTO model_has_roles VALUES(6,'App\Models\User',503);
INSERT INTO model_has_roles VALUES(6,'App\Models\User',504);
INSERT INTO model_has_roles VALUES(6,'App\Models\User',505);
INSERT INTO model_has_roles VALUES(6,'App\Models\User',506);
INSERT INTO model_has_roles VALUES(6,'App\Models\User',507);
INSERT INTO model_has_roles VALUES(6,'App\Models\User',508);
INSERT INTO model_has_roles VALUES(6,'App\Models\User',509);
INSERT INTO model_has_roles VALUES(6,'App\Models\User',510);
INSERT INTO model_has_roles VALUES(6,'App\Models\User',511);
INSERT INTO model_has_roles VALUES(6,'App\Models\User',512);
INSERT INTO model_has_roles VALUES(6,'App\Models\User',513);
INSERT INTO model_has_roles VALUES(6,'App\Models\User',514);
INSERT INTO model_has_roles VALUES(6,'App\Models\User',515);
INSERT INTO model_has_roles VALUES(6,'App\Models\User',516);
INSERT INTO model_has_roles VALUES(6,'App\Models\User',517);
INSERT INTO model_has_roles VALUES(3,'App\Models\User',518);
INSERT INTO model_has_roles VALUES(5,'App\Models\User',519);
INSERT INTO model_has_roles VALUES(5,'App\Models\User',520);
INSERT INTO model_has_roles VALUES(5,'App\Models\User',521);
INSERT INTO model_has_roles VALUES(5,'App\Models\User',522);
INSERT INTO model_has_roles VALUES(5,'App\Models\User',523);
INSERT INTO model_has_roles VALUES(5,'App\Models\User',524);
INSERT INTO model_has_roles VALUES(5,'App\Models\User',525);
INSERT INTO model_has_roles VALUES(5,'App\Models\User',526);
INSERT INTO model_has_roles VALUES(5,'App\Models\User',527);
INSERT INTO model_has_roles VALUES(5,'App\Models\User',528);
INSERT INTO model_has_roles VALUES(3,'App\Models\User',529);
INSERT INTO model_has_roles VALUES(5,'App\Models\User',530);
INSERT INTO model_has_roles VALUES(5,'App\Models\User',531);
INSERT INTO model_has_roles VALUES(5,'App\Models\User',532);
INSERT INTO model_has_roles VALUES(5,'App\Models\User',533);
INSERT INTO model_has_roles VALUES(5,'App\Models\User',534);
INSERT INTO model_has_roles VALUES(5,'App\Models\User',535);
INSERT INTO model_has_roles VALUES(5,'App\Models\User',536);
INSERT INTO model_has_roles VALUES(5,'App\Models\User',537);
INSERT INTO model_has_roles VALUES(5,'App\Models\User',538);
INSERT INTO model_has_roles VALUES(5,'App\Models\User',539);
INSERT INTO model_has_roles VALUES(3,'App\Models\User',540);
INSERT INTO model_has_roles VALUES(5,'App\Models\User',541);
INSERT INTO model_has_roles VALUES(5,'App\Models\User',542);
INSERT INTO model_has_roles VALUES(5,'App\Models\User',543);
INSERT INTO model_has_roles VALUES(5,'App\Models\User',544);
INSERT INTO model_has_roles VALUES(5,'App\Models\User',545);
INSERT INTO model_has_roles VALUES(5,'App\Models\User',546);
INSERT INTO model_has_roles VALUES(5,'App\Models\User',547);
INSERT INTO model_has_roles VALUES(5,'App\Models\User',548);
INSERT INTO model_has_roles VALUES(5,'App\Models\User',549);
INSERT INTO model_has_roles VALUES(5,'App\Models\User',550);
INSERT INTO model_has_roles VALUES(3,'App\Models\User',551);
INSERT INTO model_has_roles VALUES(5,'App\Models\User',552);
INSERT INTO model_has_roles VALUES(5,'App\Models\User',553);
INSERT INTO model_has_roles VALUES(5,'App\Models\User',554);
INSERT INTO model_has_roles VALUES(5,'App\Models\User',555);
INSERT INTO model_has_roles VALUES(5,'App\Models\User',556);
INSERT INTO model_has_roles VALUES(5,'App\Models\User',557);
INSERT INTO model_has_roles VALUES(5,'App\Models\User',558);
INSERT INTO model_has_roles VALUES(5,'App\Models\User',559);
INSERT INTO model_has_roles VALUES(5,'App\Models\User',560);
INSERT INTO model_has_roles VALUES(5,'App\Models\User',561);
INSERT INTO model_has_roles VALUES(3,'App\Models\User',562);
INSERT INTO model_has_roles VALUES(5,'App\Models\User',563);
INSERT INTO model_has_roles VALUES(5,'App\Models\User',564);
INSERT INTO model_has_roles VALUES(5,'App\Models\User',565);
INSERT INTO model_has_roles VALUES(5,'App\Models\User',566);
INSERT INTO model_has_roles VALUES(5,'App\Models\User',567);
INSERT INTO model_has_roles VALUES(5,'App\Models\User',568);
INSERT INTO model_has_roles VALUES(5,'App\Models\User',569);
INSERT INTO model_has_roles VALUES(5,'App\Models\User',570);
INSERT INTO model_has_roles VALUES(5,'App\Models\User',571);
INSERT INTO model_has_roles VALUES(5,'App\Models\User',572);
INSERT INTO model_has_roles VALUES(3,'App\Models\User',573);
INSERT INTO model_has_roles VALUES(5,'App\Models\User',574);
INSERT INTO model_has_roles VALUES(5,'App\Models\User',575);
INSERT INTO model_has_roles VALUES(5,'App\Models\User',576);
INSERT INTO model_has_roles VALUES(5,'App\Models\User',577);
INSERT INTO model_has_roles VALUES(5,'App\Models\User',578);
INSERT INTO model_has_roles VALUES(5,'App\Models\User',579);
INSERT INTO model_has_roles VALUES(5,'App\Models\User',580);
INSERT INTO model_has_roles VALUES(5,'App\Models\User',581);
INSERT INTO model_has_roles VALUES(5,'App\Models\User',582);
INSERT INTO model_has_roles VALUES(5,'App\Models\User',583);
INSERT INTO model_has_roles VALUES(3,'App\Models\User',584);
INSERT INTO model_has_roles VALUES(5,'App\Models\User',585);
INSERT INTO model_has_roles VALUES(5,'App\Models\User',586);
INSERT INTO model_has_roles VALUES(5,'App\Models\User',587);
INSERT INTO model_has_roles VALUES(5,'App\Models\User',588);
INSERT INTO model_has_roles VALUES(5,'App\Models\User',589);
INSERT INTO model_has_roles VALUES(5,'App\Models\User',590);
INSERT INTO model_has_roles VALUES(5,'App\Models\User',591);
INSERT INTO model_has_roles VALUES(5,'App\Models\User',592);
INSERT INTO model_has_roles VALUES(5,'App\Models\User',593);
INSERT INTO model_has_roles VALUES(5,'App\Models\User',594);
INSERT INTO model_has_roles VALUES(3,'App\Models\User',595);
INSERT INTO model_has_roles VALUES(5,'App\Models\User',596);
INSERT INTO model_has_roles VALUES(5,'App\Models\User',597);
INSERT INTO model_has_roles VALUES(5,'App\Models\User',598);
INSERT INTO model_has_roles VALUES(5,'App\Models\User',599);
INSERT INTO model_has_roles VALUES(5,'App\Models\User',600);
INSERT INTO model_has_roles VALUES(5,'App\Models\User',601);
INSERT INTO model_has_roles VALUES(5,'App\Models\User',602);
INSERT INTO model_has_roles VALUES(5,'App\Models\User',603);
INSERT INTO model_has_roles VALUES(5,'App\Models\User',604);
INSERT INTO model_has_roles VALUES(5,'App\Models\User',605);
INSERT INTO model_has_roles VALUES(3,'App\Models\User',606);
INSERT INTO model_has_roles VALUES(5,'App\Models\User',607);
INSERT INTO model_has_roles VALUES(5,'App\Models\User',608);
INSERT INTO model_has_roles VALUES(5,'App\Models\User',609);
INSERT INTO model_has_roles VALUES(5,'App\Models\User',610);
INSERT INTO model_has_roles VALUES(5,'App\Models\User',611);
INSERT INTO model_has_roles VALUES(5,'App\Models\User',612);
INSERT INTO model_has_roles VALUES(5,'App\Models\User',613);
INSERT INTO model_has_roles VALUES(5,'App\Models\User',614);
INSERT INTO model_has_roles VALUES(5,'App\Models\User',615);
INSERT INTO model_has_roles VALUES(5,'App\Models\User',616);
INSERT INTO model_has_roles VALUES(3,'App\Models\User',617);
INSERT INTO model_has_roles VALUES(5,'App\Models\User',618);
INSERT INTO model_has_roles VALUES(5,'App\Models\User',619);
INSERT INTO model_has_roles VALUES(5,'App\Models\User',620);
INSERT INTO model_has_roles VALUES(5,'App\Models\User',621);
INSERT INTO model_has_roles VALUES(5,'App\Models\User',622);
INSERT INTO model_has_roles VALUES(5,'App\Models\User',623);
INSERT INTO model_has_roles VALUES(5,'App\Models\User',624);
INSERT INTO model_has_roles VALUES(5,'App\Models\User',625);
INSERT INTO model_has_roles VALUES(5,'App\Models\User',626);
INSERT INTO model_has_roles VALUES(5,'App\Models\User',627);
INSERT INTO model_has_roles VALUES(3,'App\Models\User',628);
INSERT INTO model_has_roles VALUES(5,'App\Models\User',629);
INSERT INTO model_has_roles VALUES(5,'App\Models\User',630);
INSERT INTO model_has_roles VALUES(5,'App\Models\User',631);
INSERT INTO model_has_roles VALUES(5,'App\Models\User',632);
INSERT INTO model_has_roles VALUES(5,'App\Models\User',633);
INSERT INTO model_has_roles VALUES(5,'App\Models\User',634);
INSERT INTO model_has_roles VALUES(5,'App\Models\User',635);
INSERT INTO model_has_roles VALUES(5,'App\Models\User',636);
INSERT INTO model_has_roles VALUES(5,'App\Models\User',637);
INSERT INTO model_has_roles VALUES(5,'App\Models\User',638);
INSERT INTO model_has_roles VALUES(3,'App\Models\User',639);
INSERT INTO model_has_roles VALUES(5,'App\Models\User',640);
INSERT INTO model_has_roles VALUES(5,'App\Models\User',641);
INSERT INTO model_has_roles VALUES(5,'App\Models\User',642);
INSERT INTO model_has_roles VALUES(5,'App\Models\User',643);
INSERT INTO model_has_roles VALUES(5,'App\Models\User',644);
INSERT INTO model_has_roles VALUES(5,'App\Models\User',645);
INSERT INTO model_has_roles VALUES(5,'App\Models\User',646);
INSERT INTO model_has_roles VALUES(5,'App\Models\User',647);
INSERT INTO model_has_roles VALUES(5,'App\Models\User',648);
INSERT INTO model_has_roles VALUES(5,'App\Models\User',649);
INSERT INTO model_has_roles VALUES(3,'App\Models\User',650);
INSERT INTO model_has_roles VALUES(5,'App\Models\User',651);
INSERT INTO model_has_roles VALUES(5,'App\Models\User',652);
INSERT INTO model_has_roles VALUES(5,'App\Models\User',653);
INSERT INTO model_has_roles VALUES(5,'App\Models\User',654);
INSERT INTO model_has_roles VALUES(5,'App\Models\User',655);
INSERT INTO model_has_roles VALUES(5,'App\Models\User',656);
INSERT INTO model_has_roles VALUES(5,'App\Models\User',657);
INSERT INTO model_has_roles VALUES(5,'App\Models\User',658);
INSERT INTO model_has_roles VALUES(5,'App\Models\User',659);
INSERT INTO model_has_roles VALUES(5,'App\Models\User',660);
INSERT INTO model_has_roles VALUES(3,'App\Models\User',661);
INSERT INTO model_has_roles VALUES(5,'App\Models\User',662);
INSERT INTO model_has_roles VALUES(5,'App\Models\User',663);
INSERT INTO model_has_roles VALUES(5,'App\Models\User',664);
INSERT INTO model_has_roles VALUES(5,'App\Models\User',665);
INSERT INTO model_has_roles VALUES(5,'App\Models\User',666);
INSERT INTO model_has_roles VALUES(5,'App\Models\User',667);
INSERT INTO model_has_roles VALUES(5,'App\Models\User',668);
INSERT INTO model_has_roles VALUES(5,'App\Models\User',669);
INSERT INTO model_has_roles VALUES(5,'App\Models\User',670);
INSERT INTO model_has_roles VALUES(5,'App\Models\User',671);
INSERT INTO model_has_roles VALUES(3,'App\Models\User',672);
INSERT INTO model_has_roles VALUES(5,'App\Models\User',673);
INSERT INTO model_has_roles VALUES(5,'App\Models\User',674);
INSERT INTO model_has_roles VALUES(5,'App\Models\User',675);
INSERT INTO model_has_roles VALUES(5,'App\Models\User',676);
INSERT INTO model_has_roles VALUES(5,'App\Models\User',677);
INSERT INTO model_has_roles VALUES(5,'App\Models\User',678);
INSERT INTO model_has_roles VALUES(5,'App\Models\User',679);
INSERT INTO model_has_roles VALUES(5,'App\Models\User',680);
INSERT INTO model_has_roles VALUES(5,'App\Models\User',681);
INSERT INTO model_has_roles VALUES(5,'App\Models\User',682);
INSERT INTO model_has_roles VALUES(3,'App\Models\User',683);
INSERT INTO model_has_roles VALUES(5,'App\Models\User',684);
INSERT INTO model_has_roles VALUES(5,'App\Models\User',685);
INSERT INTO model_has_roles VALUES(5,'App\Models\User',686);
INSERT INTO model_has_roles VALUES(5,'App\Models\User',687);
INSERT INTO model_has_roles VALUES(5,'App\Models\User',688);
INSERT INTO model_has_roles VALUES(5,'App\Models\User',689);
INSERT INTO model_has_roles VALUES(5,'App\Models\User',690);
INSERT INTO model_has_roles VALUES(5,'App\Models\User',691);
INSERT INTO model_has_roles VALUES(5,'App\Models\User',692);
INSERT INTO model_has_roles VALUES(5,'App\Models\User',693);
INSERT INTO model_has_roles VALUES(3,'App\Models\User',694);
INSERT INTO model_has_roles VALUES(5,'App\Models\User',695);
INSERT INTO model_has_roles VALUES(5,'App\Models\User',696);
INSERT INTO model_has_roles VALUES(5,'App\Models\User',697);
INSERT INTO model_has_roles VALUES(5,'App\Models\User',698);
INSERT INTO model_has_roles VALUES(5,'App\Models\User',699);
INSERT INTO model_has_roles VALUES(5,'App\Models\User',700);
INSERT INTO model_has_roles VALUES(5,'App\Models\User',701);
INSERT INTO model_has_roles VALUES(5,'App\Models\User',702);
INSERT INTO model_has_roles VALUES(5,'App\Models\User',703);
INSERT INTO model_has_roles VALUES(5,'App\Models\User',704);
INSERT INTO model_has_roles VALUES(3,'App\Models\User',705);
INSERT INTO model_has_roles VALUES(5,'App\Models\User',706);
INSERT INTO model_has_roles VALUES(5,'App\Models\User',707);
INSERT INTO model_has_roles VALUES(5,'App\Models\User',708);
INSERT INTO model_has_roles VALUES(5,'App\Models\User',709);
CREATE TABLE IF NOT EXISTS "role_has_permissions" ("permission_id" integer not null, "role_id" integer not null, foreign key("permission_id") references "permissions"("id") on delete cascade, foreign key("role_id") references "roles"("id") on delete cascade, primary key ("permission_id", "role_id"));
INSERT INTO role_has_permissions VALUES(1,1);
INSERT INTO role_has_permissions VALUES(2,1);
INSERT INTO role_has_permissions VALUES(3,1);
INSERT INTO role_has_permissions VALUES(4,1);
INSERT INTO role_has_permissions VALUES(5,1);
INSERT INTO role_has_permissions VALUES(6,1);
INSERT INTO role_has_permissions VALUES(7,1);
INSERT INTO role_has_permissions VALUES(8,1);
INSERT INTO role_has_permissions VALUES(9,1);
INSERT INTO role_has_permissions VALUES(10,1);
INSERT INTO role_has_permissions VALUES(11,1);
INSERT INTO role_has_permissions VALUES(12,1);
INSERT INTO role_has_permissions VALUES(13,1);
INSERT INTO role_has_permissions VALUES(14,1);
INSERT INTO role_has_permissions VALUES(15,1);
INSERT INTO role_has_permissions VALUES(16,1);
INSERT INTO role_has_permissions VALUES(17,1);
INSERT INTO role_has_permissions VALUES(18,1);
INSERT INTO role_has_permissions VALUES(19,1);
INSERT INTO role_has_permissions VALUES(20,1);
INSERT INTO role_has_permissions VALUES(21,1);
INSERT INTO role_has_permissions VALUES(22,1);
INSERT INTO role_has_permissions VALUES(23,1);
INSERT INTO role_has_permissions VALUES(24,1);
INSERT INTO role_has_permissions VALUES(25,1);
INSERT INTO role_has_permissions VALUES(26,1);
INSERT INTO role_has_permissions VALUES(27,1);
INSERT INTO role_has_permissions VALUES(28,1);
INSERT INTO role_has_permissions VALUES(29,1);
INSERT INTO role_has_permissions VALUES(30,1);
INSERT INTO role_has_permissions VALUES(31,1);
INSERT INTO role_has_permissions VALUES(32,1);
INSERT INTO role_has_permissions VALUES(33,1);
INSERT INTO role_has_permissions VALUES(34,1);
INSERT INTO role_has_permissions VALUES(35,1);
INSERT INTO role_has_permissions VALUES(36,1);
INSERT INTO role_has_permissions VALUES(37,1);
INSERT INTO role_has_permissions VALUES(38,1);
INSERT INTO role_has_permissions VALUES(39,1);
INSERT INTO role_has_permissions VALUES(40,1);
INSERT INTO role_has_permissions VALUES(41,1);
INSERT INTO role_has_permissions VALUES(42,1);
INSERT INTO role_has_permissions VALUES(43,1);
INSERT INTO role_has_permissions VALUES(44,1);
INSERT INTO role_has_permissions VALUES(45,1);
INSERT INTO role_has_permissions VALUES(46,1);
INSERT INTO role_has_permissions VALUES(47,1);
INSERT INTO role_has_permissions VALUES(48,1);
INSERT INTO role_has_permissions VALUES(1,2);
INSERT INTO role_has_permissions VALUES(2,2);
INSERT INTO role_has_permissions VALUES(3,2);
INSERT INTO role_has_permissions VALUES(4,2);
INSERT INTO role_has_permissions VALUES(5,2);
INSERT INTO role_has_permissions VALUES(6,2);
INSERT INTO role_has_permissions VALUES(7,2);
INSERT INTO role_has_permissions VALUES(8,2);
INSERT INTO role_has_permissions VALUES(9,2);
INSERT INTO role_has_permissions VALUES(10,2);
INSERT INTO role_has_permissions VALUES(11,2);
INSERT INTO role_has_permissions VALUES(12,2);
INSERT INTO role_has_permissions VALUES(13,2);
INSERT INTO role_has_permissions VALUES(14,2);
INSERT INTO role_has_permissions VALUES(15,2);
INSERT INTO role_has_permissions VALUES(16,2);
INSERT INTO role_has_permissions VALUES(17,2);
INSERT INTO role_has_permissions VALUES(18,2);
INSERT INTO role_has_permissions VALUES(19,2);
INSERT INTO role_has_permissions VALUES(20,2);
INSERT INTO role_has_permissions VALUES(21,2);
INSERT INTO role_has_permissions VALUES(22,2);
INSERT INTO role_has_permissions VALUES(23,2);
INSERT INTO role_has_permissions VALUES(24,2);
INSERT INTO role_has_permissions VALUES(25,2);
INSERT INTO role_has_permissions VALUES(26,2);
INSERT INTO role_has_permissions VALUES(27,2);
INSERT INTO role_has_permissions VALUES(28,2);
INSERT INTO role_has_permissions VALUES(29,2);
INSERT INTO role_has_permissions VALUES(30,2);
INSERT INTO role_has_permissions VALUES(31,2);
INSERT INTO role_has_permissions VALUES(32,2);
INSERT INTO role_has_permissions VALUES(35,2);
INSERT INTO role_has_permissions VALUES(36,2);
INSERT INTO role_has_permissions VALUES(37,2);
INSERT INTO role_has_permissions VALUES(38,2);
INSERT INTO role_has_permissions VALUES(39,2);
INSERT INTO role_has_permissions VALUES(40,2);
INSERT INTO role_has_permissions VALUES(41,2);
INSERT INTO role_has_permissions VALUES(42,2);
INSERT INTO role_has_permissions VALUES(43,2);
INSERT INTO role_has_permissions VALUES(44,2);
INSERT INTO role_has_permissions VALUES(45,2);
INSERT INTO role_has_permissions VALUES(46,2);
INSERT INTO role_has_permissions VALUES(47,2);
INSERT INTO role_has_permissions VALUES(48,2);
INSERT INTO role_has_permissions VALUES(2,3);
INSERT INTO role_has_permissions VALUES(18,3);
INSERT INTO role_has_permissions VALUES(19,3);
INSERT INTO role_has_permissions VALUES(20,3);
INSERT INTO role_has_permissions VALUES(22,3);
INSERT INTO role_has_permissions VALUES(23,3);
INSERT INTO role_has_permissions VALUES(25,3);
INSERT INTO role_has_permissions VALUES(24,3);
INSERT INTO role_has_permissions VALUES(28,3);
INSERT INTO role_has_permissions VALUES(29,3);
INSERT INTO role_has_permissions VALUES(35,3);
INSERT INTO role_has_permissions VALUES(37,3);
INSERT INTO role_has_permissions VALUES(40,3);
INSERT INTO role_has_permissions VALUES(42,3);
INSERT INTO role_has_permissions VALUES(44,3);
INSERT INTO role_has_permissions VALUES(45,3);
INSERT INTO role_has_permissions VALUES(46,3);
INSERT INTO role_has_permissions VALUES(47,3);
INSERT INTO role_has_permissions VALUES(2,5);
INSERT INTO role_has_permissions VALUES(19,5);
INSERT INTO role_has_permissions VALUES(22,5);
INSERT INTO role_has_permissions VALUES(23,5);
INSERT INTO role_has_permissions VALUES(25,5);
INSERT INTO role_has_permissions VALUES(29,5);
INSERT INTO role_has_permissions VALUES(37,5);
INSERT INTO role_has_permissions VALUES(46,5);
INSERT INTO role_has_permissions VALUES(22,6);
INSERT INTO role_has_permissions VALUES(23,6);
INSERT INTO role_has_permissions VALUES(25,6);
INSERT INTO role_has_permissions VALUES(15,6);
INSERT INTO role_has_permissions VALUES(46,6);
CREATE TABLE IF NOT EXISTS "activity_log" ("id" integer primary key autoincrement not null, "log_name" varchar, "description" text not null, "subject_type" varchar, "subject_id" integer, "causer_type" varchar, "causer_id" integer, "properties" text, "created_at" datetime, "updated_at" datetime, "event" varchar, "batch_uuid" varchar);
CREATE TABLE IF NOT EXISTS "team_functions" ("id" integer primary key autoincrement not null, "team_id" integer not null, "function" text not null default '{report:true}', "created_at" datetime, "updated_at" datetime, foreign key("team_id") references "teams"("id") on delete cascade);
CREATE TABLE IF NOT EXISTS "media" ("id" integer primary key autoincrement not null, "model_type" varchar not null, "model_id" integer not null, "uuid" varchar, "collection_name" varchar not null, "name" varchar not null, "file_name" varchar not null, "mime_type" varchar, "disk" varchar not null, "conversions_disk" varchar, "size" integer not null, "manipulations" text not null, "custom_properties" text not null, "generated_conversions" text not null, "responsive_images" text not null, "order_column" integer, "created_at" datetime, "updated_at" datetime);
CREATE TABLE IF NOT EXISTS "chapter_settings" ("id" integer primary key autoincrement not null, "chapter_id" integer not null, "name" varchar, "tagline" varchar, "logo" varchar, "banner_image" varchar, "address" varchar, "city" varchar, "state" varchar, "country" varchar, "phone" varchar, "alt_phone" varchar, "email" varchar, "map_location" varchar, "service_times" text, "special_events" text, "social_links" text, "livestream_url" varchar, "giving_url" varchar, "extras" text, "created_at" datetime, "updated_at" datetime, foreign key("chapter_id") references "chapters"("id") on delete cascade);
INSERT INTO chapter_settings VALUES(1,1,'Calabar Branch','Quod quaerat nihil reiciendis assumenda eveniet.','https://via.placeholder.com/200x200.png/000099?text=veniam','https://via.placeholder.com/800x400.png/0055cc?text=ipsa','405 Edwin Port','North Noemiehaven','Iowa','Lithuania','(740) 224-6089',NULL,'chadd74@example.com','http://www.cremin.com/nihil-voluptatem-excepturi-iusto-aliquam-laudantium-sint','"[{\"day\":\"Sunday\",\"time\":\"9AM\"},{\"day\":\"Wednesday\",\"time\":\"6PM\"}]"',NULL,'"{\"facebook\":\"http:\\\/\\\/www.muller.com\\\/est-ut-perferendis-neque\",\"youtube\":\"http:\\\/\\\/schuster.info\\\/exercitationem-laudantium-temporibus-et-et-fugiat-natus-dolores\"}"',NULL,NULL,NULL,'2026-01-04 23:33:34','2026-01-04 23:33:34');
INSERT INTO chapter_settings VALUES(2,2,'Lagos','Eligendi incidunt quisquam ex recusandae asperiores.','https://via.placeholder.com/200x200.png/00bb22?text=eligendi','https://via.placeholder.com/800x400.png/009922?text=similique','80875 Turcotte Islands Suite 015','Doylehaven','Minnesota','Benin','719.234.6304',NULL,'adams.dion@example.org','https://www.weber.info/blanditiis-necessitatibus-voluptatum-aut-repellat-nihil-porro-mollitia','"[{\"day\":\"Sunday\",\"time\":\"9AM\"},{\"day\":\"Wednesday\",\"time\":\"6PM\"}]"',NULL,'"{\"facebook\":\"http:\\\/\\\/luettgen.com\\\/numquam-odio-omnis-tempore-voluptatibus-exercitationem-quis\",\"youtube\":\"http:\\\/\\\/www.bode.org\\\/cumque-praesentium-ad-occaecati-nam-aperiam-laborum-sed.html\"}"',NULL,NULL,NULL,'2026-01-04 23:33:35','2026-01-04 23:33:35');
INSERT INTO chapter_settings VALUES(3,3,'DOXA CITY HEADQUARTERS','Ut mollitia aperiam itaque et sed.','https://via.placeholder.com/200x200.png/009900?text=nulla','https://via.placeholder.com/800x400.png/0044bb?text=tempora','571 Rodriguez Island','East Hayliechester','Idaho','Papua New Guinea','+1.214.548.1267',NULL,'art.konopelski@example.com','http://ward.com/maiores-aut-impedit-ut-eum-libero.html','"[{\"day\":\"Sunday\",\"time\":\"9AM\"},{\"day\":\"Wednesday\",\"time\":\"6PM\"}]"',NULL,'"{\"facebook\":\"http:\\\/\\\/www.langworth.com\\\/culpa-animi-sed-qui-quos-aspernatur-non-optio\",\"youtube\":\"http:\\\/\\\/kuvalis.com\\\/fugiat-sit-eum-animi-corporis-perferendis-aut-omnis\"}"',NULL,NULL,NULL,'2026-01-04 23:33:36','2026-01-04 23:33:36');
CREATE TABLE IF NOT EXISTS "global_settings" ("id" integer primary key autoincrement not null, "church_name" varchar, "denomination" varchar, "tagline" varchar, "logo" varchar, "favicon" varchar, "banner_image" varchar, "livestream_url" varchar, "podcast_url" varchar, "giving_url" varchar, "social_links" text, "meta_title" varchar, "meta_description" text, "meta_keywords" text, "extras" text, "created_at" datetime, "updated_at" datetime, "address" varchar, "phone" varchar, "email" varchar);
INSERT INTO global_settings VALUES(1,NULL,NULL,NULL,NULL,NULL,NULL,NULL,NULL,NULL,NULL,NULL,NULL,NULL,NULL,'2026-01-05 22:28:31','2026-01-05 22:28:31','123 Faith Street, Grace City','+1234567890','info@doxachurch.org');
CREATE TABLE IF NOT EXISTS "services" ("id" integer primary key autoincrement not null, "chapter_id" integer not null, "name" varchar not null, "day_of_week" varchar, "start_time" time, "end_time" time, "is_recurring" tinyint(1) not null default '1', "special_date" date, "location" varchar, "livestream_url" varchar, "message_url" varchar, "description" text, "created_at" datetime, "updated_at" datetime, foreign key("chapter_id") references "chapters"("id") on delete cascade);
CREATE TABLE IF NOT EXISTS "church_reports" ("id" integer primary key autoincrement not null, "report_date" date not null, "title" varchar not null, "description" text, "event_type" varchar, "level" varchar check ("level" in ('team', 'chapter', 'hq')) not null default 'team', "chapter_id" integer, "team_id" integer, "created_by" integer, "created_at" datetime, "updated_at" datetime, foreign key("chapter_id") references "chapters"("id") on delete set null, foreign key("team_id") references "teams"("id") on delete set null, foreign key("created_by") references "users"("id") on delete set null);
CREATE TABLE IF NOT EXISTS "finances" ("id" integer primary key autoincrement not null, "type" varchar not null, "amount" numeric not null, "description" text, "date" date not null, "team_id" integer not null, "user_id" integer not null, "chapter_id" integer not null, "category" varchar, "reference" varchar, "receipt" varchar, "created_at" datetime, "updated_at" datetime, "deleted_at" datetime, foreign key("team_id") references "teams"("id") on delete cascade, foreign key("user_id") references "users"("id") on delete cascade, foreign key("chapter_id") references "chapters"("id") on delete cascade);
CREATE TABLE IF NOT EXISTS "attendance" ("id" integer primary key autoincrement not null, "event_name" varchar not null, "date" date not null, "attendee_count" integer not null, "notes" text, "team_id" integer not null, "chapter_id" integer not null, "user_id" integer not null, "event_type" varchar, "location" varchar, "created_at" datetime, "updated_at" datetime, "deleted_at" datetime, foreign key("team_id") references "teams"("id") on delete cascade, foreign key("chapter_id") references "chapters"("id") on delete cascade, foreign key("user_id") references "users"("id") on delete cascade);
CREATE TABLE IF NOT EXISTS "minutes" ("id" integer primary key autoincrement not null, "title" varchar not null, "content" text not null, "meeting_date" date not null, "team_id" integer not null, "user_id" integer not null, "chapter_id" integer not null, "status" varchar not null default 'draft', "attendees" text, "location" varchar, "created_at" datetime, "updated_at" datetime, "deleted_at" datetime, foreign key("team_id") references "teams"("id") on delete cascade, foreign key("user_id") references "users"("id") on delete cascade, foreign key("chapter_id") references "chapters"("id") on delete cascade);
CREATE TABLE IF NOT EXISTS "appointment_reports" ("id" integer primary key autoincrement not null, "appointment_id" integer not null, "title" varchar not null, "summary" text, "date" date not null, "team_id" integer not null, "chapter_id" integer not null, "user_id" integer not null, "report_file_path" varchar, "status" varchar not null default 'draft', "notes" text, "created_at" datetime, "updated_at" datetime, "deleted_at" datetime, foreign key("appointment_id") references "appointments"("id") on delete cascade, foreign key("team_id") references "teams"("id") on delete cascade, foreign key("chapter_id") references "chapters"("id") on delete cascade, foreign key("user_id") references "users"("id") on delete cascade);
CREATE TABLE IF NOT EXISTS "finance_reports" ("id" integer primary key autoincrement not null, "finance_id" integer not null, "title" varchar not null, "summary" text, "date" date not null, "team_id" integer not null, "chapter_id" integer not null, "user_id" integer not null, "status" varchar not null default 'draft', "notes" text, "created_at" datetime, "updated_at" datetime, "deleted_at" datetime, foreign key("finance_id") references "finances"("id") on delete cascade, foreign key("team_id") references "teams"("id") on delete cascade, foreign key("chapter_id") references "chapters"("id") on delete cascade, foreign key("user_id") references "users"("id") on delete cascade);
CREATE TABLE IF NOT EXISTS "attendance_reports" ("id" integer primary key autoincrement not null, "attendance_id" integer not null, "title" varchar not null, "summary" text, "date" date not null, "team_id" integer not null, "chapter_id" integer not null, "user_id" integer not null, "status" varchar not null default 'draft', "notes" text, "created_at" datetime, "updated_at" datetime, "deleted_at" datetime, foreign key("attendance_id") references "attendance"("id") on delete cascade, foreign key("team_id") references "teams"("id") on delete cascade, foreign key("chapter_id") references "chapters"("id") on delete cascade, foreign key("user_id") references "users"("id") on delete cascade);
CREATE TABLE IF NOT EXISTS "reports" ("id" integer primary key autoincrement not null, "report_date" date not null, "title" varchar not null, "description" text, "event_type" varchar, "report_path" varchar, "report" text, "level" varchar check ("level" in ('team', 'chapter', 'hq')) not null default 'team', "chapter_id" integer, "team_id" integer, "created_by" integer, "deleted_at" datetime, "created_at" datetime, "updated_at" datetime, "status" varchar not null default 'submitted', "report_data" text, foreign key("chapter_id") references "chapters"("id") on delete set null, foreign key("team_id") references "teams"("id") on delete set null, foreign key("created_by") references "users"("id") on delete set null);
INSERT INTO reports VALUES(1,'2025-09-12 18:25:17','Laboriosam dolores et nam.','Veniam nostrum sit rem unde aliquam. Est voluptatem accusamus corporis sit. Odit tempora architecto quia maxime est laboriosam autem.','service',NULL,NULL,'team',NULL,1,NULL,NULL,'2025-11-24 03:12:05','2025-11-24 03:12:05','submitted',NULL);
INSERT INTO reports VALUES(2,'2025-10-24 13:13:45','Quos dolorem sed.','Et et atque qui rem recusandae accusamus alias minus. Suscipit deserunt quam velit tenetur sed eius sed. Culpa velit esse eius est. At voluptas officia eaque laudantium dolorem et officia distinctio. Reiciendis et molestias qui atque.','meeting',NULL,NULL,'hq',NULL,1,NULL,NULL,'2025-11-24 03:12:05','2025-11-24 03:12:05','submitted',NULL);
INSERT INTO reports VALUES(3,'2025-06-20 16:26:07','Distinctio dicta quis consequatur dolor.','Occaecati cum est qui soluta id voluptas. Nihil sit omnis magni neque. Eum quis eius dolorem sint eum aut. Cupiditate non voluptatem occaecati.','service',NULL,NULL,'team',NULL,1,NULL,NULL,'2025-11-24 03:12:05','2025-11-24 03:12:05','submitted',NULL);
INSERT INTO reports VALUES(4,'2025-03-07 05:46:16','Corporis debitis pariatur tempore ut.','Dolores tempora delectus facilis at ipsa. Est commodi omnis aliquam voluptatem corporis animi consequuntur. In est ratione totam nisi molestiae minima nesciunt.','outreach',NULL,NULL,'chapter',NULL,1,NULL,NULL,'2025-11-24 03:12:06','2025-11-24 03:12:06','submitted',NULL);
INSERT INTO reports VALUES(5,'2025-04-29 13:33:13','Quibusdam architecto eius voluptas.','Quam sit fuga itaque et occaecati quia eaque. Rem ipsa aperiam nihil est laboriosam et qui. Assumenda doloremque impedit aut quis explicabo et. Id quia modi facere numquam voluptatibus voluptates deserunt.','outreach',NULL,NULL,'hq',NULL,1,NULL,NULL,'2025-11-24 03:12:06','2025-11-24 03:12:06','submitted',NULL);
INSERT INTO reports VALUES(6,'2025-06-28 14:01:25','Similique vitae ut.','Ipsum eum fuga consequuntur qui voluptatem perspiciatis eveniet. Occaecati consequatur quia earum reprehenderit est praesentium tempore. Distinctio minima architecto esse aut ipsum doloribus deleniti.','meeting',NULL,NULL,'team',NULL,1,NULL,NULL,'2025-11-24 03:12:06','2025-11-24 03:12:06','submitted',NULL);
INSERT INTO reports VALUES(7,'2025-08-16 12:19:57','Nesciunt ratione voluptatem sunt amet.','Quis aliquid autem et eum vel similique fuga. Et repellendus eos iste vitae. Illum ducimus provident impedit eos.','outreach',NULL,NULL,'team',NULL,1,NULL,NULL,'2025-11-24 03:12:06','2025-11-24 03:12:06','submitted',NULL);
INSERT INTO reports VALUES(8,'2025-11-23 03:25:15','Veritatis ea soluta excepturi in.','Ducimus quo magnam dolore. Qui quia at est architecto placeat. Dolor distinctio consequatur ut aliquam amet laboriosam. Dolor optio nostrum iusto consequatur quia voluptatibus tenetur.','service',NULL,NULL,'hq',NULL,1,NULL,NULL,'2025-11-24 03:12:06','2025-11-24 03:12:06','submitted',NULL);
INSERT INTO reports VALUES(9,'2025-06-15 06:18:57','Et voluptatibus sit totam ipsum fuga.','Ut ex illo quisquam ut quia. Ut dolore et aut ipsam officiis cum. Ab nobis dignissimos animi rem provident. Accusamus sunt fuga ex animi dolorem dolorum.','outreach',NULL,NULL,'chapter',NULL,1,NULL,NULL,'2025-11-24 03:12:07','2025-11-24 03:12:07','submitted',NULL);
INSERT INTO reports VALUES(10,'2025-10-08 16:27:10','Perferendis repellat quia eos libero sed.','Error ex impedit ut perspiciatis non possimus. Vel nesciunt consequuntur voluptates sint quos ea.','outreach',NULL,NULL,'team',NULL,1,NULL,NULL,'2025-11-24 03:12:07','2025-11-24 03:12:07','submitted',NULL);
CREATE TABLE IF NOT EXISTS "appointment_teams" ("id" integer primary key autoincrement not null, "team_id" integer not null, "chapter_id" integer not null, "free Time" varchar, "free_days" varchar, "created_at" datetime, "updated_at" datetime, foreign key("team_id") references "teams"("id") on delete cascade, foreign key("chapter_id") references "chapters"("id") on delete cascade);
INSERT INTO appointment_teams VALUES(1,1,1,NULL,NULL,'2026-02-10 07:30:13','2026-02-10 07:30:13');
CREATE TABLE IF NOT EXISTS "appointments" ("id" integer primary key autoincrement not null, "username" varchar, "email" varchar, "title" varchar not null, "description" text, "day" date not null, "date" datetime, "start_time" datetime, "end_time" datetime, "team_id" integer not null, "chapter_id" integer, "user_id" integer, "status" varchar check ("status" in ('pending', 'confirmed', 'cancelled')) not null default 'pending', "created_at" datetime, "updated_at" datetime, "deleted_at" datetime, foreign key("team_id") references "teams"("id") on delete cascade, foreign key("chapter_id") references "chapters"("id") on delete cascade, foreign key("user_id") references "users"("id") on delete cascade);
CREATE TABLE IF NOT EXISTS "prayer_requests" ("id" integer primary key autoincrement not null, "name" varchar, "email" varchar, "request" text not null, "chapter_id" integer not null, "user_id" integer, "is_addressed" varchar not null default 'pending', "deleted_at" datetime, "created_at" datetime, "updated_at" datetime, foreign key("chapter_id") references "chapters"("id") on delete set null, foreign key("user_id") references "users"("id") on delete set null);
INSERT INTO prayer_requests VALUES(1,'james','test@example.com',replace('Submit a Prayer Request\nShare your prayer needs with our prayer teamSubmit a Prayer Request\nShare your prayer needs with our prayer teamSubmit a Prayer Request\nShare your prayer needs with our prayer teamSubmit a Prayer Request\nShare your prayer needs with our prayer team','\n',char(10)),1,NULL,'pending',NULL,'2026-01-05 00:09:33','2026-01-05 00:09:33');
CREATE TABLE IF NOT EXISTS "prayer_request_teams" ("id" integer primary key autoincrement not null, "team_id" integer not null, "chapter_id" integer not null, "created_at" datetime, "updated_at" datetime, foreign key("team_id") references "teams"("id") on delete cascade, foreign key("chapter_id") references "chapters"("id") on delete cascade);
INSERT INTO prayer_request_teams VALUES(1,6,1,'2026-01-05 11:32:53','2026-01-05 11:32:53');
CREATE TABLE IF NOT EXISTS "believers_academies" ("id" integer primary key autoincrement not null, "chapter_id" integer not null, "status" varchar check ("status" in ('open', 'closed')) not null default 'open', "start_at" date not null, "created_at" datetime, "updated_at" datetime, "certificate_template" varchar, foreign key("chapter_id") references "chapters"("id") on delete cascade);
INSERT INTO believers_academies VALUES(1,1,'closed','2026-01-05','2026-01-05 00:04:10','2026-01-11 05:58:53',NULL);
INSERT INTO believers_academies VALUES(2,1,'closed','2026-01-05','2026-01-05 10:38:26','2026-01-05 10:38:26',NULL);
INSERT INTO believers_academies VALUES(3,2,'open','2026-01-18 03:22:53','2026-01-11 03:22:53','2026-01-11 04:11:34','certificate_templates/f6IxztkYJ4vj1qZ7ZnylVDiixI7hBUyfPFWlDJVn.pdf');
CREATE TABLE IF NOT EXISTS "academy_clases" ("id" integer primary key autoincrement not null, "name" varchar not null, "date" date not null, "time" varchar not null, "description" text, "academy_id" integer not null, "study_material" text, "tutor" integer not null, "created_at" datetime, "updated_at" datetime, foreign key("academy_id") references "believers_academies"("id") on delete cascade, foreign key("tutor") references "users"("id") on delete cascade);
INSERT INTO academy_clases VALUES(1,'gggggggggggggggggggggg','2026-05-05','04:44','tyytttttttttttttttttt',3,NULL,466,'2026-01-11 03:32:44','2026-01-11 03:32:44');
CREATE TABLE IF NOT EXISTS "believers_academy_teams" ("id" integer primary key autoincrement not null, "team_id" integer not null, "chapter_id" integer not null, "created_at" datetime, "updated_at" datetime);
INSERT INTO believers_academy_teams VALUES(3,11,2,'2026-01-11 04:50:15','2026-01-11 04:50:15');
CREATE TABLE IF NOT EXISTS "partnerships" ("id" integer primary key autoincrement not null, "name" varchar not null, "email" varchar not null, "phone" varchar, "preferred_location" varchar, "partnership_interests" text, "status" varchar check ("status" in ('pending', 'under_review', 'approved', 'rejected', 'active')) not null default 'pending', "notes" text, "organization" varchar, "website" varchar, "partnership_type" varchar check ("partnership_type" in ('financial', 'strategic', 'ministry', 'technology', 'other')), "proposed_amount" numeric, "start_date" date, "end_date" date, "assigned_to" integer, "reviewed_at" datetime, "reviewed_by" integer, "created_at" datetime, "updated_at" datetime, "deleted_at" datetime, foreign key("assigned_to") references "users"("id") on delete set null, foreign key("reviewed_by") references "users"("id") on delete set null);
CREATE TABLE IF NOT EXISTS "partnerships_settings" ("id" integer primary key autoincrement not null, "created_at" datetime, "updated_at" datetime);
CREATE TABLE IF NOT EXISTS "events" ("id" integer primary key autoincrement not null, "chapter_id" integer, "created_by" integer, "title" varchar not null, "slug" varchar, "description" text, "start_at" datetime not null, "end_at" datetime, "timezone" varchar, "location" varchar, "is_online" tinyint(1) not null default '0', "livestream_url" varchar, "banner" varchar, "status" varchar check ("status" in ('draft', 'published', 'cancelled', 'archived')) not null default 'draft', "capacity" integer, "registration_required" tinyint(1) not null default '0', "created_at" datetime, "updated_at" datetime, "deleted_at" datetime, "form_schema" text, foreign key("chapter_id") references "chapters"("id") on delete set null, foreign key("created_by") references "users"("id") on delete set null);
INSERT INTO events VALUES(1,1,1,'dddddddd','dddddddd','dddddddddd','2026-01-06 16:06:00','2026-01-07 16:06:00','Africa/Johannesburg','dddddddddddddddddd',0,'http://localhost:8000/admin/dashboard/events/create?chapter_id=1','events/banners/wYMiMuzZgcVJGcmrpm58QPkKZKAZe7Ki1SVR2Tl4.jpg','published',222222,1,'2026-01-05 15:07:14','2026-01-05 15:07:14',NULL,NULL);
CREATE TABLE IF NOT EXISTS "event_forms" ("id" integer primary key autoincrement not null, "event_id" integer not null, "chapter_id" integer, "name" varchar not null, "email" varchar, "phone" varchar, "guests" integer not null default '0', "form" text not null, "answers" text, "notes" text, "status" varchar check ("status" in ('pending', 'confirmed', 'cancelled')) not null default 'pending', "created_at" datetime, "updated_at" datetime, "deleted_at" datetime, foreign key("event_id") references "events"("id") on delete cascade, foreign key("chapter_id") references "chapters"("id") on delete set null);
CREATE TABLE IF NOT EXISTS "event_galleries" ("id" integer primary key autoincrement not null, "event_id" integer not null, "chapter_id" integer, "title" varchar, "file_path" varchar not null, "thumbnail_path" varchar, "mime_type" varchar, "size" integer, "order_column" integer, "created_at" datetime, "updated_at" datetime, "deleted_at" datetime, foreign key("event_id") references "events"("id") on delete cascade, foreign key("chapter_id") references "chapters"("id") on delete set null);
CREATE TABLE IF NOT EXISTS "accounts" ("id" integer primary key autoincrement not null, "account_name" varchar not null, "account_number" varchar not null, "bank_name" varchar not null, "bank_code" varchar, "swift_code" varchar, "iban" varchar, "account_type" varchar check ("account_type" in ('checking', 'savings', 'business', 'ministry', 'donation')) not null default 'ministry', "currency" varchar not null default 'USD', "region" varchar not null, "country" varchar, "description" text, "is_active" tinyint(1) not null default '1', "accepts_online_payments" tinyint(1) not null default '0', "accepts_international" tinyint(1) not null default '0', "supported_payment_methods" text, "minimum_amount" numeric, "maximum_amount" numeric, "special_instructions" text, "contact_person" varchar, "contact_email" varchar, "contact_phone" varchar, "created_at" datetime, "updated_at" datetime, "deleted_at" datetime, "chapter_id" integer);
INSERT INTO accounts VALUES(1,'Doxa partners','333323423453','Access Bank','ACB',NULL,NULL,'ministry','NGN','Calabar Branch ','Nigeria',NULL,1,0,0,'[]',NULL,NULL,NULL,'juames','james@gmail.com','09878776543','2026-02-14 14:02:29','2026-02-14 14:02:29',NULL,NULL);
CREATE TABLE IF NOT EXISTS "account_events" ("id" integer primary key autoincrement not null, "account_id" integer not null, "event_id" integer not null, "created_at" datetime, "updated_at" datetime, "registered_at" datetime, "status" varchar check ("status" in ('registered', 'attended', 'cancelled', 'pending')) not null default 'registered', foreign key("account_id") references "accounts"("id") on delete cascade, foreign key("event_id") references "events"("id") on delete cascade);
CREATE TABLE IF NOT EXISTS "notifications" ("id" varchar not null, "type" varchar not null, "notifiable_type" varchar not null, "notifiable_id" integer not null, "data" text not null, "read_at" datetime, "created_at" datetime, "updated_at" datetime, primary key ("id"));
INSERT INTO notifications VALUES('25761a63-b74d-41c8-80be-58664c16a42f','App\Notifications\StudentEnrolledNotification','App\Models\User',462,'{"academy_id":1,"academy_name":null,"message":"You have been enrolled in ","type":"enrollment_confirmation"}',NULL,'2026-01-11 04:58:48','2026-01-11 04:58:48');
CREATE TABLE IF NOT EXISTS "testimonies" ("id" integer primary key autoincrement not null, "name" varchar, "email" varchar not null, "testimony" text not null, "image" varchar, "status" varchar check ("status" in ('pending', 'approved', 'rejected')) not null default 'pending', "created_at" datetime, "updated_at" datetime);
CREATE TABLE IF NOT EXISTS "series" ("id" integer primary key autoincrement not null, "title" varchar not null, "description" text, "image" varchar, "created_at" datetime, "updated_at" datetime);
INSERT INTO series VALUES(1,'The Kingdom of God','A deep dive into the kingdom principles','https://via.placeholder.com/400x300.png/0099bb?text=iste','2026-01-05 21:53:45','2026-01-05 21:56:17');
INSERT INTO series VALUES(2,'Grace and Mercy','Understanding God''s grace in our lives','https://via.placeholder.com/400x300.png/0055ff?text=illum','2026-01-05 21:53:45','2026-01-05 21:56:17');
INSERT INTO series VALUES(3,'The Power of Faith','How faith transforms our lives','https://via.placeholder.com/400x300.png/00ee99?text=dolores','2026-01-05 21:53:45','2026-01-05 21:56:18');
INSERT INTO series VALUES(4,'Walking in Purpose','Discovering your life''s purpose','https://via.placeholder.com/400x300.png/0088aa?text=quisquam','2026-01-05 21:53:45','2026-01-05 21:56:19');
INSERT INTO series VALUES(5,'Victory in Christ','Overcoming through Christ','https://via.placeholder.com/400x300.png/0099aa?text=qui','2026-01-05 21:53:45','2026-01-05 21:56:19');
CREATE TABLE IF NOT EXISTS "sermon_medias" ("id" integer primary key autoincrement not null, "mediable_type" varchar not null, "mediable_id" integer not null, "file_name" varchar not null, "file_path" varchar not null, "mime_type" varchar not null, "file_size" integer not null, "type" varchar not null, "created_at" datetime, "updated_at" datetime);
INSERT INTO sermon_medias VALUES(1,'App\Models\Sermons',24,'African Praise Medley by Gabriel Eziashi.mp3','sermons/audio/6990410d00dd2_1771061517.mp3','audio/mpeg',20637614,'audio','2026-02-14 09:31:57','2026-02-14 09:31:57');
CREATE TABLE IF NOT EXISTS "transports" ("id" integer primary key autoincrement not null, "name" varchar not null, "phone" varchar not null, "pickup_location" text not null, "status" varchar check ("status" in ('pending', 'approved', 'rejected')) not null default 'pending', "notes" text, "processed_at" datetime, "created_at" datetime, "updated_at" datetime, "chapter_id" integer, "pickup_location_id" integer, "pickup_time" time, "user_address" varchar, "user_latitude" numeric, "user_longitude" numeric);
INSERT INTO transports VALUES(1,'johb doe','09876565433','Calabar Road, Calabar, Calabar Municipal, Cross River State, 540221, Nigeria','approved',NULL,'2026-02-14 12:27:25','2026-02-14 12:26:47','2026-02-14 12:27:25',1,2,'14:08',NULL,NULL,NULL);
INSERT INTO transports VALUES(2,'james','0868960933','Test Location','approved',NULL,'2026-02-19 15:48:51','2026-02-19 15:48:17','2026-02-19 15:48:51',1,1,'08:00',NULL,NULL,NULL);
CREATE TABLE IF NOT EXISTS "event_teams" ("id" integer primary key autoincrement not null, "team_id" integer not null, "chapter_id" integer not null, "created_at" datetime, "updated_at" datetime, "event_id" integer, foreign key("event_id") references "events"("id") on delete cascade);
CREATE TABLE IF NOT EXISTS "about_us" ("id" integer primary key autoincrement not null, "chapter_id" integer not null, "title" varchar not null, "description" text not null, "mission" text, "vision" text, "core_values" text, "hero_image" varchar, "history_timeline" text, "is_active" tinyint(1) not null default '1', "created_at" datetime, "updated_at" datetime, foreign key("chapter_id") references "chapters"("id") on delete cascade);
CREATE TABLE IF NOT EXISTS "church_leaders" ("id" integer primary key autoincrement not null, "chapter_id" integer not null, "name" varchar not null, "position" varchar not null, "bio" text, "photo" varchar, "facebook_url" varchar, "twitter_url" varchar, "instagram_url" varchar, "linkedin_url" varchar, "order_column" integer not null default '0', "is_active" tinyint(1) not null default '1', "created_at" datetime, "updated_at" datetime, foreign key("chapter_id") references "chapters"("id") on delete cascade);
CREATE TABLE IF NOT EXISTS "conclaves" ("id" integer primary key autoincrement not null, "name" varchar not null, "location" varchar not null, "description" text, "address" varchar, "phone" varchar, "email" varchar, "latitude" numeric, "longitude" numeric, "image" varchar, "is_active" tinyint(1) not null default '1', "created_at" datetime, "updated_at" datetime);
CREATE TABLE IF NOT EXISTS "cell_leaders" ("id" integer primary key autoincrement not null, "cell_group_id" integer not null, "user_id" integer, "name" varchar not null, "phone" varchar not null, "email" varchar, "bio" text, "photo" varchar, "is_primary" tinyint(1) not null default '1', "created_at" datetime, "updated_at" datetime, foreign key("cell_group_id") references "cell_groups"("id") on delete cascade, foreign key("user_id") references "users"("id") on delete set null);
CREATE TABLE IF NOT EXISTS "cell_members" ("id" integer primary key autoincrement not null, "cell_group_id" integer not null, "account_id" integer, "name" varchar not null, "phone" varchar, "email" varchar, "joined_at" date not null, "status" varchar check ("status" in ('active', 'inactive', 'transferred')) not null default 'active', "notes" text, "created_at" datetime, "updated_at" datetime, foreign key("cell_group_id") references "cell_groups"("id") on delete cascade, foreign key("account_id") references "accounts"("id") on delete cascade);
CREATE TABLE IF NOT EXISTS "cell_attendance" ("id" integer primary key autoincrement not null, "cell_group_id" integer not null, "cell_member_id" integer not null, "attendance_date" date not null, "present" tinyint(1) not null default '0', "notes" text, "created_at" datetime, "updated_at" datetime, foreign key("cell_group_id") references "cell_groups"("id") on delete cascade, foreign key("cell_member_id") references "cell_members"("id") on delete cascade);
CREATE TABLE IF NOT EXISTS "mission_teams" ("id" integer primary key autoincrement not null, "team_id" integer not null, "chapter_id" integer not null, "created_at" datetime, "updated_at" datetime, foreign key("team_id") references "teams"("id") on delete cascade, foreign key("chapter_id") references "chapters"("id") on delete cascade);
CREATE TABLE IF NOT EXISTS "transport_teams" ("id" integer primary key autoincrement not null, "team_id" integer not null, "chapter_id" integer not null, "created_at" datetime, "updated_at" datetime, foreign key("team_id") references "teams"("id") on delete cascade, foreign key("chapter_id") references "chapters"("id") on delete cascade);
CREATE TABLE IF NOT EXISTS "announcements" ("id" integer primary key autoincrement not null, "chapter_id" integer not null, "title" varchar not null, "description" varchar, "content" text, "image" varchar, "starts_at" datetime, "expires_at" datetime, "is_active" tinyint(1) not null default '1', "priority" integer not null default '0', "type" varchar check ("type" in ('notice', 'event', 'reminder', 'urgent')) not null default 'notice', "created_at" datetime, "updated_at" datetime, foreign key("chapter_id") references "chapters"("id") on delete cascade);
CREATE TABLE IF NOT EXISTS "cell_groups" ("id" integer primary key autoincrement not null, "chapter_id" integer not null, "name" varchar not null, "description" text, "meeting_day" varchar, "meeting_time" time, "location" varchar, "address" text, "latitude" numeric, "longitude" numeric, "max_members" integer not null default ('15'), "phone" varchar, "image" varchar, "is_active" tinyint(1) not null default ('1'), "created_at" datetime, "updated_at" datetime, "conclave_id" integer, foreign key("chapter_id") references chapters("id") on delete cascade on update no action, foreign key("conclave_id") references "conclaves"("id") on delete cascade);
INSERT INTO cell_groups VALUES(1,1,'Alpha Cell - Unit 1','Alias officiis eligendi sunt assumenda consequuntur voluptas. Et commodi omnis quibusdam odio cumque.','Saturday','17:24:36',replace('7711 Marvin Point Suite 215\nDrewshire, AK 51779','\n',char(10)),replace('56046 Ward Mountain\nWymanmouth, MD 62853-7410','\n',char(10)),NULL,NULL,27,'+1-908-890-1200',NULL,1,'2026-01-05 21:57:37','2026-01-05 21:57:37',NULL);
INSERT INTO cell_groups VALUES(2,1,'Alpha Cell - Unit 2','Modi pariatur culpa iste neque voluptatum maiores. Sed est repellendus rerum consectetur nihil accusamus. Qui magni enim nostrum commodi repellendus omnis et excepturi.','Monday','18:23:12',replace('91460 Braun Way Apt. 287\nRooseveltville, TN 61430-1039','\n',char(10)),replace('9872 Raynor Plains Apt. 614\nMarianoburgh, KY 56455-3411','\n',char(10)),NULL,NULL,25,'(231) 261-0217',NULL,1,'2026-01-05 21:57:37','2026-01-05 21:57:37',NULL);
INSERT INTO cell_groups VALUES(3,1,'Alpha Cell - Unit 3','Suscipit exercitationem ut et natus perferendis. Quae ut eveniet nostrum sed eum.','Wednesday','14:45:29',replace('1671 Bradtke Walk Suite 095\nElodychester, CA 17184','\n',char(10)),replace('7619 Wilson Run Apt. 750\nSouth Elverahaven, KY 86463-2032','\n',char(10)),NULL,NULL,10,'+1-539-370-7263',NULL,1,'2026-01-05 21:57:37','2026-01-05 21:57:37',NULL);
INSERT INTO cell_groups VALUES(4,1,'Beta Cell - Unit 1','Est molestias cumque est veritatis et. Fugit mollitia animi voluptate dolorum ea aut.','Sunday','23:26:30',replace('326 Bartoletti Club Suite 952\nNew Vinnie, IN 70264','\n',char(10)),replace('52918 Hill Estates\nBartonfurt, FL 46811','\n',char(10)),NULL,NULL,14,'+1-501-377-2474',NULL,1,'2026-01-05 21:57:38','2026-01-05 21:57:38',NULL);
INSERT INTO cell_groups VALUES(5,1,'Beta Cell - Unit 2','Molestias quo in dicta tenetur magnam dicta eum. Porro culpa optio illo quo corrupti modi qui aut. Laudantium molestias necessitatibus dolorum provident ut consequatur error.','Sunday','21:58:16',replace('4265 Stark Tunnel Suite 995\nPort Jamarfort, ID 64651','\n',char(10)),replace('59580 Lori Lakes Suite 730\nBogisichmouth, TN 84797-7836','\n',char(10)),NULL,NULL,21,'+1-860-565-4089',NULL,1,'2026-01-05 21:57:38','2026-01-05 21:57:38',NULL);
INSERT INTO cell_groups VALUES(6,1,'Beta Cell - Unit 3','Illum error dolores a doloribus. Sint vero autem ut est et quaerat.','Wednesday','14:22:14',replace('604 Conn Mews\nEast Elyssaland, SC 61043-0870','\n',char(10)),replace('205 Caleigh Rapids Apt. 107\nBeahanton, NM 72248','\n',char(10)),NULL,NULL,29,'434-316-0756',NULL,1,'2026-01-05 21:57:38','2026-01-05 21:57:38',NULL);
INSERT INTO cell_groups VALUES(7,1,'Gamma Cell - Unit 1','Soluta architecto modi commodi debitis. Vel et soluta sit dolore est minus doloremque.','Saturday','15:26:59',replace('5004 Francesco Skyway Suite 263\nCorwinchester, KS 38033-3761','\n',char(10)),replace('45837 Fay Trafficway\nAliyaton, SC 90637-9636','\n',char(10)),NULL,NULL,17,'(662) 248-4332',NULL,1,'2026-01-05 21:57:38','2026-01-05 21:57:38',NULL);
INSERT INTO cell_groups VALUES(8,1,'Gamma Cell - Unit 2','Perferendis harum est minima fugit. Et iste cumque sed quam dolor dignissimos autem.','Monday','16:25:51',replace('652 Jude Causeway Apt. 640\nNew Roger, MT 80043-1442','\n',char(10)),replace('717 McLaughlin Greens Suite 138\nNaderfurt, MN 16069-8551','\n',char(10)),NULL,NULL,19,'1-650-368-0909',NULL,1,'2026-01-05 21:57:38','2026-01-05 21:57:38',NULL);
INSERT INTO cell_groups VALUES(9,1,'Gamma Cell - Unit 3','Voluptatem ea voluptatibus illo. Rerum ea maiores nulla quisquam culpa impedit. Dicta dolore et doloremque corrupti sit aperiam.','Wednesday','19:07:21',replace('40200 Jacobs Mills Apt. 461\nTrantowfurt, MN 45766','\n',char(10)),replace('8292 Paucek Corner Apt. 116\nNorth Allieside, UT 40557','\n',char(10)),NULL,NULL,18,'+1.838.380.9006',NULL,1,'2026-01-05 21:57:38','2026-01-05 21:57:38',NULL);
INSERT INTO cell_groups VALUES(10,1,'Delta Cell - Unit 1','Incidunt et unde tempora et omnis ea maxime. Vitae qui nihil maiores totam ipsam suscipit rem. Hic mollitia alias culpa dolor et.','Tuesday','18:26:11',replace('87408 Ken Radial Apt. 032\nNew Tressamouth, HI 45658-6534','\n',char(10)),replace('544 Cicero Mountain Apt. 339\nNew Darrinland, ID 70908-3718','\n',char(10)),NULL,NULL,28,'813.483.4507',NULL,1,'2026-01-05 21:57:38','2026-01-05 21:57:38',NULL);
INSERT INTO cell_groups VALUES(11,1,'Delta Cell - Unit 2','Velit sequi natus dolor amet inventore voluptas harum dolores. Non molestias sit a quis. Consectetur voluptas et ut ad commodi non est.','Saturday','22:58:16',replace('7957 Carmine Tunnel Suite 014\nD''Amoreton, AR 66540','\n',char(10)),replace('71043 Schulist Tunnel\nNew Ryan, FL 37527-2029','\n',char(10)),NULL,NULL,28,'+12565463013',NULL,1,'2026-01-05 21:57:38','2026-01-05 21:57:38',NULL);
INSERT INTO cell_groups VALUES(12,1,'Delta Cell - Unit 3','Ut sed laboriosam voluptates sapiente non est qui. Ad inventore aliquid totam consequuntur est et.','Friday','08:43:57',replace('47368 Jason Overpass Apt. 644\nEvelineshire, DE 84626-1371','\n',char(10)),replace('4460 Aglae Neck\nEast Charles, MA 36271','\n',char(10)),NULL,NULL,28,'+1-740-917-3550',NULL,1,'2026-01-05 21:57:39','2026-01-05 21:57:39',NULL);
INSERT INTO cell_groups VALUES(13,1,'Epsilon Cell - Unit 1','Non reprehenderit inventore vel tempora omnis eius harum. Non corporis est qui veniam deserunt exercitationem et. Qui impedit quibusdam harum iure eum.','Sunday','23:09:42',replace('1253 Katharina Loaf Suite 297\nNew Flavie, NC 09291-4349','\n',char(10)),replace('800 Hailee Ford\nDeckowchester, OH 13741-9151','\n',char(10)),NULL,NULL,14,'+1-678-768-6680',NULL,1,'2026-01-05 21:57:39','2026-01-05 21:57:39',NULL);
INSERT INTO cell_groups VALUES(14,1,'Epsilon Cell - Unit 2','Voluptas est in autem deserunt assumenda tempora accusantium. Dolorem vero et a recusandae tempora. Ducimus eos ut est distinctio laboriosam odit.','Thursday','15:39:03',replace('4311 Ruecker Vista\nMarlentown, TX 25756-2873','\n',char(10)),replace('67269 Smith Skyway Suite 323\nPort Frederic, MT 62926','\n',char(10)),NULL,NULL,12,'+1.845.221.5159',NULL,1,'2026-01-05 21:57:39','2026-01-05 21:57:39',NULL);
INSERT INTO cell_groups VALUES(15,1,'Epsilon Cell - Unit 3','Culpa officiis voluptate officiis. Animi aspernatur qui quo quia cum.','Wednesday','21:36:02',replace('3939 Kiehn Square Suite 651\nSouth Estell, WY 02083','\n',char(10)),replace('3812 Eleanora Court Suite 859\nWest Jaydonchester, IN 58686-6073','\n',char(10)),NULL,NULL,18,'+12515082953',NULL,1,'2026-01-05 21:57:39','2026-01-05 21:57:39',NULL);
INSERT INTO cell_groups VALUES(16,1,'Zeta Cell - Unit 1','Doloribus est ad quia et. Sit distinctio id qui atque dolorum magni enim.','Friday','15:24:07',replace('922 Zieme Court Suite 399\nPort Alysa, KY 02569-8180','\n',char(10)),replace('1803 Mosciski Island Apt. 019\nDaishahaven, WA 39468-7621','\n',char(10)),NULL,NULL,16,'283.310.5182',NULL,1,'2026-01-05 21:57:39','2026-01-05 21:57:39',NULL);
INSERT INTO cell_groups VALUES(17,1,'Zeta Cell - Unit 2','Et consectetur sed rerum qui sit quisquam magnam velit. Consectetur voluptas quia dolores eum explicabo maiores.','Friday','15:48:17',replace('97024 Hayley Island Suite 588\nWildermanport, FL 97184','\n',char(10)),replace('1327 Marquardt Islands Apt. 249\nNatashaton, OH 05459-7606','\n',char(10)),NULL,NULL,29,'+1 (740) 366-6182',NULL,1,'2026-01-05 21:57:39','2026-01-05 21:57:39',NULL);
INSERT INTO cell_groups VALUES(18,1,'Zeta Cell - Unit 3','Praesentium non facere dignissimos recusandae amet aliquid est. Repellendus illum quasi consequatur velit est enim. Tempore sequi ratione voluptas voluptates.','Monday','21:47:59',replace('1236 Cora Street Suite 226\nKubville, SC 41079-1605','\n',char(10)),replace('25528 Velda Road Suite 019\nWest Bonitaton, GA 87215-2075','\n',char(10)),NULL,NULL,10,'+12818902115',NULL,1,'2026-01-05 21:57:39','2026-01-05 21:57:39',NULL);
INSERT INTO cell_groups VALUES(19,2,'Alpha Cell - Unit 1','Aliquid dolorem id aliquid et. Qui vero nihil aut eveniet dignissimos dolores amet. Est doloribus aliquid repellat possimus similique.','Wednesday','15:43:26','East Estellmouth',NULL,NULL,NULL,27,NULL,NULL,1,'2026-01-05 22:07:06','2026-01-05 22:07:06',NULL);
INSERT INTO cell_groups VALUES(20,2,'Alpha Cell - Unit 2','Blanditiis numquam omnis fugiat accusamus beatae. Aut occaecati perferendis architecto deserunt enim est dolor.','Saturday','20:39:12','Evelinechester',NULL,NULL,NULL,16,NULL,NULL,1,'2026-01-05 22:07:06','2026-01-05 22:07:06',NULL);
INSERT INTO cell_groups VALUES(21,2,'Alpha Cell - Unit 3','Consequuntur libero magni nam ut. Maxime vitae fugit quibusdam consequatur ratione id ad. Qui earum ducimus illum nihil dolores minima.','Tuesday','20:04:12','Prosaccomouth',NULL,NULL,NULL,23,NULL,NULL,1,'2026-01-05 22:07:06','2026-01-05 22:07:06',NULL);
INSERT INTO cell_groups VALUES(22,2,'Beta Cell - Unit 1','Dolorem sed omnis ducimus itaque libero recusandae. Excepturi voluptas aut nostrum itaque suscipit. Velit iure libero vitae temporibus ex.','Sunday','00:02:53','Port Heidifurt',NULL,NULL,NULL,26,NULL,NULL,1,'2026-01-05 22:07:06','2026-01-05 22:07:06',NULL);
INSERT INTO cell_groups VALUES(23,2,'Beta Cell - Unit 2','Maiores nihil sed iure. Nesciunt illum alias odit incidunt eius nesciunt. Dicta eligendi voluptatem quo.','Sunday','01:30:13','Edmondchester',NULL,NULL,NULL,27,NULL,NULL,1,'2026-01-05 22:07:06','2026-01-05 22:07:06',NULL);
INSERT INTO cell_groups VALUES(24,2,'Beta Cell - Unit 3','Voluptatem numquam velit molestiae sit illo amet. Impedit veritatis hic nemo vel sit.','Monday','21:27:21','South Lavernemouth',NULL,NULL,NULL,24,NULL,NULL,1,'2026-01-05 22:07:06','2026-01-05 22:07:06',NULL);
INSERT INTO cell_groups VALUES(25,2,'Gamma Cell - Unit 1','Quo accusamus est ab enim rem. Ipsa laudantium non dolores harum.','Wednesday','18:28:18','Sanfordborough',NULL,NULL,NULL,27,NULL,NULL,1,'2026-01-05 22:07:06','2026-01-05 22:07:06',NULL);
INSERT INTO cell_groups VALUES(26,2,'Gamma Cell - Unit 2','Officiis vero dolor est blanditiis aspernatur. Id inventore totam in dolore optio eos.','Friday','12:34:42','West Duanefort',NULL,NULL,NULL,27,NULL,NULL,1,'2026-01-05 22:07:07','2026-01-05 22:07:07',NULL);
INSERT INTO cell_groups VALUES(27,2,'Gamma Cell - Unit 3','Dolorum rerum quaerat nihil possimus. Est quisquam tenetur voluptate voluptatem et in. Sed tenetur magnam incidunt deleniti id.','Thursday','23:49:36','North Izaiah',NULL,NULL,NULL,16,NULL,NULL,1,'2026-01-05 22:07:07','2026-01-05 22:07:07',NULL);
INSERT INTO cell_groups VALUES(28,2,'Delta Cell - Unit 1','Placeat et ipsa aut nobis corrupti. Quod dolorem ducimus quia ea assumenda. Vitae provident et laborum cupiditate dolore.','Saturday','06:35:54','Lake Faybury',NULL,NULL,NULL,24,NULL,NULL,1,'2026-01-05 22:07:07','2026-01-05 22:07:07',NULL);
INSERT INTO cell_groups VALUES(29,2,'Delta Cell - Unit 2','Quos quisquam ut aut nulla sed. Iusto consequuntur autem natus aperiam eum.','Saturday','03:38:02','Naderberg',NULL,NULL,NULL,27,NULL,NULL,1,'2026-01-05 22:07:07','2026-01-05 22:07:07',NULL);
INSERT INTO cell_groups VALUES(30,2,'Delta Cell - Unit 3','Aut itaque voluptas dolorem deleniti rem. Error qui qui et dolorem corporis est voluptas. Voluptatibus maxime corrupti provident asperiores qui.','Sunday','18:50:32','Rogahnberg',NULL,NULL,NULL,20,NULL,NULL,1,'2026-01-05 22:07:07','2026-01-05 22:07:07',NULL);
INSERT INTO cell_groups VALUES(31,2,'Epsilon Cell - Unit 1','Laboriosam aut quia commodi in rem est consectetur cupiditate. Et eum in dolores commodi repudiandae.','Monday','01:37:36','North Reinholdmouth',NULL,NULL,NULL,23,NULL,NULL,1,'2026-01-05 22:07:07','2026-01-05 22:07:07',NULL);
INSERT INTO cell_groups VALUES(32,2,'Epsilon Cell - Unit 2','Veniam sit amet provident laboriosam. Dolore sed suscipit similique debitis ipsa aut quam.','Saturday','17:04:26','Port Armandotown',NULL,NULL,NULL,26,NULL,NULL,1,'2026-01-05 22:07:07','2026-01-05 22:07:07',NULL);
INSERT INTO cell_groups VALUES(33,2,'Epsilon Cell - Unit 3','Voluptatibus eaque ut in exercitationem sit. Dicta officiis accusamus ea qui molestiae.','Saturday','02:00:03','East Jaymeland',NULL,NULL,NULL,23,NULL,NULL,1,'2026-01-05 22:07:07','2026-01-05 22:07:07',NULL);
INSERT INTO cell_groups VALUES(34,2,'Zeta Cell - Unit 1','Ad reprehenderit rem voluptatem officiis. Sint harum et unde deserunt.','Sunday','19:00:24','Taylorshire',NULL,NULL,NULL,26,NULL,NULL,1,'2026-01-05 22:07:07','2026-01-05 22:07:07',NULL);
INSERT INTO cell_groups VALUES(35,2,'Zeta Cell - Unit 2','Voluptatem et est ducimus nesciunt. Rem aut et occaecati ad quia ex quasi hic. In et non repudiandae.','Saturday','14:51:00','Port Margaritaville',NULL,NULL,NULL,21,NULL,NULL,1,'2026-01-05 22:07:08','2026-01-05 22:07:08',NULL);
INSERT INTO cell_groups VALUES(36,2,'Zeta Cell - Unit 3','Est quia et delectus nisi. Quia expedita nulla et sunt molestiae ducimus aspernatur voluptates. Voluptas harum soluta corrupti tempora quo delectus.','Monday','16:14:05','West Kadinland',NULL,NULL,NULL,16,NULL,NULL,1,'2026-01-05 22:07:08','2026-01-05 22:07:08',NULL);
INSERT INTO cell_groups VALUES(37,3,'Alpha Cell - Unit 1','Voluptatum quo ipsum a dolor. Cupiditate expedita est ut eos unde explicabo maiores ad.','Wednesday','04:05:24','South Dianaburgh',NULL,NULL,NULL,22,NULL,NULL,1,'2026-01-05 22:07:08','2026-01-05 22:07:08',NULL);
INSERT INTO cell_groups VALUES(38,3,'Alpha Cell - Unit 2','Qui quos voluptate sit rerum doloremque culpa ut. Qui sint accusantium qui nobis. Quisquam possimus maiores qui et sed error voluptatibus id.','Sunday','06:22:18','Fannieview',NULL,NULL,NULL,15,NULL,NULL,1,'2026-01-05 22:07:08','2026-01-05 22:07:08',NULL);
INSERT INTO cell_groups VALUES(39,3,'Alpha Cell - Unit 3','Deleniti aut est facilis consequuntur sed dolorum. Eos eos placeat ipsa ipsum ab.','Tuesday','10:40:26','South Candidoside',NULL,NULL,NULL,28,NULL,NULL,1,'2026-01-05 22:07:08','2026-01-05 22:07:08',NULL);
INSERT INTO cell_groups VALUES(40,3,'Beta Cell - Unit 1','Aliquid sit et delectus sed. Vitae culpa ducimus dolorum reiciendis rerum aut atque eum. Voluptatem temporibus et est.','Thursday','14:31:03','Greenfelderburgh',NULL,NULL,NULL,24,NULL,NULL,1,'2026-01-05 22:07:08','2026-01-05 22:07:08',NULL);
INSERT INTO cell_groups VALUES(41,3,'Beta Cell - Unit 2','Id eos dolorum amet. Qui et provident maiores facilis ipsum et quisquam culpa. Deleniti et vero autem sunt eaque aut.','Monday','22:11:40','Lake Ivah',NULL,NULL,NULL,29,NULL,NULL,1,'2026-01-05 22:07:08','2026-01-05 22:07:08',NULL);
INSERT INTO cell_groups VALUES(42,3,'Beta Cell - Unit 3','Assumenda ex dolorum aut facilis reiciendis magni vel. Ipsam fugit omnis quia aut eum veritatis asperiores.','Friday','15:18:57','West Zackaryland',NULL,NULL,NULL,29,NULL,NULL,1,'2026-01-05 22:07:08','2026-01-05 22:07:08',NULL);
INSERT INTO cell_groups VALUES(43,3,'Gamma Cell - Unit 1','Quod ratione similique ipsam quis ab consequatur. Iure nesciunt amet quia velit et occaecati laudantium. Nostrum ipsam porro aut.','Saturday','23:39:24','Abbottbury',NULL,NULL,NULL,19,NULL,NULL,1,'2026-01-05 22:07:08','2026-01-05 22:07:08',NULL);
INSERT INTO cell_groups VALUES(44,3,'Gamma Cell - Unit 2','Sit quas saepe recusandae labore dolorem quos explicabo et. Qui incidunt voluptatem atque quam sunt tempore.','Saturday','23:47:46','Millerfurt',NULL,NULL,NULL,30,NULL,NULL,1,'2026-01-05 22:07:09','2026-01-05 22:07:09',NULL);
INSERT INTO cell_groups VALUES(45,3,'Gamma Cell - Unit 3','Veniam deserunt accusamus quo error et voluptatem quia. Quia odio consequatur doloremque aut laboriosam vel.','Sunday','00:35:36','Catalinaborough',NULL,NULL,NULL,28,NULL,NULL,1,'2026-01-05 22:07:09','2026-01-05 22:07:09',NULL);
INSERT INTO cell_groups VALUES(46,3,'Delta Cell - Unit 1','Beatae adipisci omnis corporis. Ipsum numquam at accusamus dolor quia dolor.','Tuesday','11:36:10','Bruenfurt',NULL,NULL,NULL,24,NULL,NULL,1,'2026-01-05 22:07:09','2026-01-05 22:07:09',NULL);
INSERT INTO cell_groups VALUES(47,3,'Delta Cell - Unit 2','Aut quis numquam sed. Perferendis omnis qui nulla qui omnis. Reiciendis aut dicta quasi esse quod placeat tempore culpa.','Monday','05:09:01','Jamelport',NULL,NULL,NULL,22,NULL,NULL,1,'2026-01-05 22:07:09','2026-01-05 22:07:09',NULL);
INSERT INTO cell_groups VALUES(48,3,'Delta Cell - Unit 3','Dicta voluptates ratione saepe tempore blanditiis. Libero tempora illo laboriosam et.','Thursday','17:15:05','Port Belltown',NULL,NULL,NULL,29,NULL,NULL,1,'2026-01-05 22:07:09','2026-01-05 22:07:09',NULL);
INSERT INTO cell_groups VALUES(49,3,'Epsilon Cell - Unit 1','Repellendus repellat quo voluptatem sit eligendi maxime error. Explicabo quas ullam voluptatem odit omnis.','Tuesday','21:15:24','Idamouth',NULL,NULL,NULL,19,NULL,NULL,1,'2026-01-05 22:07:09','2026-01-05 22:07:09',NULL);
INSERT INTO cell_groups VALUES(50,3,'Epsilon Cell - Unit 2','Nihil at aut at quia tenetur. Sed dolorem laudantium qui tempore molestiae. Enim quia provident veritatis sed quam sint nihil.','Saturday','11:09:59','New Aleenchester',NULL,NULL,NULL,27,NULL,NULL,1,'2026-01-05 22:07:09','2026-01-05 22:07:09',NULL);
INSERT INTO cell_groups VALUES(51,3,'Epsilon Cell - Unit 3','Eius rerum sequi consequatur qui perspiciatis culpa. Totam dolore et officiis magnam et cupiditate. Quasi autem quod eum rerum sunt consequuntur quia.','Monday','07:43:53','Gleichnerhaven',NULL,NULL,NULL,17,NULL,NULL,1,'2026-01-05 22:07:09','2026-01-05 22:07:09',NULL);
INSERT INTO cell_groups VALUES(52,3,'Zeta Cell - Unit 1','Consequatur ex sequi sed quisquam. Perspiciatis a tenetur totam qui sed.','Monday','15:57:56','Krystelport',NULL,NULL,NULL,21,NULL,NULL,1,'2026-01-05 22:07:09','2026-01-05 22:07:09',NULL);
INSERT INTO cell_groups VALUES(53,3,'Zeta Cell - Unit 2','Ad quo non eveniet aut repellat ratione quam. Fuga laudantium omnis quo ea error esse. Hic qui molestiae quaerat id explicabo et eum.','Sunday','14:26:09','West Cameron',NULL,NULL,NULL,22,NULL,NULL,1,'2026-01-05 22:07:09','2026-01-05 22:07:09',NULL);
INSERT INTO cell_groups VALUES(54,3,'Zeta Cell - Unit 3','Molestiae aut ut velit et fugit reprehenderit. Sint reiciendis numquam est omnis. Nisi eos rerum vitae eaque.','Tuesday','11:31:39','West Metaport',NULL,NULL,NULL,19,NULL,NULL,1,'2026-01-05 22:07:10','2026-01-05 22:07:10',NULL);
CREATE TABLE IF NOT EXISTS "sermons" ("id" integer primary key autoincrement not null, "title" varchar not null, "description" text, "preached_at" date not null, "image_path" varchar not null, "series_id" integer not null, "created_at" datetime, "updated_at" datetime, "chapter_id" integer, foreign key("series_id") references series("id") on delete cascade on update no action, foreign key("chapter_id") references "chapters"("id") on delete cascade);
INSERT INTO sermons VALUES(1,'The Kingdom of God - Part 1','Ipsum laborum nesciunt autem animi. Id labore a aperiam omnis fuga.','2026-01-03 00:00:00','https://via.placeholder.com/320x180.png/00dd33?text=qui',1,'2026-01-05 21:56:17','2026-01-05 21:56:17',1);
INSERT INTO sermons VALUES(2,'The Kingdom of God - Part 2','Et cumque nisi modi architecto beatae nam. Iure velit vel eum officia perspiciatis.','2025-10-11 00:00:00','https://via.placeholder.com/320x180.png/00cc11?text=ratione',1,'2026-01-05 21:56:17','2026-01-05 21:56:17',1);
INSERT INTO sermons VALUES(3,'The Kingdom of God - Part 3','Et maxime dolor quam. Magni recusandae fugiat natus natus.','2025-10-03 00:00:00','https://via.placeholder.com/320x180.png/00aadd?text=quia',1,'2026-01-05 21:56:17','2026-01-05 21:56:17',1);
INSERT INTO sermons VALUES(4,'The Kingdom of God - Part 4','Sint facilis repellat repellat consequatur harum molestiae esse. Voluptatem voluptas odit voluptas qui nobis aliquam aut.','2025-09-03 00:00:00','https://via.placeholder.com/320x180.png/00ff11?text=neque',1,'2026-01-05 21:56:17','2026-01-05 21:56:17',1);
INSERT INTO sermons VALUES(5,'The Kingdom of God - Part 5','Fuga sequi dolorem quaerat libero et ea. Dolore voluptates earum sit.','2025-12-24 00:00:00','https://via.placeholder.com/320x180.png/00ffcc?text=eligendi',1,'2026-01-05 21:56:17','2026-01-05 21:56:17',1);
INSERT INTO sermons VALUES(6,'Grace and Mercy - Part 1','Non et enim quia consequuntur neque iure et. Praesentium similique et asperiores nam quia modi voluptatem. Vero exercitationem quasi voluptas eligendi nisi praesentium et.','2025-08-19 00:00:00','https://via.placeholder.com/320x180.png/0033ee?text=sed',2,'2026-01-05 21:56:17','2026-01-05 21:56:17',1);
INSERT INTO sermons VALUES(7,'Grace and Mercy - Part 2','Unde tempora occaecati eos quisquam occaecati sint in. Consequatur fugiat non inventore perspiciatis cum sit. Numquam animi ut tempora qui qui et ut.','2025-09-04 00:00:00','https://via.placeholder.com/320x180.png/005588?text=culpa',2,'2026-01-05 21:56:17','2026-01-05 21:56:17',1);
INSERT INTO sermons VALUES(8,'Grace and Mercy - Part 3','Dolore quia eligendi dolor aspernatur ut. Maiores nemo ipsa fuga veniam ut quis hic.','2025-10-14 00:00:00','https://via.placeholder.com/320x180.png/007733?text=beatae',2,'2026-01-05 21:56:18','2026-01-05 21:56:18',1);
INSERT INTO sermons VALUES(9,'Grace and Mercy - Part 4','Nemo sed eius quos quo voluptatem. Nisi quis ut dolorem repellat voluptatem.','2025-11-10 00:00:00','https://via.placeholder.com/320x180.png/00dd33?text=ipsam',2,'2026-01-05 21:56:18','2026-01-05 21:56:18',1);
INSERT INTO sermons VALUES(10,'Grace and Mercy - Part 5','Dolorem ut quibusdam et voluptas consequatur et. Qui exercitationem asperiores nobis voluptatem quas.','2025-11-05 00:00:00','https://via.placeholder.com/320x180.png/00bb22?text=sint',2,'2026-01-05 21:56:18','2026-01-05 21:56:18',1);
INSERT INTO sermons VALUES(11,'The Power of Faith - Part 1','Dolorum odit voluptatem doloremque eius sunt labore inventore. Dolores sunt nulla commodi dolor nesciunt facere consequatur.','2025-07-25 00:00:00','https://via.placeholder.com/320x180.png/00aa33?text=est',3,'2026-01-05 21:56:18','2026-01-05 21:56:18',1);
INSERT INTO sermons VALUES(12,'The Power of Faith - Part 2','Earum dolor quam facilis impedit deleniti omnis enim. Velit animi molestias rem similique et. Consequatur aut error qui necessitatibus.','2025-11-19 00:00:00','https://via.placeholder.com/320x180.png/004433?text=sint',3,'2026-01-05 21:56:18','2026-01-05 21:56:18',1);
INSERT INTO sermons VALUES(13,'The Power of Faith - Part 3','Praesentium et rerum ab at ipsum incidunt repudiandae. Enim officia inventore est error quidem iste.','2025-10-29 00:00:00','https://via.placeholder.com/320x180.png/004499?text=qui',3,'2026-01-05 21:56:18','2026-01-05 21:56:18',1);
INSERT INTO sermons VALUES(14,'The Power of Faith - Part 4','Repellat et at reprehenderit quis accusantium sit. Illum at assumenda dignissimos. Rem quisquam animi excepturi recusandae qui.','2025-09-15 00:00:00','https://via.placeholder.com/320x180.png/0099ff?text=nam',3,'2026-01-05 21:56:18','2026-01-05 21:56:18',1);
INSERT INTO sermons VALUES(15,'The Power of Faith - Part 5','Id error eum est autem delectus. Aliquam mollitia beatae inventore quo. Laudantium ea quas aperiam labore ut.','2025-08-30 00:00:00','https://via.placeholder.com/320x180.png/0088ee?text=et',3,'2026-01-05 21:56:18','2026-01-05 21:56:18',1);
INSERT INTO sermons VALUES(16,'Walking in Purpose - Part 1','Rerum sed praesentium omnis perferendis quo voluptas in. Consequatur provident quia architecto doloremque voluptatem ut aut.','2025-08-18 00:00:00','https://via.placeholder.com/320x180.png/001144?text=dicta',4,'2026-01-05 21:56:19','2026-01-05 21:56:19',1);
INSERT INTO sermons VALUES(17,'Walking in Purpose - Part 2','Voluptatibus qui voluptatem rem eaque necessitatibus ullam aliquid. Aut optio rerum nihil veritatis modi. Saepe aut sed quia ut.','2025-11-10 00:00:00','https://via.placeholder.com/320x180.png/00ffdd?text=totam',4,'2026-01-05 21:56:19','2026-01-05 21:56:19',1);
INSERT INTO sermons VALUES(18,'Walking in Purpose - Part 3','Perferendis est doloribus assumenda amet dolorem rerum. Sit laudantium repellat incidunt dolores libero et amet.','2025-09-24 00:00:00','https://via.placeholder.com/320x180.png/001177?text=cum',4,'2026-01-05 21:56:19','2026-01-05 21:56:19',1);
INSERT INTO sermons VALUES(19,'Walking in Purpose - Part 4','Consequatur molestiae officia ad assumenda. Quas consequuntur corporis rerum sit.','2025-11-04 00:00:00','https://via.placeholder.com/320x180.png/00ee66?text=aspernatur',4,'2026-01-05 21:56:19','2026-01-05 21:56:19',1);
INSERT INTO sermons VALUES(20,'Walking in Purpose - Part 5','Voluptatem aperiam neque ratione et fugit fugiat. A vel modi sed nobis saepe aperiam mollitia. Nemo ea quae dolores impedit.','2025-12-28 00:00:00','https://via.placeholder.com/320x180.png/008800?text=temporibus',4,'2026-01-05 21:56:19','2026-01-05 21:56:19',1);
INSERT INTO sermons VALUES(21,'Victory in Christ - Part 1','Praesentium sed est similique aspernatur. Quaerat labore inventore a. Quasi dolorem et sint praesentium necessitatibus minus.','2025-12-30 00:00:00','https://via.placeholder.com/320x180.png/001177?text=velit',5,'2026-01-05 21:56:19','2026-01-05 21:56:19',1);
INSERT INTO sermons VALUES(22,'Victory in Christ - Part 2','Omnis amet et ut animi vel. Voluptatum architecto cumque et id. Quis maiores architecto accusamus ea illum.','2025-07-14 00:00:00','https://via.placeholder.com/320x180.png/004422?text=nihil',5,'2026-01-05 21:56:19','2026-01-05 21:56:19',1);
INSERT INTO sermons VALUES(23,'Victory in Christ - Part 3','Dolore molestiae ut eos. Quasi natus qui doloribus asperiores ea dolor hic magni.','2025-07-14 00:00:00','https://via.placeholder.com/320x180.png/00bb99?text=impedit',5,'2026-01-05 21:56:19','2026-01-05 21:56:19',1);
INSERT INTO sermons VALUES(24,'Victory in Christ - Part 4','Fugit non aperiam et odio veniam ex accusamus. Amet suscipit commodi nihil rerum.','2025-08-13 00:00:00','https://via.placeholder.com/320x180.png/00eebb?text=quasi',5,'2026-01-05 21:56:20','2026-01-05 21:56:20',1);
INSERT INTO sermons VALUES(25,'Victory in Christ - Part 5','Autem quisquam officia in soluta dicta necessitatibus ea nulla. Vero voluptatem reprehenderit sed dolor.','2025-07-08 00:00:00','https://via.placeholder.com/320x180.png/008833?text=in',5,'2026-01-05 21:56:20','2026-01-05 21:56:20',1);
CREATE TABLE IF NOT EXISTS "service_times" ("id" integer primary key autoincrement not null, "day" varchar not null, "name" varchar not null, "time" varchar not null, "description" text, "order" integer not null default '0', "active" tinyint(1) not null default '1', "created_at" datetime, "updated_at" datetime);
INSERT INTO service_times VALUES(1,'Sunday','Early Service','07:00',NULL,1,1,'2026-01-05 12:23:44','2026-01-05 12:23:44');
INSERT INTO service_times VALUES(2,'Sunday','Family Service','08:30',NULL,2,1,'2026-01-05 12:23:45','2026-01-05 12:23:45');
INSERT INTO service_times VALUES(3,'Thursday','Power Encounter','17:30',NULL,1,1,'2026-01-05 12:23:45','2026-01-05 12:23:45');
INSERT INTO service_times VALUES(4,'Sunday','Morning Service','09:00',NULL,0,1,'2026-01-05 21:57:06','2026-01-05 21:57:06');
INSERT INTO service_times VALUES(5,'Sunday','Evening Service','17:00',NULL,0,1,'2026-01-05 21:57:06','2026-01-05 21:57:06');
INSERT INTO service_times VALUES(6,'Wednesday','Midweek Service','18:30',NULL,0,1,'2026-01-05 21:57:07','2026-01-05 21:57:07');
INSERT INTO service_times VALUES(7,'Friday','Night Vigil','19:00',NULL,0,1,'2026-01-05 21:57:07','2026-01-05 21:57:07');
CREATE TABLE IF NOT EXISTS "about_pages" ("id" integer primary key autoincrement not null, "section_key" varchar not null, "title" varchar not null, "content" text not null, "image" varchar, "is_active" tinyint(1) not null default '1', "order" integer not null default '0', "created_at" datetime, "updated_at" datetime);
INSERT INTO about_pages VALUES(1,'mission_vision','ionpokpijpo[kpoj[pkpokjp''','unioiojipojiojpokjpomljkfnkjnlkmnol','about/hOI06bia2tA3An6eWLcfUEXVVtlZcWFFBde8ia4k.jpg',1,0,'2026-01-05 14:33:49','2026-01-05 14:33:49');
INSERT INTO about_pages VALUES(2,'about_church','iojojom;lm','iopojoj[[[[[[[[[[[[[[[[[[[[iphguifijpjhiuvojk h','about/7MVjgyDt9LEexd43TP7dy1wlhOPJIhmcx1m96umY.jpg',1,1,'2026-01-05 14:51:00','2026-01-05 14:51:00');
CREATE TABLE IF NOT EXISTS "event_registrations" ("id" integer primary key autoincrement not null, "event_id" integer not null, "name" varchar not null, "email" varchar not null, "phone" varchar, "additional_info" text, "registered_at" datetime not null, "created_at" datetime, "updated_at" datetime, foreign key("event_id") references "events"("id") on delete cascade);
CREATE TABLE IF NOT EXISTS "auth_page_settings" ("id" integer primary key autoincrement not null, "login_image" varchar, "register_image" varchar, "created_at" datetime, "updated_at" datetime);
INSERT INTO auth_page_settings VALUES(1,NULL,NULL,'2026-01-06 20:26:34','2026-01-06 20:26:34');
CREATE TABLE IF NOT EXISTS "pickup_locations" ("id" integer primary key autoincrement not null, "name" varchar not null, "description" text, "contact_person" varchar, "contact_phone" varchar, "pickup_time" time not null, "chapter_id" integer not null, "is_active" tinyint(1) not null default '1', "created_at" datetime, "updated_at" datetime, "address" varchar, "latitude" numeric, "longitude" numeric, foreign key("chapter_id") references "chapters"("id") on delete cascade);
INSERT INTO pickup_locations VALUES(1,'Test Location',NULL,NULL,NULL,'08:00',1,1,'2026-01-07 14:17:06','2026-01-07 14:17:06',NULL,NULL,NULL);
INSERT INTO pickup_locations VALUES(2,'mount zion',NULL,'999999','99999999','14:08',1,1,'2026-02-14 12:10:38','2026-02-14 12:10:38','Calabar Road, Calabar, Calabar Municipal, Cross River State, 540221, Nigeria',4.9654505999999996,8.32629490000000061);
CREATE TABLE IF NOT EXISTS "academy_batches" ("id" integer primary key autoincrement not null, "name" varchar not null, "start_date" date not null, "academy_id" integer not null, "max_students" integer, "created_at" datetime, "updated_at" datetime, "status" varchar check ("status" in ('open', 'closed')) not null default 'open', foreign key("academy_id") references "believers_academies"("id") on delete cascade);
INSERT INTO academy_batches VALUES(1,'batch a','2026-05-05',1,'','2026-01-11 06:17:52','2026-01-11 06:18:27','closed');
CREATE TABLE IF NOT EXISTS "student_classes" ("id" integer primary key autoincrement not null, "user_id" integer not null, "class_completed" text not null, "status" varchar not null default ('started'), "cert" varchar, "created_at" datetime, "updated_at" datetime, "how_did_you_know_about_us" varchar not null, "interest" text, "phone" varchar not null, "academy_id" integer, "certificate_path" varchar, "certificate_requested_at" datetime, "certificate_approved_at" datetime, "certificate_status" varchar not null default ('pending'), "attendance_record" text, "performance_score" numeric not null default ('0'), "notes" text, "last_activity" datetime, "batch_id" integer, foreign key("user_id") references users("id") on delete cascade on update no action, foreign key("academy_id") references believers_academies("id") on delete set null on update no action, foreign key("batch_id") references "academy_batches"("id") on delete set null);
INSERT INTO student_classes VALUES(1,462,'[]','started',NULL,'2026-01-11 04:58:45','2026-01-11 04:58:45','Social_media','','0868960933',1,NULL,NULL,NULL,'pending',NULL,0,NULL,NULL,NULL);
CREATE TABLE IF NOT EXISTS "batch_classes" ("id" integer primary key autoincrement not null, "batch_id" integer not null, "class_id" integer not null, "created_at" datetime, "updated_at" datetime, foreign key("batch_id") references "academy_batches"("id") on delete cascade, foreign key("class_id") references "academy_clases"("id") on delete cascade);
CREATE TABLE IF NOT EXISTS "landing_page_settings" ("id" integer primary key autoincrement not null, "created_at" datetime, "updated_at" datetime, "show_announcements" tinyint(1) not null default ('1'), "show_services" tinyint(1) not null default ('1'), "show_sermons" tinyint(1) not null default ('1'), "max_announcements" integer not null default ('5'), "max_services" integer not null default ('5'), "max_sermons" integer not null default ('3'), "show_testimonies" tinyint(1) not null default ('1'), "max_testimonies" integer not null default ('5'), "hero_image" varchar, "hero_video" varchar, "hero_media_type" varchar not null default ('image'), "selected_chapter_id" integer, "login_image" varchar, "register_image" varchar, "carousel" text, "services" text, "number_of_testimonies" integer not null default ('5'), "hero_section" text, "chapter_id" integer, foreign key("selected_chapter_id") references chapters("id") on delete set null on update no action, foreign key("chapter_id") references "chapters"("id") on delete set null);
INSERT INTO landing_page_settings VALUES(1,'2025-12-06 20:41:51','2026-02-10 09:12:55',1,1,1,5,5,3,1,5,NULL,NULL,'image',NULL,NULL,NULL,'[]','[{"name":"","description":"","image":null,"start_time":"09:00","end_time":"10:00"}]',5,'[]',NULL);
INSERT INTO landing_page_settings VALUES(2,'2026-01-05 21:43:09','2026-01-05 21:43:09',1,1,1,5,5,3,1,5,NULL,NULL,'image',NULL,NULL,NULL,NULL,NULL,5,NULL,NULL);
INSERT INTO landing_page_settings VALUES(3,'2026-01-05 21:53:44','2026-01-05 21:53:44',1,1,1,5,5,3,1,5,NULL,NULL,'image',NULL,NULL,NULL,NULL,NULL,5,NULL,NULL);
INSERT INTO landing_page_settings VALUES(4,'2026-01-05 21:54:23','2026-01-05 21:54:23',1,1,1,5,5,3,1,5,NULL,NULL,'image',NULL,NULL,NULL,NULL,NULL,5,NULL,NULL);
INSERT INTO landing_page_settings VALUES(5,'2026-01-05 22:24:53','2026-01-05 22:24:53',1,1,1,5,5,3,1,5,NULL,NULL,'image',NULL,NULL,NULL,NULL,NULL,5,NULL,NULL);
CREATE TABLE IF NOT EXISTS "partnership_intents" ("id" integer primary key autoincrement not null, "chapter_id" integer not null, "user_id" integer, "partnership_category_id" integer, "account_id" integer, "event_id" integer, "intent_type" varchar check ("intent_type" in ('general', 'event', 'project')) not null default 'general', "title" varchar not null, "pledge_amount" numeric, "pledge_currency" varchar not null default 'NGN', "pledge_frequency" varchar check ("pledge_frequency" in ('one_time', 'weekly', 'monthly', 'quarterly', 'yearly', 'custom')) not null default 'one_time', "status" varchar check ("status" in ('draft', 'pending', 'reviewing', 'approved', 'declined', 'withdrawn')) not null default 'pending', "notes" text, "admin_notes" text, "pledged_at" datetime, "withdrawn_at" datetime, "created_at" datetime, "updated_at" datetime, "deleted_at" datetime, foreign key("chapter_id") references "chapters"("id") on delete cascade, foreign key("user_id") references "users"("id") on delete set null, foreign key("partnership_category_id") references "partnership_categories"("id") on delete set null, foreign key("account_id") references "accounts"("id") on delete set null, foreign key("event_id") references "events"("id") on delete set null);
CREATE TABLE IF NOT EXISTS "partnership_categories" ("id" integer primary key autoincrement not null, "chapter_id" integer, "name" varchar not null, "slug" varchar not null, "description" text, "is_active" tinyint(1) not null default ('1'), "created_at" datetime, "updated_at" datetime, "account_id" integer, foreign key("chapter_id") references chapters("id") on delete set null on update no action, foreign key("account_id") references "accounts"("id") on delete set null);
INSERT INTO partnership_categories VALUES(1,1,'Project new Location','project-new-location',NULL,1,'2026-02-14 14:03:02','2026-02-14 14:21:47',1);
CREATE TABLE IF NOT EXISTS "attendance_events" ("id" integer primary key autoincrement not null, "chapter_id" integer not null, "name" varchar not null, "source_type" varchar not null default 'custom', "event_id" integer, "service_id" integer, "location" varchar, "is_active" tinyint(1) not null default '1', "created_by" integer, "created_at" datetime, "updated_at" datetime, foreign key("chapter_id") references "chapters"("id") on delete cascade, foreign key("event_id") references "events"("id") on delete set null, foreign key("service_id") references "services"("id") on delete set null, foreign key("created_by") references "users"("id") on delete set null);
CREATE TABLE IF NOT EXISTS "attendance_sessions" ("id" integer primary key autoincrement not null, "attendance_event_id" integer not null, "date" date not null, "status" varchar not null default 'open', "location" varchar, "notes" text, "opened_by" integer, "closed_at" datetime, "created_at" datetime, "updated_at" datetime, foreign key("attendance_event_id") references "attendance_events"("id") on delete cascade, foreign key("opened_by") references "users"("id") on delete set null);
CREATE TABLE IF NOT EXISTS "attendance_checkins" ("id" integer primary key autoincrement not null, "attendance_session_id" integer not null, "user_id" integer, "guest_name" varchar, "guest_email" varchar, "guest_phone" varchar, "source" varchar not null default 'self', "checked_in_at" datetime not null, "notes" text, "created_at" datetime, "updated_at" datetime, foreign key("attendance_session_id") references "attendance_sessions"("id") on delete cascade, foreign key("user_id") references "users"("id") on delete set null);
DELETE FROM sqlite_sequence;
INSERT INTO sqlite_sequence VALUES('migrations',96);
INSERT INTO sqlite_sequence VALUES('event_teams',0);
INSERT INTO sqlite_sequence VALUES('roles',6);
INSERT INTO sqlite_sequence VALUES('users',710);
INSERT INTO sqlite_sequence VALUES('teams',30);
INSERT INTO sqlite_sequence VALUES('team_user',822);
INSERT INTO sqlite_sequence VALUES('units',475);
INSERT INTO sqlite_sequence VALUES('reports',10);
INSERT INTO sqlite_sequence VALUES('believers_academy_teams',3);
INSERT INTO sqlite_sequence VALUES('cell_groups',54);
INSERT INTO sqlite_sequence VALUES('profiles',287);
INSERT INTO sqlite_sequence VALUES('chapters',3);
INSERT INTO sqlite_sequence VALUES('chapter_settings',3);
INSERT INTO sqlite_sequence VALUES('believers_academies',3);
INSERT INTO sqlite_sequence VALUES('prayer_requests',1);
INSERT INTO sqlite_sequence VALUES('sermons',25);
INSERT INTO sqlite_sequence VALUES('prayer_request_teams',1);
INSERT INTO sqlite_sequence VALUES('service_times',7);
INSERT INTO sqlite_sequence VALUES('about_pages',2);
INSERT INTO sqlite_sequence VALUES('events',1);
INSERT INTO sqlite_sequence VALUES('permissions',48);
INSERT INTO sqlite_sequence VALUES('series',5);
INSERT INTO sqlite_sequence VALUES('global_settings',1);
INSERT INTO sqlite_sequence VALUES('auth_page_settings',1);
INSERT INTO sqlite_sequence VALUES('pickup_locations',2);
INSERT INTO sqlite_sequence VALUES('academy_clases',1);
INSERT INTO sqlite_sequence VALUES('jobs',1);
INSERT INTO sqlite_sequence VALUES('student_classes',1);
INSERT INTO sqlite_sequence VALUES('academy_batches',1);
INSERT INTO sqlite_sequence VALUES('failed_jobs',1);
INSERT INTO sqlite_sequence VALUES('appointment_teams',1);
INSERT INTO sqlite_sequence VALUES('sermon_medias',1);
INSERT INTO sqlite_sequence VALUES('landing_page_settings',5);
INSERT INTO sqlite_sequence VALUES('transports',2);
INSERT INTO sqlite_sequence VALUES('accounts',1);
INSERT INTO sqlite_sequence VALUES('partnership_categories',1);
CREATE UNIQUE INDEX "users_email_unique" on "users" ("email");
CREATE INDEX "sessions_user_id_index" on "sessions" ("user_id");
CREATE INDEX "sessions_last_activity_index" on "sessions" ("last_activity");
CREATE INDEX "jobs_queue_index" on "jobs" ("queue");
CREATE UNIQUE INDEX "failed_jobs_uuid_unique" on "failed_jobs" ("uuid");
CREATE INDEX "password_reset_requests_email_index" on "password_reset_requests" ("email");
CREATE UNIQUE INDEX "password_reset_requests_token_unique" on "password_reset_requests" ("token");
CREATE INDEX "password_reset_requests_status_index" on "password_reset_requests" ("status");
CREATE INDEX "chapter_id_index_team" on "teams" ("chapter_id");
CREATE INDEX "chapter_id_index_profile" on "profiles" ("chapter_id");
CREATE INDEX "chapter_id_index_units" on "units" ("chapter_id");
CREATE INDEX "chapter_id_index" on "team_user" ("chapter_id");
CREATE UNIQUE INDEX "permissions_name_guard_name_unique" on "permissions" ("name", "guard_name");
CREATE UNIQUE INDEX "roles_name_guard_name_unique" on "roles" ("name", "guard_name");
CREATE INDEX "model_has_permissions_model_id_model_type_index" on "model_has_permissions" ("model_id", "model_type");
CREATE INDEX "model_has_roles_model_id_model_type_index" on "model_has_roles" ("model_id", "model_type");
CREATE INDEX "subject" on "activity_log" ("subject_type", "subject_id");
CREATE INDEX "causer" on "activity_log" ("causer_type", "causer_id");
CREATE INDEX "activity_log_log_name_index" on "activity_log" ("log_name");
CREATE INDEX "media_model_type_model_id_index" on "media" ("model_type", "model_id");
CREATE UNIQUE INDEX "media_uuid_unique" on "media" ("uuid");
CREATE INDEX "media_order_column_index" on "media" ("order_column");
CREATE UNIQUE INDEX "chapter_settings_chapter_id_unique" on "chapter_settings" ("chapter_id");
CREATE INDEX "church_reports_report_date_index" on "church_reports" ("report_date");
CREATE INDEX "church_reports_event_type_index" on "church_reports" ("event_type");
CREATE INDEX "church_reports_level_index" on "church_reports" ("level");
CREATE INDEX "finances_date_team_id_index" on "finances" ("date", "team_id");
CREATE INDEX "attendance_date_team_id_index" on "attendance" ("date", "team_id");
CREATE INDEX "minutes_meeting_date_team_id_index" on "minutes" ("meeting_date", "team_id");
CREATE INDEX "appointment_reports_date_team_id_chapter_id_index" on "appointment_reports" ("date", "team_id", "chapter_id");
CREATE INDEX "finance_reports_date_team_id_chapter_id_index" on "finance_reports" ("date", "team_id", "chapter_id");
CREATE INDEX "attendance_reports_date_team_id_chapter_id_index" on "attendance_reports" ("date", "team_id", "chapter_id");
CREATE INDEX "reports_report_date_index" on "reports" ("report_date");
CREATE INDEX "reports_event_type_index" on "reports" ("event_type");
CREATE INDEX "reports_level_index" on "reports" ("level");
CREATE INDEX "appointments_team_id_index" on "appointments" ("team_id");
CREATE INDEX "partnerships_status_created_at_index" on "partnerships" ("status", "created_at");
CREATE INDEX "partnerships_preferred_location_index" on "partnerships" ("preferred_location");
CREATE INDEX "partnerships_email_index" on "partnerships" ("email");
CREATE UNIQUE INDEX "events_chapter_id_slug_unique" on "events" ("chapter_id", "slug");
CREATE INDEX "events_start_at_index" on "events" ("start_at");
CREATE INDEX "events_end_at_index" on "events" ("end_at");
CREATE INDEX "events_status_index" on "events" ("status");
CREATE INDEX "event_forms_event_id_chapter_id_index" on "event_forms" ("event_id", "chapter_id");
CREATE INDEX "event_forms_status_index" on "event_forms" ("status");
CREATE INDEX "event_galleries_event_id_chapter_id_index" on "event_galleries" ("event_id", "chapter_id");
CREATE INDEX "event_galleries_order_column_index" on "event_galleries" ("order_column");
CREATE INDEX "accounts_region_currency_index" on "accounts" ("region", "currency");
CREATE INDEX "accounts_is_active_index" on "accounts" ("is_active");
CREATE INDEX "accounts_account_type_index" on "accounts" ("account_type");
CREATE UNIQUE INDEX "accounts_account_number_bank_code_unique" on "accounts" ("account_number", "bank_code");
CREATE UNIQUE INDEX "account_events_account_id_event_id_unique" on "account_events" ("account_id", "event_id");
CREATE INDEX "notifications_notifiable_type_notifiable_id_index" on "notifications" ("notifiable_type", "notifiable_id");
CREATE INDEX "sermon_medias_mediable_type_mediable_id_index" on "sermon_medias" ("mediable_type", "mediable_id");
CREATE UNIQUE INDEX "cell_attendance_cell_member_id_attendance_date_unique" on "cell_attendance" ("cell_member_id", "attendance_date");
CREATE INDEX "announcements_chapter_id_index" on "announcements" ("chapter_id");
CREATE INDEX "announcements_is_active_index" on "announcements" ("is_active");
CREATE INDEX "announcements_type_index" on "announcements" ("type");
CREATE INDEX "announcements_priority_index" on "announcements" ("priority");
CREATE UNIQUE INDEX "about_pages_section_key_unique" on "about_pages" ("section_key");
CREATE INDEX "landing_page_settings_chapter_id_index" on "landing_page_settings" ("chapter_id");
CREATE INDEX "partnership_intents_chapter_id_status_index" on "partnership_intents" ("chapter_id", "status");
CREATE INDEX "partnership_intents_chapter_id_intent_type_index" on "partnership_intents" ("chapter_id", "intent_type");
CREATE INDEX "partnership_intents_event_id_status_index" on "partnership_intents" ("event_id", "status");
CREATE INDEX "partnership_categories_chapter_id_is_active_index" on "partnership_categories" ("chapter_id", "is_active");
CREATE UNIQUE INDEX "partnership_categories_chapter_id_slug_unique" on "partnership_categories" ("chapter_id", "slug");
CREATE UNIQUE INDEX "attendance_sessions_attendance_event_id_date_unique" on "attendance_sessions" ("attendance_event_id", "date");
CREATE INDEX "attendance_sessions_date_status_index" on "attendance_sessions" ("date", "status");
CREATE INDEX "attendance_checkins_attendance_session_id_user_id_index" on "attendance_checkins" ("attendance_session_id", "user_id");
CREATE INDEX "reports_status_index" on "reports" ("status");
COMMIT;
